108
540
756
1188
1404
1836
2052
2484
3132
3348
3780
3996
4428
4644
5076
5724
5940
6372
6588
7020
7236
7668
7884
8316
8532
8964
9180
9612
9828
10260
10476
10908
11124
11556
11772
12204
12420
12852
13716
14148
14364
14796
15012
15444
15660
16092
16308
16740
16956
17388
17604
18036
18684
19332
19548
19980
20196
20628
20844
21276
21492
21924
22140
22572
22788
23220
23436
23868
24084
24516
24732
25164
25380
25812
26028
26676
27108
27324
27756
27972
28404
28620
29052
29268
29916
30348
30564
30996
31644
31860
32292
32508
32940
33156
33588
33804
34236
34452
34884
35532
35748
36180
36396
36828
37476
37692
38124
38340
38772
39420
39636
40068
40284
40716
40932
41364
41580
42012
42228
42660
42876
43308
43524
43956
44172
44604
44820
45252
45468
46116
46548
46764
47196
47412
47844
48060
48492
48708
49140
49356
49788
50004
50436
50652
51084
51732
51948
52380
52596
53028
53244
53676
53892
54324
54540
54972
55188
55620
55836
56268
56484
56916
57564
57780
58428
58860
59076
59508
59724
60156
60372
60804
61020
61452
61668
62316
62748
62964
63396
63612
64044
64260
64692
64908
65556
65988
66204
66636
66852
67284
67932
68148
68580
69228
69444
69876
70092
70524
70740
71172
71388
71820
72036
72468
72684
73116
73332
73764
73980
74412
74628
75060
75276
75708
75924
76356
76572
77004
77220
77652
77868
78516
78948
79164
79596
79812
80244
80460
80892
81108
81540
81756
82188
82404
82836
83052
83484
84132
84348
84780
84996
85428
85644
86076
86292
86724
86940
87372
87588
88020
88236
88668
88884
89316
89532
90180
90612
91908
92124
92556
92772
93204
93420
93852
94068
94716
95148
95364
95796
96012
96444
96660
97092
97308
97740
97956
98388
98604
99036
99252
99684
100332
100980
101196
101628
101844
102276
102492
102924
103140
103572
104220
104436
104868
105084
105516
105732
106164
106380
106812
107028
107460
107676
108108
108324
108756
108972
109404
109620
110052
110268
110916
111348
111564
111996
112212
112644
112860
113292
113508
113940
114156
114588
114804
115236
115452
115884
116532
116748
117180
117396
117828
118044
118476
118692
119124
119340
119772
119988
120420
120636
121068
121284
121932
122364
122580
123012
123228
123660
123876
124308
124524
124956
125172
125604
125820
126252
126468
127116
127548
128196
128412
128844
129060
129492
129708
130140
130356
130788
131004
131436
131652
132084
132732
132948
133380
133596
134028
134244
134676
134892
135324
135540
135972
136188
136620
136836
137268
137484
137916
138132
138564
138780
139212
139428
139860
140076
140508
140724
141156
141372
141804
142020
142452
142668
143316
143964
144396
144612
145044
145260
145692
145908
146340
146556
146988
147204
147636
148284
148932
149148
149580
149796
150228
150444
150876
151092
151524
151740
152172
152388
152820
153036
153684
154116
154332
154764
154980
155412
155628
156276
156708
156924
157356
157572
158004
158220
158652
158868
159516
159948
160164
160596
160812
161244
161460
161892
162108
162540
162756
163188
163404
163836
164484
165132
165348
165780
165996
166428
166644
167076
167292
167724
167940
168372
168588
169020
169236
169668
170316
170532
170964
171180
171612
171828
172260
172476
172908
173124
173556
173772
174204
174420
174852
175068
175716
176148
176364
176796
177012
177444
177660
178092
178308
178740
178956
179388
179604
180036
180252
180684
181332
181980
182196
182628
182844
183276
183492
183924
184140
184572
184788
185436
185868
186084
186516
186732
187164
187380
187812
188028
188460
188676
189108
189324
189756
189972
190404
190620
191052
191268
191916
192348
192564
192996
193212
193644
193860
194292
194508
195156
195588
196236
196452
196884
197532
197748
198180
198396
198828
199044
199476
200124
200340
200988
201420
201636
202068
202284
202716
202932
203364
203580
204012
204228
204660
204876
205308
205524
205956
206172
206604
206820
207252
207468
208116
208548
208764
209196
209412
209844
210060
210492
210708
211140
211356
211788
212004
212436
212652
213084
213732
213948
214380
214596
215028
215244
215676
215892
216324
216540
217188
217620
217836
218268
218916
219132
219564
219780
220212
220428
220860
221076
221508
221724
222372
222804
223020
223452
223668
224316
224748
224964
225396
225612
226044
226260
226692
226908
227340
227988
228204
228636
228852
229284
229932
230148
230580
230796
231228
231444
231876
232092
232524
232740
233172
233388
233820
234036
234468
234684
235116
235332
235764
235980
236412
236628
237060
237708
237924
238356
239004
239220
239652
239868
240516
240948
241164
241596
241812
242244
242460
242892
243108
243540
243756
244188
244404
244836
245052
245484
246132
246348
246780
246996
247428
247644
248076
248940
249372
249588
250020
250236
250668
250884
251316
251532
251964
252180
252612
252828
253260
253476
253908
254124
254556
254772
255204
255420
255852
256068
256716
257148
257364
257796
258012
258444
258660
259092
259740
259956
260388
260604
261036
261252
261684
262332
262548
262980
263196
263628
263844
264276
264492
264924
265140
265572
265788
266220
266436
266868
267084
267516
267732
268164
268380
268812
269028
269460
269676
270108
270324
270756
270972
271404
271620
272052
272268
273348
273564
273996
274212
274644
274860
275292
275508
275940
276156
276588
276804
277236
277452
277884
278532
278748
279180
279396
279828
280044
280692
281124
281340
281772
281988
282420
282636
283068
283284
283716
283932
284364
284580
285012
285228
285876
286308
286524
286956
287172
287604
287820
288252
288468
289116
289548
289764
290196
290412
290844
291492
291708
292140
292356
292788
293004
293436
293652
294084
294732
294948
295380
295596
296028
296244
296676
296892
297324
297540
297972
298188
298620
298836
299268
299484
299916
300132
300780
301212
301428
301860
302076
302508
302724
303156
303804
304020
304452
304668
305316
305748
305964
306396
306612
307044
307260
307692
307908
308340
308556
308988
309204
309636
309852
310932
311148
311580
311796
312444
312876
313092
313524
313740
314172
314388
314820
315036
315468
315684
316116
316332
316764
316980
317412
317628
318060
318276
318708
318924
319356
319572
320004
320220
320652
320868
321516
321948
322164
322596
323244
323460
323892
324108
324540
324756
325188
325404
325836
326052
326484
327132
327348
327780
327996
328428
328644
329076
329292
329724
329940
330372
330588
331020
331236
331668
331884
332316
332532
332964
333180
333612
333828
334260
334476
334908
335124
335556
335772
336204
336420
336852
337068
337716
338148
338364
338796
339012
339444
339660
340092
340308
340740
340956
341388
341604
342036
342252
342684
343548
344196
344628
344844
345276
345492
345924
346140
346572
347220
347436
347868
348084
348516
348732
349164
349380
349812
350028
350460
350676
351108
351324
351756
351972
352404
352620
353052
353268
353916
354348
354996
355212
355644
355860
356292
356508
356940
357156
357588
357804
358236
358452
358884
359532
359748
360180
360396
360828
361044
361476
361692
362124
362340
362772
362988
363420
363636
364068
364284
364716
364932
365364
365580
366012
366228
366660
366876
367308
367524
367956
368172
368604
368820
369252
369468
370116
370548
370764
371196
371412
371844
372060
372492
372708
373140
373356
373788
374004
374436
374652
375084
376380
376596
377028
377244
377676
377892
378324
378540
379188
379620
379836
380268
380484
380916
381132
381564
381780
382212
382428
382860
383076
383508
383724
384156
384372
384804
385020
385452
385668
386748
386964
387396
387612
388044
388260
388692
388908
389340
389556
389988
390204
390636
390852
391284
391932
392148
392580
392796
393228
393444
393876
394092
394524
394740
395172
395388
395820
396036
396468
396684
397116
397332
397764
397980
398412
398628
399060
399276
399708
400356
400572
401004
401220
401652
402516
402948
403164
403596
403812
404244
404460
404892
405540
406188
406404
406836
407052
408132
408348
408780
408996
409428
409644
410076
410292
410724
410940
411372
411588
412020
412236
412668
412884
413316
413532
413964
414180
414612
414828
415260
415476
415908
416124
416556
416772
417204
417420
417852
418716
419148
419364
420012
420444
420660
421092
421308
421740
421956
422388
422604
423036
423252
423684
424332
424548
424980
425196
425628
425844
426276
426492
426924
427140
427572
427788
428220
428436
429084
429516
429732
430164
430380
430812
431028
431460
431676
432108
432324
432756
432972
433404
433620
434052
434268
434916
435348
435564
435996
436212
436644
436860
437292
437508
437940
438156
438588
438804
439452
439884
440532
440748
441180
441396
441828
442044
442476
442692
443124
443340
443772
443988
444420
444636
445068
445284
445716
445932
446364
446580
447012
447228
447660
447876
448308
448524
448956
449172
449604
450252
450468
451116
451548
451764
452196
452412
452844
453060
453492
453708
454356
454788
455004
455436
455652
456084
456732
456948
457596
458028
458244
458676
458892
459324
459540
459972
460188
460620
460836
461268
461484
461916
462132
462564
462780
463212
463428
463860
464076
464508
464724
465156
465372
465804
466020
466452
466668
467316
467748
467964
468396
468612
469044
469260
469692
469908
470340
470556
471204
471636
471852
472284
472932
473148
473580
473796
474228
474444
474876
475092
475524
475740
476172
476388
476820
477036
477468
477684
478116
478332
478764
478980
479412
479628
480060
480276
480708
480924
481356
482004
482220
482652
482868
483948
484164
484596
485244
485460
485892
486108
486540
486756
487188
487404
487836
488052
488484
489132
489348
489780
489996
490428
490644
491076
491292
491724
491940
492372
492588
493020
493236
493668
493884
494316
494532
494964
495180
495612
495828
496260
496476
496908
497124
497556
497772
498204
498420
498852
499068
499716
500148
500364
500796
501012
501444
501660
502092
502308
502956
503388
503604
504036
504252
504684
505332
505548
505980
506196
506628
507276
507492
507924
508140
508572
508788
509220
509436
509868
510084
510516
510732
511164
511380
511812
512028
512460
512676
513108
513756
513972
514404
514620
515052
515268
515916
516348
516564
516996
517212
517644
517860
518292
518508
519156
519588
519804
520236
520452
520884
521532
521748
522180
522396
522828
523044
523476
523692
524124
524340
524772
524988
525420
525636
526068
526284
526716
526932
527364
527580
528012
528228
528660
528876
529524
529956
530172
530820
531252
531468
532116
532548
532764
533196
533412
533844
534060
534708
535140
535356
536004
536436
536652
537084
537732
537948
538380
538596
539028
539244
539676
539892
540324
540540
540972
541188
541620
541836
542268
542484
542916
543132
543564
543780
544212
544860
545508
545724
546156
546372
546804
547020
547452
547668
548316
548748
548964
549396
549612
550044
550260
550692
550908
551340
551556
551988
552204
552636
552852
553284
553932
554148
554580
554796
555228
555444
555876
556092
556524
556740
557172
557388
557820
558036
558468
558684
559116
559332
559764
559980
560412
560628
561060
561276
561708
562356
562572
563004
563220
563652
563868
564516
564948
565164
565596
566460
566892
567108
567540
567756
568188
568404
568836
569052
569484
570132
570348
570780
570996
571428
571644
572076
572292
572724
572940
573372
573588
574020
574236
574668
574884
575316
575964
576180
576612
577260
577476
577908
578124
578556
578772
579204
579420
579852
580068
580716
581148
581364
581796
582012
582444
582660
583092
583308
583740
583956
584388
584604
585036
585252
585684
586332
586548
586980
587196
587628
587844
588276
588492
588924
589140
589572
589788
590220
590436
590868
591084
591516
591732
592164
592380
592812
593460
593676
594108
594324
594756
594972
595404
595620
596052
596268
596916
597348
597564
598212
598644
598860
599292
599508
599940
600156
600588
600804
601236
601452
601884
602532
602748
603180
603396
603828
604044
604476
604692
605124
605340
605772
605988
606420
606636
607068
607284
607716
607932
608364
609012
609228
609660
609876
610308
610524
610956
611172
611604
611820
612252
612468
613116
613548
613764
614412
614844
615060
615492
615708
616140
616356
616788
617004
617436
617652
618084
618732
618948
619380
619596
620028
620244
620676
620892
621324
621540
621972
622188
622620
622836
623268
623484
623916
624132
624564
624780
625212
625428
625860
626076
626508
626724
627156
627372
627804
628020
628668
629316
629964
630396
630612
631044
631260
631692
631908
632340
632556
632988
633204
633636
633852
634284
634932
635148
635580
636228
636444
636876
637092
637524
637740
638172
638388
639036
639468
639684
640116
640764
640980
641412
641628
642060
642276
642708
642924
643356
643572
644004
644220
644652
644868
645516
645948
646164
646596
646812
647244
647460
647892
648108
648540
648756
649188
649404
649836
650052
650484
651132
651348
651780
651996
652428
652644
653076
653292
653724
653940
654372
654588
655020
655236
655668
655884
656316
656532
656964
657180
657612
657828
658260
658476
658908
659124
659556
659772
660204
660420
660852
661068
661716
662148
662364
663012
663444
663660
664092
664308
664740
664956
665388
665604
666036
666252
666684
667332
667548
667980
668196
668628
668844
669276
669492
669924
670140
670572
670788
671220
671436
671868
672516
672732
673164
673380
673812
674460
674676
675108
675756
675972
676404
676620
677052
677268
677916
678348
678564
678996
679212
679644
679860
680292
680508
680940
681156
681588
681804
682236
682452
682884
683532
683748
684180
684396
684828
685044
685476
685692
686124
686340
686772
686988
687420
687636
688068
688284
688716
688932
689364
689580
690012
690228
690660
690876
691308
691524
691956
692172
692820
693468
694116
694548
694764
695196
695412
695844
696060
696492
696708
697140
697356
697788
698004
698436
698652
699084
699732
699948
700380
700596
701028
701244
701676
701892
702324
702540
702972
703188
703620
704268
704484
704916
705132
705564
705780
706212
706428
706860
707076
707508
707724
708156
708372
708804
709020
709452
709668
710316
710748
710964
711396
711612
712044
712260
712692
712908
713340
713556
713988
714204
714636
714852
715284
715932
716148
716580
716796
717228
717444
718092
718524
719172
719388
719820
720036
720468
720684
721116
721332
721764
721980
722412
722628
723060
723276
723708
723924
724356
724572
725220
725652
725868
726948
727164
727596
727812
728244
728460
728892
729108
729540
729756
730188
730404
730836
731052
731484
732132
732348
732780
732996
733428
733644
734076
734292
734724
734940
735372
736020
736236
736668
736884
737316
737532
737964
738180
738612
738828
739476
739908
740124
740556
741204
741420
741852
742068
743148
743364
743796
744444
744660
745092
745308
745740
745956
746388
746604
747036
747252
747684
748548
748980
749196
749628
749844
750276
750492
750924
751140
751572
751788
752220
752436
752868
753084
753516
753732
754164
754380
754812
755028
755460
755676
756108
756324
756972
757404
757620
758052
758268
758916
759348
759564
759996
760212
760644
760860
761292
761508
761940
762156
762588
762804
763236
763452
763884
764532
764748
765180
765396
765828
766044
766476
766692
767124
767772
767988
768420
768636
769068
769284
769716
769932
770364
770580
771228
771660
771876
772308
772524
772956
773172
773604
773820
774252
774468
775116
775548
775764
776196
776412
776844
777060
777492
777708
778140
778356
778788
779004
779436
779652
780084
780732
780948
781380
781596
782028
782244
782676
782892
783324
783540
783972
784188
784620
785268
785484
785916
786132
786564
786780
787212
787428
787860
788076
788724
789156
789372
789804
790020
790452
790668
791316
791748
791964
792396
792612
793044
793260
793692
793908
794340
794556
794988
795204
795636
795852
796284
796932
797580
797796
798228
798444
798876
799524
799740
800172
800388
800820
801036
801468
801684
802116
802332
802764
802980
803412
803628
804060
804276
804708
804924
805356
805572
806004
806220
806652
806868
807516
807948
808164
808596
808812
809244
809460
809892
810108
810540
810756
811188
811404
811836
812052
812484
813132
813348
813780
813996
814428
814644
815076
815292
815724
815940
816372
816588
817020
817236
817668
817884
818316
818532
818964
819180
819612
819828
820476
820908
821124
821556
821772
822204
822420
822852
823068
823716
824148
824364
824796
825012
825444
825660
826092
826308
826740
826956
827388
827604
828036
828252
828684
829332
829548
829980
830196
830628
831276
831492
831924
832140
832572
832788
833220
833436
833868
834084
834516
834732
835164
835380
835812
836028
836460
836676
837108
837324
837756
837972
838404
838620
839052
839268
839916
840348
840564
840996
841212
841644
841860
842292
842508
842940
843156
843588
843804
844236
844452
844884
845532
845748
846180
846396
846828
847044
847476
847692
848124
848340
848772
848988
849636
850068
850284
850716
850932
851364
851580
852228
852660
852876
853308
853524
853956
854172
854604
854820
855252
856116
856548
856764
857196
857412
858060
858492
858708
859140
859356
859788
860004
860436
860652
861084
861732
861948
862380
863028
863244
863676
863892
864324
864540
864972
865188
865620
865836
866268
866484
866916
867132
867564
867780
868212
868428
868860
869076
869508
869724
870156
870372
870804
871020
871452
871668
872316
872748
872964
873396
873612
874044
874260
874692
874908
875340
875988
876204
876636
876852
877284
877932
878148
878580
878796
879228
879444
879876
880092
880524
880740
881172
881388
881820
882036
882468
882684
883116
883332
883980
884412
884628
885060
885276
885708
885924
886356
886572
887004
887220
887652
887868
888516
888948
889164
889596
889812
890244
890460
890892
891108
891540
891756
892188
892404
892836
893052
893484
894132
894780
894996
895428
895644
896076
896292
896940
897372
897588
898020
898236
898668
898884
899316
899532
899964
900180
900612
900828
901260
901476
901908
902124
902556
902772
903204
903420
903852
904068
904716
905364
905796
906012
906444
906660
907092
907308
907956
908388
908604
909036
909252
909684
910332
910548
910980
911196
911628
911844
912276
912492
912924
913140
913572
913788
914220
914436
914868
915084
915732
916164
916380
916812
917028
917460
917676
918108
918324
918756
918972
919404
919620
920052
920268
920916
921348
921564
921996
922212
922644
922860
923292
923508
923940
924156
924588
924804
925236
925452
925884
926532
926748
927180
927396
928044
928476
928692
929124
929340
929772
929988
930420
930636
931068
931284
931716
931932
932364
932580
933012
933228
933660
933876
934308
934524
934956
935172
935604
935820
936252
936468
937116
937548
937764
938196
938412
938844
939060
939492
939708
940140
940356
940788
941004
941436
941652
942084
942732
942948
943380
943596
944028
944244
944676
944892
945324
945540
945972
946188
946620
946836
947484
947916
948132
948564
948780
949212
949428
949860
950076
950508
950724
951156
951372
951804
952020
952452
952668
953316
953748
954396
954612
955044
955260
955692
955908
956340
956556
956988
957204
957636
958284
958932
959148
959580
959796
960228
960444
960876
961092
961524
961740
962172
962388
962820
963036
963468
963684
964116
964332
964764
964980
965412
965628
966060
966276
966708
966924
968004
968220
968652
968868
969516
969948
970164
970596
970812
971460
971892
972108
972540
972756
973188
973404
973836
974052
974484
975132
975348
975780
975996
976428
976644
977076
977292
977724
977940
978372
978588
979236
979668
979884
980316
980532
980964
981180
981612
981828
982260
982476
982908
983124
983556
983772
984204
984420
984852
985068
985716
986148
986364
986796
987012
987444
987660
988092
988308
988740
988956
989388
990036
990252
990684
991332
991548
991980
992196
992628
992844
993276
993492
993924
994140
994572
994788
995220
995436
995868
996084
996516
996732
997164
997380
997812
998028
998676
999324
999756
999972
1000404
1000620
1001052
1001268
1001916
1002348
1002564
1002996
1003212
1003644
1004292
1004508
1004940
1005156
1005588
1005804
1006452
1006884
1007532
1007748
1008180
1008396
1008828
1009044
1009476
1009692
1010124
1010340
1010988
1011420
1011636
1012068
1012284
1012716
1012932
1013364
1013580
1014012
1014228
1014660
1014876
1015308
1015524
1015956
1016604
1016820
1017252
1017468
1018116
1018548
1018764
1019196
1019412
1019844
1020060
1020492
1020708
1021140
1021788
1022004
1022436
1022652
1023084
1023732
1023948
1024380
1024596
1025028
1025244
1025676
1025892
1026324
1026540
1026972
1027188
1027620
1027836
1028268
1028484
1028916
1029132
1029564
1029780
1030212
1030428
1030860
1031076
1031508
1031724
1032156
1032804
1033020
1033452
1033668
1034316
1034748
1035396
1035612
1036044
1036260
1036692
1036908
1037340
1037556
1037988
1038204
1038636
1038852
1039284
1039932
1040148
1040580
1040796
1041228
1041444
1041876
1042092
1042740
1043172
1043388
1043820
1044036
1044468
1044684
1045116
1045332
1045764
1045980
1046412
1046628
1047060
1047276
1047708
1047924
1048356
1048572
1049004
1049220
1049652
1049868
1050516
1050948
1051164
1051596
1051812
1052244
1052460
1052892
1053540
1053756
1054188
1054404
1054836
1055052
1055484
1056132
1056348
1056780
1056996
1057428
1057644
1058076
1058292
1058724
1058940
1059372
1059588
1060020
1060236
1060668
1060884
1061316
1061532
1061964
1062180
1062612
1062828
1063260
1063476
1063908
1064124
1064556
1064772
1065204
1065420
1065852
1066068
1066716
1067148
1067364
1067796
1068012
1068444
1068660
1069092
1069308
1069740
1069956
1070388
1070604
1071036
1071252
1071684
1072332
1072548
1072980
1073196
1073628
1073844
1074492
1074924
1075140
1075572
1075788
1076220
1076436
1077084
1077516
1077732
1078164
1078380
1078812
1079028
1079460
1079676
1080108
1080324
1080756
1080972
1081404
1081620
1082052
1082268
1082916
1083348
1083564
1083996
1084212
1085292
1085940
1086156
1086588
1086804
1087236
1087452
1087884
1088532
1088748
1089180
1089396
1089828
1090044
1090476
1090692
1091124
1091340
1091772
1091988
1092636
1093068
1093284
1093716
1093932
1094364
1094580
1095012
1095228
1095660
1095876
1096308
1096524
1096956
1097172
1097604
1097820
1098252
1098468
1099116
1099548
1099764
1100196
1100412
1100844
1101060
1101492
1102140
1102356
1102788
1103004
1103436
1103652
1104084
1104732
1104948
1105380
1105596
1106244
1106676
1106892
1107324
1107540
1107972
1108188
1108620
1108836
1109268
1109484
1109916
1110132
1110564
1111212
1111428
1111860
1112076
1112508
1112724
1113156
1113804
1114020
1114452
1114668
1115316
1115748
1115964
1116396
1117044
1117260
1117692
1117908
1118340
1118556
1118988
1119204
1119636
1119852
1120284
1120932
1121148
1121580
1121796
1122228
1122444
1122876
1123092
1123524
1123740
1124172
1124388
1124820
1125036
1125468
1125684
1126116
1126332
1126764
1126980
1127412
1127628
1128060
1128276
1128708
1128924
1129356
1129572
1130004
1130220
1130868
1131516
1131948
1132164
1132596
1132812
1133244
1133460
1133892
1134108
1134540
1134756
1135188
1135404
1135836
1136052
1136484
1137132
1137348
1137996
1138428
1138644
1139076
1139292
1139724
1139940
1140372
1140588
1141020
1141236
1141884
1142316
1142532
1142964
1143180
1143612
1143828
1144260
1144476
1144908
1145124
1145556
1146204
1146420
1146852
1147068
1147716
1148148
1148796
1149012
1149444
1149660
1150092
1150308
1150740
1150956
1151388
1151604
1152036
1152252
1152684
1153332
1153548
1153980
1154196
1154628
1155276
1155492
1155924
1156140
1156572
1156788
1157220
1157436
1157868
1158084
1158516
1158732
1159164
1159380
1159812
1160028
1160460
1160676
1161108
1161324
1161756
1161972
1162404
1162620
1163268
1163916
1164348
1164564
1164996
1165212
1165644
1165860
1166292
1166508
1166940
1167156
1167588
1167804
1168236
1168452
1168884
1169748
1170180
1170396
1170828
1171044
1171476
1171692
1172124
1172340
1172772
1172988
1173420
1173636
1174068
1174284
1174716
1174932
1175364
1175580
1176012
1176228
1176660
1176876
1177308
1177524
1177956
1178172
1178604
1178820
1179252
1179468
1180548
1181196
1181412
1181844
1182060
1182492
1182708
1183140
1183356
1183788
1184004
1184436
1184652
1185084
1185732
1185948
1186596
1187028
1187244
1187676
1187892
1188324
1188540
1188972
1189620
1189836
1190268
1190484
1190916
1191132
1191564
1191780
1192212
1192428
1193076
1193508
1193724
1194156
1194372
1194804
1195020
1195452
1195668
1196316
1196748
1196964
1197396
1197612
1198044
1198260
1198692
1198908
1199340
1199556
1199988
1200204
1200636
1200852
1201932
1202148
1202580
1202796
1203228
1203444
1203876
1204092
1204524
1204740
1205172
1205388
1205820
1206036
1206468
1206684
1207116
1207332
1207764
1207980
1208412
1209060
1209276
1209708
1209924
1210356
1210572
1211004
1211220
1211652
1212516
1212948
1213164
1213596
1213812
1214244
1214460
1214892
1215108
1215540
1215756
1216188
1216404
1216836
1217052
1217484
1218132
1218348
1218780
1218996
1219428
1219644
1220076
1220292
1220724
1220940
1221372
1221588
1222020
1222236
1222668
1223316
1223532
1223964
1224180
1224612
1224828
1225260
1225476
1225908
1226124
1226556
1226772
1227204
1227420
1227852
1228068
1228716
1229148
1229364
1229796
1230012
1230444
1230660
1231092
1231308
1231740
1231956
1232388
1232604
1233252
1233684
1234332
1234548
1234980
1235196
1235628
1235844
1236276
1236924
1237140
1237572
1237788
1238220
1238436
1238868
1239084
1239516
1239732
1240164
1240380
1240812
1241028
1241676
1242108
1242324
1242756
1242972
1243404
1244052
1244268
1244916
1245348
1245564
1245996
1246212
1246644
1246860
1247292
1247508
1247940
1248156
1248588
1248804
1249236
1249452
1249884
1250532
1250748
1251180
1251396
1251828
1252044
1252476
1252692
1253124
1253340
1253772
1253988
1254420
1254636
1255068
1255284
1255716
1255932
1256364
1256580
1257012
1257228
1257660
1257876
1258308
1258524
1258956
1259172
1259604
1259820
1260252
1260468
1261116
1261548
1261764
1262196
1262412
1262844
1263060
1263492
1263708
1264140
1264356
1265004
1265436
1265652
1266084
1266732
1266948
1267380
1268028
1268244
1268676
1268892
1269324
1269540
1269972
1270188
1270620
1271268
1271484
1271916
1272132
1272564
1272780
1273212
1273428
1273860
1274076
1274508
1274724
1275156
1275804
1276020
1276452
1276668
1277316
1277748
1277964
1278396
1278612
1279044
1279260
1279908
1280340
1280556
1280988
1281204
1281636
1281852
1282284
1282932
1283580
1283796
1284228
1284444
1284876
1285092
1285524
1285740
1286172
1286388
1286820
1287036
1287468
1287684
1288116
1288332
1288764
1288980
1289412
1289628
1290060
1290276
1290708
1290924
1291356
1291572
1292004
1292220
1292652
1292868
1293516
1293948
1294164
1294596
1294812
1295244
1295460
1296108
1296756
1297188
1297404
1297836
1298052
1298484
1299132
1299348
1299780
1299996
1300428
1300644
1301076
1301292
1301724
1301940
1302372
1302588
1303020
1303236
1303668
1303884
1304316
1304532
1304964
1305180
1305612
1305828
1306260
1306476
1306908
1307556
1307772
1308204
1308420
1308852
1309068
1309716
1310148
1310364
1310796
1311012
1311444
1311660
1312092
1312308
1312740
1312956
1313388
1313604
1314252
1314684
1315332
1315548
1315980
1316196
1316628
1316844
1317276
1317492
1317924
1318140
1318572
1318788
1319220
1319436
1320084
1320516
1320732
1321164
1321380
1321812
1322028
1322460
1322676
1323108
1323324
1323756
1323972
1324404
1324620
1325052
1325268
1325916
1326348
1326564
1326996
1327212
1327644
1327860
1328508
1328940
1329156
1329588
1329804
1330236
1330452
1330884
1331532
1331748
1332180
1332828
1333044
1333476
1333692
1334124
1334340
1334772
1334988
1335420
1335636
1336068
1336284
1336716
1336932
1337364
1337580
1338012
1338228
1338660
1339308
1339524
1339956
1340172
1340604
1340820
1341252
1341468
1342548
1342764
1343196
1343412
1343844
1344060
1344492
1344708
1345140
1345356
1345788
1346436
1346652
1347084
1347732
1347948
1348380
1348596
1349028
1349676
1349892
1350324
1350540
1350972
1351188
1351620
1351836
1352268
1352484
1352916
1353132
1353564
1353780
1354212
1354428
1354860
1355076
1355508
1355724
1356156
1356372
1356804
1357020
1357452
1357668
1358316
1358748
1358964
1359396
1359612
1360260
1360692
1360908
1361340
1361556
1361988
1362204
1362636
1362852
1363284
1363932
1364148
1364796
1365228
1365444
1365876
1366092
1366524
1366740
1367172
1367388
1367820
1368036
1368468
1368684
1369116
1369332
1369764
1369980
1370412
1371060
1371276
1371708
1371924
1372356
1372572
1373004
1373220
1373652
1373868
1374516
1374948
1375164
1375596
1375812
1376244
1376460
1376892
1377108
1377540
1377756
1378188
1378404
1378836
1379484
1380132
1380348
1380780
1380996
1381428
1381644
1382076
1382292
1382724
1382940
1383372
1383588
1384020
1384236
1384668
1384884
1385316
1385532
1385964
1386180
1386612
1386828
1387260
1387476
1387908
1388124
1388556
1388772
1389204
1389420
1389852
1390068
1390716
1391148
1391364
1392012
1392444
1392660
1393092
1393308
1393740
1393956
1394388
1394604
1395036
1395252
1395684
1396332
1396548
1396980
1397196
1397628
1398492
1398924
1399140
1399572
1399788
1400220
1400436
1400868
1401084
1401516
1401732
1402164
1402812
1403028
1403460
1403676
1404108
1404324
1404756
1404972
1405620
1406052
1406268
1406916
1407348
1407564
1407996
1408212
1408644
1408860
1409292
1409508
1409940
1410156
1410588
1410804
1411236
1411452
1411884
1412532
1412748
1413180
1413396
1413828
1414044
1414476
1414692
1415124
1415340
1415772
1415988
1416420
1416636
1417068
1417284
1417716
1417932
1418364
1418580
1419012
1419228
1419660
1419876
1420308
1420524
1420956
1421172
1421604
1421820
1422252
1422468
1423116
1423764
1424196
1424844
1425060
1425492
1425708
1426140
1426356
1426788
1427004
1427436
1427652
1428084
1428732
1428948
1429380
1429596
1430028
1430244
1430676
1430892
1431324
1431540
1431972
1432188
1432620
1432836
1433268
1433484
1433916
1434564
1434780
1435212
1435428
1435860
1436076
1436508
1436724
1437156
1437372
1437804
1438020
1438452
1438668
1439316
1439748
1439964
1440396
1440612
1441044
1441260
1441692
1442340
1442988
1443204
1443636
1443852
1444284
1444932
1445148
1445580
1445796
1446228
1446444
1446876
1447092
1447524
1447740
1448172
1448388
1448820
1449036
1449468
1449684
1450116
1450332
1450764
1450980
1451412
1451628
1452060
1452276
1452708
1452924
1453356
1453572
1454004
1454220
1454652
1454868
1455516
1455948
1456164
1456596
1456812
1457244
1457460
1457892
1458108
1458540
1458756
1459188
1459404
1459836
1460052
1460484
1461132
1461348
1461780
1461996
1462428
1462644
1463076
1463292
1463724
1463940
1464372
1464588
1465020
1465236
1465668
1466316
1466532
1467180
1467612
1467828
1468260
1468476
1468908
1469124
1469556
1469772
1470204
1470420
1470852
1471068
1471716
1472148
1472364
1472796
1473012
1473444
1473660
1474092
1474308
1474740
1474956
1475388
1475604
1476036
1476252
1477332
1477548
1477980
1478196
1478628
1478844
1479276
1479492
1479924
1480140
1480572
1480788
1481220
1481436
1481868
1482084
1482516
1482732
1483164
1483380
1483812
1484028
1484460
1484676
1485108
1485324
1485756
1485972
1486404
1486620
1487268
1487916
1488348
1488564
1488996
1489212
1489644
1489860
1490292
1490508
1490940
1491156
1491588
1491804
1492236
1492452
1492884
1493532
1493748
1494180
1494396
1494828
1495044
1495476
1495692
1496124
1496340
1496772
1496988
1497420
1498068
1498284
1498716
1498932
1499364
1499580
1500012
1500228
1500660
1500876
1501308
1501524
1501956
1502172
1502604
1503252
1503468
1504116
1504548
1504764
1505196
1505412
1505844
1506060
1506492
1506708
1507140
1507356
1507788
1508004
1508436
1508652
1509084
1509732
1509948
1510380
1510596
1511028
1511244
1511676
1511892
1512324
1512540
1512972
1513188
1513620
1513836
1514268
1514484
1515132
1515564
1515780
1516212
1516428
1517076
1517508
1517724
1518156
1518372
1519020
1519452
1519668
1520316
1520748
1520964
1521396
1521612
1522044
1522260
1522692
1522908
1523340
1523556
1523988
1524204
1524636
1524852
1525284
1525932
1526148
1526580
1526796
1527228
1527444
1527876
1528092
1528524
1528740
1529172
1529820
1530036
1530468
1530684
1531116
1531332
1531764
1531980
1532412
1532628
1533060
1533276
1533708
1533924
1534356
1534572
1535004
1535220
1535652
1535868
1536516
1536948
1537164
1537596
1537812
1538244
1538460
1538892
1539108
1539540
1539756
1540188
1540404
1540836
1541052
1541484
1542132
1542348
1542780
1542996
1543428
1543644
1544292
1544724
1544940
1545372
1545588
1546020
1546236
1546668
1546884
1547316
1547532
1547964
1548180
1548612
1548828
1549260
1549476
1549908
1550124
1550772
1551204
1551852
1552068
1552716
1553148
1553364
1553796
1554012
1554444
1554660
1555308
1555740
1555956
1556388
1556604
1557036
1557252
1557684
1558332
1558548
1558980
1559196
1559628
1559844
1560276
1560492
1560924
1561572
1561788
1562220
1562436
1562868
1563084
1563516
1563732
1564164
1564380
1564812
1565028
1565460
1565676
1566108
1566324
1566756
1566972
1567404
1567620
1568052
1568268
1568916
1569348
1569564
1569996
1570212
1570644
1570860
1571292
1571508
1571940
1572156
1572588
1572804
1573236
1573452
1573884
1574532
1574748
1575180
1575396
1575828
1576044
1576476
1576692
1577124
1577340
1577772
1577988
1578420
1578636
1579068
1579284
1579716
1579932
1580364
1580580
1581012
1581660
1581876
1582524
1582956
1583172
1583604
1583820
1584252
1584468
1585116
1585548
1585764
1586196
1586412
1586844
1587060
1587492
1587708
1588140
1588356
1588788
1589004
1589436
1589652
1590084
1590732
1590948
1591380
1591596
1592028
1592244
1592676
1593324
1593540
1593972
1594188
1594620
1594836
1595268
1595484
1595916
1596132
1596564
1596780
1597212
1597428
1597860
1598076
1598724
1599156
1599372
1599804
1600020
1600452
1600668
1601316
1601748
1601964
1602396
1602612
1603044
1603260
1603692
1603908
1604340
1604556
1604988
1605204
1605636
1605852
1606284
1606932
1607148
1607580
1607796
1608228
1608444
1608876
1609092
1609524
1609740
1610172
1610388
1610820
1611036
1611468
1611684
1612116
1612332
1612764
1612980
1613412
1613628
1614276
1614708
1614924
1615356
1615572
1616004
1616220
1616652
1616868
1617516
1617948
1618164
1618596
1618812
1619244
1619460
1619892
1620108
1620540
1620756
1621188
1621404
1621836
1622052
1622484
1623132
1623348
1623780
1623996
1625076
1625292
1625724
1625940
1626588
1627020
1627236
1627668
1627884
1628316
1628532
1628964
1629180
1629612
1629828
1630260
1630476
1630908
1631124
1631556
1631772
1632204
1632420
1632852
1633068
1633716
1634148
1634364
1634796
1635012
1635444
1635660
1636092
1636308
1636740
1636956
1637388
1637604
1638036
1638252
1638684
1639332
1639548
1639980
1640196
1640628
1640844
1641276
1641492
1641924
1642140
1642572
1642788
1643220
1643436
1643868
1644084
1644516
1644732
1645164
1645380
1646028
1646460
1646676
1647108
1647324
1647756
1647972
1648404
1648620
1649052
1649268
1649916
1650348
1650564
1650996
1651212
1651644
1651860
1652292
1652508
1652940
1653156
1653588
1653804
1654452
1654884
1655532
1655748
1656180
1657044
1657476
1657692
1658124
1658340
1658772
1658988
1659420
1660068
1660284
1660716
1661364
1661580
1662012
1662228
1662660
1662876
1663308
1663524
1663956
1664172
1664604
1664820
1665252
1665468
1666116
1666548
1666764
1667196
1667412
1667844
1668060
1668492
1668708
1669140
1669356
1669788
1670436
1670652
1671084
1671732
1671948
1672380
1672596
1673028
1673244
1673676
1673892
1674324
1674540
1674972
1675188
1675620
1675836
1676268
1676916
1677132
1677780
1678212
1678428
1678860
1679076
1679508
1679724
1680156
1680372
1680804
1681020
1681452
1681668
1682316
1682748
1682964
1683396
1683612
1684044
1684260
1684692
1684908
1685340
1685556
1685988
1686204
1686636
1686852
1687284
1687932
1688580
1688796
1689228
1689444
1689876
1690092
1690524
1690740
1691172
1691388
1691820
1692036
1692468
1692684
1693116
1693332
1693764
1693980
1694412
1694628
1695060
1695276
1695708
1695924
1696356
1696572
1697004
1697220
1697652
1697868
1698516
1698948
1699164
1699596
1699812
1700244
1700460
1700892
1701108
1701540
1701756
1702188
1702404
1702836
1703052
1703484
1704132
1704348
1704780
1704996
1705428
1705644
1706076
1706292
1706724
1706940
1707372
1707588
1708020
1708236
1708668
1708884
1709532
1709964
1710180
1710612
1710828
1711260
1711476
1712124
1712556
1712772
1713204
1713420
1713852
1714068
1714716
1715148
1715364
1715796
1716012
1716444
1717092
1717308
1717740
1717956
1718388
1718604
1719036
1719252
1719684
1720332
1720548
1720980
1721196
1721628
1721844
1722276
1722492
1722924
1723140
1723572
1723788
1724220
1724436
1724868
1725084
1725516
1726164
1726380
1726812
1727028
1727460
1727676
1728108
1728324
1728756
1728972
1729404
1729620
1730052
1730268
1730916
1731348
1731564
1731996
1732212
1732644
1732860
1733292
1733508
1734156
1734588
1734804
1735236
1735452
1735884
1736532
1736748
1737180
1737396
1737828
1738476
1738692
1739124
1739340
1739772
1739988
1740420
1740636
1741284
1741716
1742364
1742580
1743012
1743228
1743660
1743876
1744308
1744524
1744956
1745172
1745604
1745820
1746252
1746468
1747116
1747548
1747764
1748196
1748412
1748844
1749060
1749492
1749708
1750140
1750356
1750788
1751004
1751436
1752084
1752732
1752948
1753380
1753596
1754028
1754244
1754676
1754892
1755324
1755540
1755972
1756188
1756620
1756836
1757268
1757484
1757916
1758132
1758564
1758780
1759212
1759428
1759860
1760076
1760508
1760724
1761156
1761372
1761804
1762020
1762452
1762668
1763316
1763748
1763964
1764612
1765044
1765260
1765692
1765908
1766340
1766556
1766988
1767204
1767636
1767852
1768284
1768932
1769148
1769580
1769796
1770228
1770876
1771524
1771740
1772172
1772388
1773036
1773468
1773684
1774116
1774332
1774764
1774980
1775412
1775628
1776060
1776276
1776708
1776924
1777356
1777572
1778004
1778220
1778652
1778868
1779516
1779948
1780164
1780596
1780812
1781244
1781460
1781892
1782108
1782540
1782756
1783188
1783836
1784052
1784484
1785132
1785348
1785780
1785996
1786428
1786644
1787076
1787292
1787724
1787940
1788372
1788588
1789020
1789236
1789668
1789884
1790532
1790964
1791180
1791612
1791828
1792260
1792476
1792908
1793124
1793556
1793772
1794204
1794420
1794852
1795068
1795716
1796148
1796364
1796796
1797012
1797444
1797660
1798092
1798308
1798740
1798956
1799388
1799604
1800036
1800252
1800684
1801332
1801548
1801980
1802196
1802628
1802844
1803276
1803492
1803924
1804140
1804788
1805220
1805436
1805868
1806084
1806516
1806732
1807164
1807380
1807812
1808028
1808460
1808676
1809108
1809324
1809756
1809972
1810404
1810620
1811052
1811268
1811916
1812348
1812564
1812996
1813212
1813644
1813860
1814292
1814508
1814940
1815588
1815804
1816236
1816884
1817532
1817748
1818180
1818396
1818828
1819044
1819476
1819692
1820124
1820340
1820772
1820988
1821420
1821636
1822068
1822284
1822716
1822932
1823364
1823580
1824012
1824228
1824660
1824876
1825308
1825524
1825956
1826172
1826604
1826820
1827252
1827468
1828116
1828548
1828764
1829196
1829412
1829844
1830060
1830492
1830708
1831140
1831356
1831788
1832004
1832652
1833084
1833732
1833948
1834380
1834596
1835028
1835244
1835676
1835892
1836540
1836972
1837188
1837620
1837836
1838268
1838484
1838916
1839132
1839564
1839780
1840212
1840428
1840860
1841076
1841724
1842156
1842372
1842804
1843020
1843668
1844316
1844748
1844964
1845396
1845612
1846044
1846260
1846692
1847340
1847556
1847988
1848204
1848636
1848852
1849284
1849932
1850148
1850580
1850796
1851228
1851444
1851876
1852092
1852524
1852740
1853172
1853820
1854036
1854468
1854684
1855116
1855332
1855764
1855980
1856412
1856628
1857060
1857276
1857708
1857924
1858356
1858572
1859004
1859220
1859652
1859868
1860516
1860948
1861164
1861596
1861812
1862244
1862460
1862892
1863108
1863540
1863756
1864188
1864404
1864836
1865052
1865484
1866132
1866348
1866780
1866996
1867428
1867644
1868292
1868940
1869372
1869588
1870020
1870236
1870668
1870884
1871316
1871532
1871964
1872180
1872612
1872828
1873260
1873476
1873908
1874124
1874556
1874772
1875204
1875420
1875852
1876068
1876716
1877148
1877364
1877796
1878012
1878444
1879092
1879308
1880388
1880604
1881036
1881252
1881684
1882332
1882548
1882980
1883196
1883628
1883844
1884276
1884492
1884924
1885140
1885572
1885788
1886220
1886436
1886868
1887084
1887516
1887732
1888164
1888380
1888812
1889028
1889460
1889676
1890108
1890324
1890756
1890972
1891404
1891620
1892052
1892268
1892916
1893348
1893564
1893996
1894212
1894644
1895292
1895508
1895940
1896156
1896588
1896804
1897236
1897452
1897884
1898532
1898748
1899180
1899396
1900044
1900476
1900692
1901124
1901340
1901772
1901988
1902420
1902636
1903068
1903284
1903716
1904364
1904580
1905012
1905228
1905660
1905876
1906308
1906524
1906956
1907172
1907604
1907820
1908252
1908468
1909116
1909548
1909764
1910196
1910844
1911060
1911492
1911708
1912140
1912356
1912788
1913004
1913436
1913652
1914084
1914732
1914948
1915380
1915596
1916028
1916244
1916676
1916892
1917324
1917540
1917972
1918188
1918620
1918836
1919268
1919484
1919916
1920132
1920564
1920780
1921212
1921428
1921860
1922508
1922724
1923156
1923372
1923804
1924020
1924452
1924668
1925316
1925748
1925964
1926396
1926612
1927044
1927260
1927692
1927908
1928340
1928556
1928988
1929204
1929636
1929852
1930284
1930932
1931148
1931796
1932228
1932444
1932876
1933092
1933524
1933740
1934172
1934388
1934820
1935036
1935468
1935684
1936116
1936332
1936764
1936980
1937412
1937628
1938060
1938276
1938708
1938924
1939356
1939572
1940004
1940220
1940652
1940868
1941516
1941948
1942596
1942812
1943244
1943460
1943892
1944108
1944540
1944756
1945188
1945404
1945836
1946052
1946484
1947348
1947780
1947996
1948428
1948644
1949076
1949292
1949724
1949940
1950372
1950588
1951020
1951236
1951668
1951884
1952316
1952532
1953180
1953612
1953828
1954260
1954476
1954908
1955124
1955556
1955772
1956204
1956420
1956852
1957068
1957716
1958148
1958364
1958796
1959012
1959444
1959660
1960092
1960308
1960740
1960956
1961388
1961604
1962036
1962252
1962684
1963548
1963980
1964196
1964628
1964844
1965276
1965492
1965924
1966140
1966572
1966788
1967220
1967436
1967868
1968084
1968516
1968732
1969164
1969380
1969812
1970028
1970460
1970676
1971108
1971324
1971756
1972404
1972620
1973052
1974348
1974564
1974996
1975212
1975644
1975860
1976292
1976508
1976940
1977156
1977588
1977804
1978236
1978452
1978884
1979532
1979748
1980180
1980396
1980828
1981044
1981476
1981692
1982124
1982340
1982772
1982988
1983420
1983636
1984068
1984284
1984716
1984932
1985364
1985580
1986012
1986228
1986660
1986876
1987308
1987524
1987956
1988172
1988604
1988820
1989252
1990116
1990548
1990764
1991196
1991412
1991844
1992060
1992492
1992708
1993140
1993356
1993788
1994004
1994436
1994652
1995732
1995948
1996380
1996596
1997244
1997676
1997892
1998324
1998540
1998972
1999188
1999836
2000268
2000484
2000916
2001132
2001564
2001780
2002212
2002428
2002860
2003076
2003508
2003724
2004156
2004372
2004804
2005020
2005452
2006316
2006748
2006964
2007396
2007612
2008044
2008260
2008692
2008908
2009556
2009988
2010204
2010636
2010852
2011284
2011932
2012148
2012580
2012796
2013228
2013444
2013876
2014092
2014524
2014740
2015172
2015388
2015820
2016036
2016468
2016684
2017116
2017332
2017764
2017980
2018412
2018628
2019060
2019276
2019708
2019924
2020356
2020572
2021004
2021220
2021652
2021868
2022516
2022948
2023164
2023596
2023812
2024244
2024460
2024892
2025108
2025756
2026188
2026404
2027484
2028132
2028348
2028996
2029428
2029644
2030076
2030292
2030724
2030940
2031372
2031588
2032020
2032236
2032668
2032884
2033316
2033532
2033964
2034180
2034612
2034828
2035260
2035476
2035908
2036124
2036556
2036772
2037204
2037852
2038068
2038716
2039148
2039364
2039796
2040012
2040444
2040660
2041092
2041308
2041740
2041956
2042388
2042604
2043036
2043252
2043684
2044332
2044548
2044980
2045196
2045628
2045844
2046276
2046492
2046924
2047140
2047572
2047788
2048220
2048436
2048868
2049084
2049516
2049732
2050164
2050380
2050812
2051028
2051460
2052108
2052324
2052756
2052972
2053404
2053620
2054052
2054268
2054916
2055348
2055564
2055996
2056212
2056644
2056860
2057292
2057508
2057940
2058156
2058804
2059236
2059452
2059884
2060532
2060748
2061180
2061396
2061828
2062044
2062692
2063124
2063340
2063772
2063988
2064420
2064636
2065068
2065284
2065716
2065932
2066580
2067012
2067228
2067660
2067876
2068308
2068524
2068956
2069604
2069820
2070252
2070468
2071116
2071548
2071764
2072196
2072412
2072844
2073060
2073492
2073708
2074140
2074356
2074788
2075004
2075436
2075652
2076084
2076732
2076948
2077380
2077596
2078028
2078244
2078676
2078892
2079324
2079540
2079972
2080188
2080620
2080836
2081268
2081484
2081916
2082132
2082564
2082780
2083212
2083428
2083860
2084076
2084508
2084724
2085156
2085372
2085804
2086020
2086452
2087316
2087748
2087964
2088396
2088612
2089260
2089692
2089908
2090556
2090988
2091636
2091852
2092284
2092932
2093148
2093580
2093796
2094228
2094444
2094876
2095092
2095524
2095740
2096172
2096388
2096820
2097036
2097468
2097684
2098116
2098332
2098764
2099412
2099628
2100060
2100276
2100708
2101356
2101572
2102004
2102220
2102652
2102868
2103516
2104164
2104596
2104812
2105244
2105460
2105892
2106108
2106540
2106756
2107188
2107404
2107836
2108052
2108484
2109132
2109348
2109780
2109996
2110428
2110644
2111076
2111292
2111724
2111940
2112372
2112588
2113020
2113236
2113668
2114316
2114532
2114964
2115180
2115612
2115828
2116260
2116476
2116908
2117124
2117556
2117772
2118204
2118420
2118852
2119068
2119716
2120148
2120364
2120796
2121012
2121444
2121660
2122308
2122740
2122956
2123388
2124036
2124252
2124684
2125332
2125548
2125980
2126196
2126628
2126844
2127276
2127492
2127924
2128140
2128572
2128788
2129220
2129436
2129868
2130516
2130732
2131164
2131380
2131812
2132028
2132460
2133108
2133324
2133756
2133972
2134404
2134620
2135052
2135268
2135916
2136348
2136564
2136996
2137212
2137644
2137860
2138292
2138508
2138940
2139156
2139588
2139804
2140236
2140452
2140884
2141532
2141748
2142180
2142396
2142828
2143044
2143476
2143692
2144124
2144772
2144988
2145420
2145636
2146068
2146284
2146716
2146932
2147364
2147580
2148012
2148228
2148660
2148876
2149308
2149524
2149956
2150172
2150604
2150820
2151252
2151468
2152116
2152548
2152764
2153196
2153412
2154060
2154492
2154708
2155140
2155356
2155788
2156004
2156436
2156652
2157084
2157732
2157948
2158380
2158596
2159028
2159244
2159676
2159892
2160324
2160540
2160972
2161188
2161620
2161836
2162268
2162484
2162916
2163132
2163564
2163780
2164212
2164860
2165076
2165508
2165724
2166156
2166372
2166804
2167020
2167452
2167668
2168316
2168748
2168964
2169396
2169612
2170044
2170260
2170692
2170908
2171340
2171556
2172204
2172636
2172852
2173284
2173932
2174148
2174580
2174796
2175228
2175444
2175876
2176092
2176524
2176740
2177172
2177388
2177820
2178036
2178468
2178684
2179116
2179332
2179764
2179980
2180412
2180628
2181060
2181276
2181708
2181924
2182572
2183004
2183220
2183652
2183868
2184516
2184948
2185164
2185812
2186244
2186460
2186892
2187108
2187540
2187756
2188188
2188404
2188836
2189052
2189484
2190132
2190348
2190780
2190996
2191428
2191644
2192076
2192292
2192724
2192940
2193372
2193588
2194020
2194236
2194668
2194884
2195316
2195532
2195964
2196828
2197260
2197476
2197908
2198124
2198556
2198772
2199204
2199420
2199852
2200068
2200716
2201148
2201364
2201796
2202012
2202444
2202660
2203092
2203308
2203740
2203956
2204388
2204604
2205036
2205252
2205684
2206332
2206548
2206980
2207196
2207628
2207844
2208276
2208924
2209140
2209572
2209788
2210220
2210436
2210868
2211084
2211516
2211732
2212164
2212380
2212812
2213028
2213460
2213676
2214108
2214324
2214756
2214972
2215404
2215620
2216268
2216916
2217564
2217996
2218212
2218644
2218860
2219292
2219508
2219940
2220156
2220588
2220804
2221236
2221452
2221884
2222532
2222748
2223180
2223396
2223828
2224044
2224476
2224692
2225124
2225340
2225772
2225988
2226420
2226636
2227068
2227284
2227716
2228364
2228580
2229012
2229228
2229660
2229876
2230308
2230524
2230956
2231172
2231604
2231820
2232252
2232468
2233116
2233548
2233764
2234196
2234412
2234844
2235060
2235492
2235708
2236140
2236356
2236788
2237004
2237436
2237652
2238084
2238732
2238948
2239380
2239596
2240028
2240244
2240676
2240892
2241324
2241540
2241972
2242188
2242620
2242836
2243268
2243484
2243916
2244132
2244564
2244780
2245212
2245428
2245860
2246076
2246508
2246724
2247156
2247372
2247804
2248020
2248452
2248668
2249316
2249748
2249964
2250396
2250612
2251044
2251260
2251692
2251908
2252340
2252556
2252988
2253204
2253636
2253852
2254284
2254932
2255148
2255580
2255796
2256228
2256444
2256876
2257092
2257524
2257740
2258172
2258388
2258820
2259036
2259468
2260116
2260332
2260980
2261412
2261628
2262060
2262276
2262708
2262924
2263356
2263572
2264004
2264220
2264652
2264868
2265516
2265948
2266164
2266596
2266812
2267244
2267460
2267892
2268108
2268540
2268756
2269188
2269404
2269836
2270052
2270484
2271132
2271348
2271780
2271996
2272428
2272644
2273076
2273292
2273724
2273940
2274372
2274588
2275020
2275236
2275668
2275884
2276316
2276532
2276964
2277180
2277612
2277828
2278260
2278908
2279124
2279556
2279772
2280204
2280420
2281068
2281716
2282148
2282364
2282796
2283012
2283444
2283660
2284092
2284308
2284740
2284956
2285388
2285604
2286036
2286252
2286684
2287332
2287548
2287980
2288196
2288628
2288844
2289276
2289492
2289924
2290140
2290572
2290788
2291220
2291868
2292084
2292516
2292732
2293164
2293380
2293812
2294028
2294460
2294676
2295108
2295324
2295756
2295972
2296404
2296620
2297052
2297268
2297916
2298348
2298564
2298996
2299212
2299644
2299860
2300508
2300940
2301156
2301588
2301804
2302236
2302452
2302884
2303532
2303748
2304180
2304396
2304828
2305044
2305476
2305692
2306124
2306340
2306772
2306988
2307420
2307636
2308068
2308284
2308716
2308932
2309364
2309580
2310012
2310228
2310660
2310876
2311308
2311524
2311956
2312172
2312820
2313252
2313468
2314116
2314548
2314764
2315196
2315412
2315844
2316060
2316492
2316708
2317140
2317356
2317788
2318436
2318652
2319084
2319732
2319948
2320380
2320596
2321028
2321244
2321676
2321892
2322324
2322540
2322972
2323620
2323836
2324268
2324484
2324916
2325132
2325564
2325780
2326212
2326428
2326860
2327076
2327508
2327724
2328156
2328372
2328804
2329020
2329452
2329668
2330316
2330748
2330964
2331396
2331612
2332044
2332260
2332692
2332908
2333340
2333556
2333988
2334204
2334636
2334852
2335284
2335932
2336148
2336580
2336796
2337228
2337444
2337876
2338092
2338524
2338740
2339388
2339820
2340036
2340468
2340684
2341116
2341332
2341764
2341980
2342628
2343060
2343276
2343708
2343924
2344572
2345004
2345220
2345652
2345868
2346516
2346948
2347164
2347596
2347812
2348244
2348460
2348892
2349108
2349540
2349756
2350188
2350404
2350836
2351052
2351484
2352132
2352348
2352780
2352996
2353428
2353644
2354076
2354292
2354724
2355372
2355588
2356020
2356236
2356668
2356884
2357316
2357532
2357964
2358180
2358612
2358828
2359260
2359476
2359908
2360556
2360772
2361204
2361420
2361852
2362068
2362716
2363148
2363364
2363796
2364012
2364444
2364660
2365092
2365740
2365956
2366388
2366604
2367036
2367252
2367684
2368332
2368548
2368980
2369196
2369628
2369844
2370276
2370492
2370924
2371140
2371572
2371788
2372220
2372436
2372868
2373084
2373516
2373732
2374164
2374380
2374812
2375028
2375460
2375676
2376324
2376756
2376972
2377404
2377620
2378052
2378916
2379348
2379564
2379996
2380212
2380644
2380860
2381292
2381508
2381940
2382156
2382588
2382804
2383236
2383452
2383884
2384532
2384748
2385180
2385396
2385828
2386044
2386476
2387340
2387772
2387988
2388420
2388636
2389068
2389284
2389716
2389932
2390364
2390580
2391228
2391660
2391876
2392308
2392524
2392956
2393172
2393604
2393820
2394252
2394468
2395116
2395548
2395764
2396196
2396412
2396844
2397060
2397492
2398140
2398356
2398788
2399004
2399436
2399652
2400084
2400732
2400948
2401380
2401596
2402028
2402244
2402676
2402892
2403540
2403972
2404188
2404620
2404836
2405268
2405484
2405916
2406132
2406564
2406780
2407212
2407428
2408076
2408508
2408724
2409156
2409372
2409804
2410020
2410452
2410668
2411316
2411748
2411964
2412396
2412612
2413044
2413260
2413692
2413908
2414340
2414556
2414988
2415204
2415636
2415852
2416284
2416932
2417148
2417796
2418228
2418876
2419092
2419524
2419740
2420172
2420388
2420820
2421036
2421468
2421684
2422116
2422332
2422764
2422980
2423412
2423628
2424276
2424708
2424924
2425356
2425572
2426004
2426220
2426652
2426868
2427948
2428164
2428596
2428812
2429244
2429460
2429892
2430108
2430540
2430756
2431188
2431404
2431836
2432052
2432484
2433132
2433348
2433780
2433996
2434428
2434644
2435076
2435292
2435724
2435940
2436372
2436588
2437020
2437236
2437668
2437884
2438316
2438532
2438964
2439180
2439828
2440260
2440476
2440908
2441124
2441556
2441772
2442204
2442420
2442852
2443068
2444148
2444364
2444796
2445012
2445444
2445660
2446092
2446308
2446740
2446956
2447388
2447604
2448036
2448252
2448684
2449332
2449548
2449980
2450628
2450844
2451276
2451492
2451924
2452140
2452572
2452788
2453220
2453436
2453868
2454084
2454516
2454732
2455164
2455380
2455812
2456028
2456460
2457108
2457324
2457756
2457972
2458404
2458620
2459052
2459268
2459916
2460348
2460564
2460996
2461212
2461644
2461860
2462292
2462940
2463156
2463588
2463804
2464236
2464452
2464884
2465532
2466180
2466396
2466828
2467044
2467476
2467692
2468124
2468340
2468772
2468988
2469420
2469636
2470068
2470284
2470716
2470932
2471580
2472012
2472228
2472660
2472876
2473308
2473524
2473956
2474172
2474604
2474820
2475252
2475468
2476116
2476548
2476764
2477196
2477412
2477844
2478060
2478492
2478708
2479140
2479356
2479788
2480004
2480436
2480652
2481084
2481732
2482380
2482596
2483028
2483244
2483676
2483892
2484324
2484540
2484972
2485188
2485620
2485836
2486268
2486484
2486916
2487132
2487564
2487780
2488212
2488428
2488860
2489076
2489508
2489724
2490156
2490372
2490804
2491020
2491452
2491668
2492316
2492748
2492964
2493396
2493612
2494044
2494260
2494692
2494908
2495340
2495556
2496204
2496636
2496852
2497284
2497932
2498148
2498580
2498796
2499228
2499444
2499876
2500092
2500740
2501172
2501388
2501820
2502036
2502468
2502684
2503332
2503764
2503980
2504412
2504628
2505060
2505276
2505708
2505924
2506356
2506572
2507004
2507220
2507652
2507868
2508516
2508948
2509164
2509596
2509812
2510244
2510460
2510892
2511108
2511540
2511756
2512188
2512404
2512836
2513052
2514132
2514348
2514780
2514996
2515428
2515644
2516076
2516292
2516724
2516940
2517372
2517588
2518020
2518236
2518668
2518884
2519316
2519532
2519964
2520180
2520612
2520828
2521260
2521476
2521908
2522556
2522772
2523204
2523420
2523852
2524068
2524716
2525148
2525364
2525796
2526012
2526444
2526660
2527092
2527308
2527740
2527956
2528388
2528604
2529036
2529252
2529684
2530332
2530548
2530980
2531196
2531628
2531844
2532276
2532492
2532924
2533140
2533572
2533788
2534436
2535084
2535516
2535732
2536164
2536380
2536812
2537460
2537676
2538108
2538324
2538756
2538972
2539404
2539620
2540052
2540268
2540916
2541348
2541564
2541996
2542212
2542644
2542860
2543292
2543508
2543940
2544156
2544588
2544804
2545236
2545884
2546532
2546748
2547180
2547396
2547828
2548044
2548476
2548692
2549124
2549340
2549772
2549988
2550420
2550636
2551068
2551284
2551716
2551932
2552364
2552580
2553012
2553228
2553660
2553876
2554308
2554524
2554956
2555172
2555604
2555820
2556252
2556468
2557116
2557548
2557764
2558196
2558412
2558844
2559060
2559492
2559708
2560140
2560356
2560788
2561004
2561436
2561652
2562084
2562732
2562948
2563380
2563596
2564028
2564244
2564676
2564892
2565324
2565540
2565972
2566188
2566836
2567268
2567484
2567916
2568132
2568564
2568780
2569212
2569428
2569860
2570076
2570508
2570724
2571156
2571372
2571804
2572020
2572452
2572668
2573316
2573748
2573964
2574612
2575044
2575260
2575692
2575908
2576340
2576556
2576988
2577636
2577852
2578284
2578932
2579148
2579580
2579796
2580228
2580444
2580876
2581092
2581524
2581740
2582172
2582388
2582820
2583036
2583468
2583684
2584116
2584332
2584764
2584980
2585412
2585628
2586060
2586276
2586708
2586924
2587356
2587572
2588004
2588220
2588652
2588868
2589516
2589948
2590164
2590812
2591244
2591460
2591892
2592108
2592540
2592756
2593188
2593404
2593836
2594052
2594484
2595132
2595348
2595780
2596428
2596644
2597076
2597292
2597724
2597940
2598588
2599020
2599236
2599668
2599884
2600316
2600964
2601180
2601612
2601828
2602260
2602476
2602908
2603124
2603556
2603772
2604204
2604420
2604852
2605068
2605716
2606148
2606364
2606796
2607012
2607444
2607660
2608092
2608308
2608740
2609388
2609604
2610252
2610684
2611332
2611548
2611980
2612628
2612844
2613276
2613492
2613924
2614140
2614572
2614788
2615220
2615436
2615868
2616084
2616516
2616732
2617164
2617380
2617812
2618028
2618460
2618676
2619108
2619324
2619756
2619972
2620404
2620620
2621052
2621268
2621916
2622348
2622564
2622996
2623212
2623644
2623860
2624508
2624940
2625156
2625588
2625804
2626236
2626452
2626884
2627532
2627748
2628180
2628396
2628828
2629044
2629476
2629692
2630340
2630772
2630988
2631420
2632068
2632284
2632716
2632932
2633364
2633580
2634228
2634660
2634876
2635308
2635524
2635956
2636172
2636604
2636820
2637252
2637468
2638116
2638548
2638764
2639196
2639412
2639844
2640060
2640492
2641140
2641356
2641788
2642004
2642436
2642652
2643084
2643732
2643948
2644380
2644596
2645028
2645244
2645676
2645892
2646324
2646972
2647188
2647620
2647836
2648268
2648484
2648916
2649132
2649564
2649780
2650212
2650428
2650860
2651076
2651508
2651724
2652156
2652372
2653452
2653668
2654316
2654748
2654964
2655396
2655612
2656044
2656260
2656692
2656908
2657340
2657556
2657988
2658204
2658636
2658852
2659284
2659932
2660148
2660580
2660796
2661228
2661444
2662524
2662740
2663172
2663388
2663820
2664036
2664468
2664684
2665116
2665332
2665764
2665980
2666412
2666628
2667060
2667276
2667708
2667924
2668356
2668572
2669004
2669220
2669652
2669868
2670516
2670948
2671164
2671596
2671812
2672244
2672892
2673108
2673540
2673756
2674188
2674404
2674836
2675052
2675484
2676132
2676348
2676780
2676996
2677428
2677644
2678076
2678292
2678724
2679372
2679588
2680020
2680236
2680668
2680884
2681316
2681532
2681964
2682180
2682612
2682828
2683260
2683476
2683908
2684124
2684556
2684772
2685420
2685852
2686068
2686716
2687148
2687364
2687796
2688012
2688444
2688660
2689092
2689308
2689740
2689956
2690388
2690604
2691036
2691252
2691684
2692332
2692548
2692980
2693196
2693844
2694276
2694492
2694924
2695140
2695572
2695788
2696220
2696436
2696868
2697084
2697516
2697732
2698164
2698380
2698812
2699028
2699460
2699676
2700108
2700324
2700756
2700972
2701404
2701620
2702052
2702268
2702916
2703348
2703564
2703996
2704644
2704860
2705292
2705508
2705940
2706156
2706588
2706804
2707236
2707452
2707884
2708532
2708748
2709180
2709396
2709828
2710044
2710476
2710692
2711124
2711340
2711772
2711988
2712420
2712636
2713068
2713284
2713716
2713932
2714364
2714580
2715012
2715228
2715660
2715876
2716308
2716524
2716956
2717172
2717604
2717820
2718252
2718468
2719116
2719764
2720196
2720412
2720844
2721060
2721492
2721708
2722356
2722788
2723004
2723436
2723652
2724084
2724732
2724948
2725596
2726028
2726244
2726676
2726892
2727324
2727540
2727972
2728188
2728620
2728836
2729268
2729484
2729916
2730132
2730564
2730780
2731428
2731860
2732076
2732508
2732724
2733156
2733372
2733804
2734020
2734452
2734668
2735316
2735748
2736396
2736612
2737044
2737260
2737692
2737908
2738340
2738556
2738988
2739204
2739636
2739852
2740284
2740932
2741148
2741580
2741796
2742228
2742444
2742876
2743092
2743524
2743740
2744172
2744388
2744820
2745036
2745468
2745684
2746116
2746332
2746764
2746980
2747412
2747628
2748060
2748276
2748708
2748924
2749356
2749572
2750004
2750220
2750652
2750868
2751516
2751948
2752164
2752596
2752812
2753244
2753460
2753892
2754108
2754540
2754756
2755188
2755404
2755836
2756484
2757780
2757996
2758428
2758644
2759076
2759292
2759724
2759940
2760372
2760588
2761020
2761236
2761668
2761884
2762316
2762532
2762964
2763180
2763612
2763828
2764260
2764476
2764908
2765124
2765556
2765772
2766204
2766420
2766852
2767068
2768364
2768796
2769012
2769444
2769660
2770092
2770308
2770740
2770956
2771388
2771604
2772036
2772252
2772684
2773332
2773548
2773980
2774196
2774628
2774844
2775276
2775492
2775924
2776140
2776572
2776788
2777220
2777436
2778084
2778516
2778732
2779164
2779380
2779812
2780028
2780460
2780676
2781108
2781324
2781756
2781972
2782404
2782620
2783052
2783268
2783916
2784348
2784564
2784996
2785212
2785644
2785860
2786292
2786508
2786940
2787156
2787588
2787804
2788236
2788452
2789532
2789748
2790180
2790396
2790828
2791044
2791476
2791692
2792124
2792340
2792772
2792988
2793420
2793636
2794068
2794284
2794716
2794932
2795364
2795580
2796012
2796228
2796660
2796876
2797308
2797524
2797956
2798172
2798604
2798820
2799252
2800116
2800548
2800764
2801196
2801412
2801844
2802060
2802492
2802708
2803140
2803356
2803788
2804004
2804436
2804652
2805084
2805732
2805948
2806380
2806596
2807028
2807244
2807676
2807892
2808324
2808540
2808972
2809836
2810268
2810484
2810916
2811132
2811564
2811780
2812212
2812428
2812860
2813508
2813724
2814156
2814372
2814804
2815020
2815452
2816316
2816748
2816964
2817396
2817612
2818044
2818260
2818692
2818908
2819340
2819556
2819988
2820204
2820852
2821284
2821932
2822148
2822580
2822796
2823228
2823444
2823876
2824092
2824524
2824740
2825172
2825388
2825820
2826036
2826468
2826684
2827116
2827332
2827764
2827980
2828412
2828628
2829276
2829708
2829924
2830356
2830572
2831004
2831652
2831868
2832516
2832948
2833164
2833596
2833812
2834244
2834460
2834892
2835108
2835540
2836188
2836404
2836836
2837052
2837484
2838132
2838348
2838780
2838996
2839428
2839644
2840076
2840724
2840940
2841372
2841588
2842020
2842236
2842668
2842884
2843316
2843532
2843964
2844180
2844612
2844828
2845260
2845476
2845908
2846556
2846772
2847204
2847420
2847852
2848068
2848716
2849148
2849364
2849796
2850012
2850444
2850660
2851092
2851308
2851740
2851956
2852604
2853036
2853252
2853684
2854332
2854548
2854980
2855196
2855628
2855844
2856276
2856492
2856924
2857140
2857572
2857788
2858220
2858436
2858868
2859084
2859516
2859732
2860164
2860380
2860812
2861028
2861460
2861676
2862108
2862324
2862756
2863404
2863620
2864052
2864268
2864916
2865348
2865996
2866212
2866644
2866860
2867292
2867508
2867940
2868156
2868588
2868804
2869236
2869884
2870532
2870748
2871180
2871396
2871828
2872044
2872476
2872692
2873124
2873340
2873772
2873988
2874420
2874636
2875068
2875284
2875716
2875932
2876364
2876580
2877012
2877228
2877876
2878308
2878524
2878956
2879172
2879604
2879820
2880252
2880468
2881116
2881548
2881764
2882196
2882412
2882844
2883060
2883492
2883708
2884356
2884788
2885004
2885436
2885652
2886084
2886732
2886948
2887380
2887596
2888244
2888676
2888892
2889324
2889540
2889972
2890188
2890620
2890836
2891268
2891484
2891916
2892132
2892564
2892780
2893212
2893428
2893860
2894076
2894508
2895156
2895372
2895804
2896020
2896452
2896668
2897316
2897748
2897964
2898396
2898612
2899044
2899260
2899692
2899908
2900340
2900556
2900988
2901204
2901636
2901852
2902284
2902932
2903148
2903580
2903796
2904228
2904444
2904876
2905092
2905524
2905740
2906172
2906388
2906820
2907036
2907468
2907684
2908116
2908332
2908764
2908980
2909412
2909628
2910060
2910276
2910708
2910924
2911356
2911572
2912004
2912220
2912652
2912868
2913516
2913948
2914596
2914812
2915244
2915460
2916108
2916540
2916756
2917188
2917404
2917836
2918052
2918484
2919132
2919348
2919780
2919996
2920428
2920644
2921076
2921292
2921724
2921940
2922372
2922588
2923020
2923236
2923668
2923884
2924316
2924532
2924964
2925180
2925612
2925828
2926260
2926908
2927124
2927556
2927772
2928204
2928420
2928852
2929068
2929716
2930148
2930364
2930796
2931012
2931444
2931660
2932092
2932308
2932740
2932956
2933388
2933604
2934036
2934252
2934684
2935332
2935548
2935980
2936196
2936628
2936844
2937276
2937492
2937924
2938140
2938788
2939220
2939436
2939868
2940084
2940516
2940732
2941164
2941380
2941812
2942028
2942460
2942676
2943108
2943324
2943756
2943972
2944404
2944620
2945052
2945268
2945916
2946348
2946564
2946996
2947212
2947860
2948292
2948508
2948940
2949156
2949588
2949804
2950236
2950452
2950884
2951532
2951748
2952180
2952396
2952828
2953044
2953476
2953692
2954124
2954340
2954772
2954988
2955420
2955636
2956068
2956284
2956716
2956932
2957364
2957580
2958012
2958660
2958876
2959308
2959524
2959956
2960172
2960604
2960820
2961252
2961468
2962116
2962548
2962764
2963196
2963412
2963844
2964060
2964492
2964708
2965356
2965788
2966004
2966652
2967084
2967732
2967948
2968380
2968596
2969028
2969244
2969676
2969892
2970324
2970540
2970972
2971188
2971620
2971836
2972268
2972484
2972916
2973132
2973564
2973780
2974212
2974428
2974860
2975508
2975724
2976156
2976372
2976804
2977020
2977452
2977668
2978316
2978748
2978964
2979612
2980044
2980260
2980692
2980908
2981340
2981556
2981988
2982204
2982636
2982852
2983284
2983932
2984148
2984580
2984796
2985228
2985444
2985876
2986092
2986524
2986740
2987172
2987388
2987820
2988036
2988468
2988684
2989116
2989332
2989764
2990412
2990628
2991060
2991276
2991708
2991924
2992356
2993004
2993220
2993652
2993868
2994516
2994948
2995164
2995596
2995812
2996244
2996460
2996892
2997108
2997540
2997756
2998188
2998404
2998836
2999052
2999484
3000132
3000348
3000780
3000996
3001428
3001644
3002292
3002724
3002940
3003372
3003588
3004020
3004236
3004668
3004884
3005316
3005532
3005964
3006180
3006612
3006828
3007260
3007476
3007908
3008124
3008556
3008772
3009204
3009420
3010068
3010716
3011364
3011796
3012444
3012660
3013092
3013308
3013740
3013956
3014388
3014604
3015036
3015252
3015684
3016332
3016548
3016980
3017196
3017628
3017844
3018276
3018492
3018924
3019140
3019572
3019788
3020220
3020436
3020868
3021084
3021516
3022164
3022380
3022812
3023028
3023460
3023676
3024108
3024324
3024756
3024972
3025404
3025620
3026052
3026268
3026916
3027348
3028212
3028644
3028860
3029292
3029508
3029940
3030156
3030588
3030804
3031236
3031452
3031884
3032532
3032748
3033180
3033396
3033828
3034044
3034476
3034692
3035124
3035340
3035772
3035988
3036420
3036636
3037068
3037284
3037716
3037932
3038364
3038580
3039012
3039228
3039660
3039876
3040308
3040524
3040956
3041172
3041604
3041820
3042252
3042468
3043116
3043548
3043764
3044196
3044412
3045060
3045492
3045708
3046140
3046356
3046788
3047004
3047436
3047652
3048732
3048948
3049380
3049596
3050028
3050244
3050676
3050892
3051324
3051540
3051972
3052188
3052620
3052836
3053268
3053916
3054132
3054564
3054780
3055212
3055428
3055860
3056076
3056508
3056724
3057156
3057372
3057804
3058020
3058452
3058668
3059316
3059748
3059964
3060396
3060612
3061044
3061260
3061692
3061908
3062340
3062556
3062988
3063204
3063636
3063852
3064284
3064932
3065148
3065580
3065796
3066228
3066444
3066876
3067092
3067524
3067740
3068172
3068388
3068820
3069036
3069468
3069684
3070116
3070332
3070764
3071412
3071628
3072060
3072276
3072708
3072924
3073356
3073572
3074004
3074220
3074868
3075516
3075948
3076164
3076596
3076812
3077244
3077460
3077892
3078108
3078540
3078756
3079188
3079404
3079836
3080484
3081132
3081348
3081780
3081996
3082428
3082644
3083076
3083292
3083724
3083940
3084372
3085020
3085668
3085884
3086532
3086964
3087180
3087612
3087828
3088260
3088476
3088908
3089124
3089556
3089772
3090204
3090420
3090852
3091068
3091716
3092148
3092364
3092796
3093012
3093444
3093660
3094092
3094308
3094740
3094956
3095388
3095604
3096036
3096252
3096684
3097332
3097548
3097980
3098196
3098628
3098844
3099276
3099492
3099924
3100140
3100572
3100788
3101220
3101868
3102084
3102516
3102732
3103164
3103380
3103812
3104028
3104460
3104676
3105108
3105324
3105756
3105972
3106620
3107052
3107268
3107916
3108348
3108564
3108996
3109212
3109644
3109860
3110292
3110508
3110940
3111156
3111588
3111804
3112236
3112452
3112884
3113532
3113748
3114180
3114396
3114828
3115044
3115476
3115692
3116124
3116340
3116772
3117420
3117636
3118068
3118284
3118716
3118932
3119364
3119580
3120012
3120228
3120660
3120876
3121308
3121524
3121956
3122172
3122604
3122820
3123468
3124116
3124548
3124764
3125196
3125412
3125844
3126060
3126492
3126708
3127140
3127356
3127788
3128004
3128436
3128652
3129084
3129732
3129948
3130380
3130596
3131028
3131244
3131676
3131892
3132324
3132540
3132972
3133188
3133620
3133836
3134268
3134484
3134916
3135132
3135564
3135780
3136212
3136428
3136860
3137076
3137508
3137724
3138372
3138804
3139020
3139452
3139668
3140316
3140748
3140964
3141396
3141612
3142044
3142692
3142908
3143340
3143556
3143988
3144204
3144636
3144852
3145284
3145932
3146148
3146580
3146796
3147228
3147444
3147876
3148092
3148524
3149172
3149820
3150036
3150468
3150684
3151116
3151332
3151764
3151980
3152628
3153060
3153276
3153708
3153924
3154356
3154572
3155004
3155220
3155652
3155868
3156516
3156948
3157164
3157812
3158244
3158460
3158892
3159108
3159540
3159756
3160188
3160404
3160836
3161052
3161484
3162132
3162348
3162780
3162996
3163428
3163644
3164076
3164292
3164724
3164940
3165372
3165588
3166020
3166236
3166668
3166884
3167316
3167532
3167964
3168180
3168612
3168828
3169260
3169476
3170124
3170556
3170772
3171204
3171420
3171852
3172068
3172716
3173148
3173364
3173796
3174012
3174444
3174660
3175092
3175308
3175740
3175956
3176388
3176604
3177036
3177252
3177684
3178332
3178548
3179196
3179628
3179844
3180276
3180924
3181140
3181572
3181788
3182220
3182436
3182868
3183084
3183516
3183732
3184164
3184380
3184812
3185028
3185460
3185676
3186108
3186324
3186756
3186972
3187404
3187620
3188052
3188268
3188916
3189348
3189564
3189996
3190212
3190644
3190860
3191292
3191508
3191940
3192156
3192588
3192804
3193236
3193452
3193884
3194532
3194748
3195180
3195396
3195828
3196044
3196476
3196692
3197124
3197340
3197772
3197988
3198420
3198636
3199068
3199284
3199716
3199932
3200364
3200580
3201012
3201228
3201876
3202308
3202524
3202956
3203172
3203604
3203820
3204252
3204468
3205116
3205548
3205764
3206196
3206412
3206844
3207060
3207492
3207708
3208140
3208356
3208788
3209004
3209436
3209652
3210084
3210732
3210948
3211380
3211596
3212028
3212676
3212892
3213324
3213540
3213972
3214188
3214620
3215268
3215484
3215916
3216132
3216564
3216780
3217212
3217860
3218076
3218508
3218724
3219156
3219372
3219804
3220020
3220452
3220668
3221316
3221748
3221964
3222396
3222612
3223044
3223260
3223692
3223908
3224340
3224556
3224988
3225204
3225636
3225852
3226284
3226932
3227148
3227580
3228228
3228444
3228876
3229092
3229524
3229740
3230172
3230388
3230820
3231036
3231468
3231684
3232116
3232764
3232980
3233628
3234060
3234276
3234708
3234924
3235356
3235572
3236220
3236652
3236868
3237516
3237948
3238164
3238596
3238812
3239244
3239460
3239892
3240108
3240540
3240756
3241188
3241404
3241836
3242052
3242484
3243132
3243348
3243780
3244428
3244644
3245076
3245292
3245724
3245940
3246372
3246588
3247020
3247236
3247668
3247884
3248316
3248532
3248964
3249180
3249612
3249828
3250260
3250476
3250908
3251124
3251556
3251772
3252204
3252420
3252852
3253068
3253716
3254148
3254364
3254796
3255012
3255444
3255660
3256092
3256308
3256740
3256956
3257388
3257604
3258036
3258252
3258684
3259332
3259548
3259980
3260196
3260628
3260844
3261276
3261492
3261924
3262140
3262572
3262788
3263220
3263436
3263868
3264084
3264516
3264732
3265380
3265812
3266028
3266460
3266676
3267324
3267756
3267972
3268404
3268620
3269052
3269268
3269916
3270348
3270564
3270996
3271212
3271644
3271860
3272292
3272508
3272940
3273156
3273588
3273804
3274236
3274452
3274884
3275532
3276180
3276396
3276828
3277044
3277476
3277692
3278124
3278340
3278772
3278988
3279420
3279636
3280284
3280716
3280932
3281364
3281580
3282012
3282228
3282660
3282876
3283308
3283524
3283956
3284172
3284604
3284820
3285252
3285468
3286116
3286548
3286764
3287196
3287412
3287844
3288060
3288492
3288708
3289140
3289356
3289788
3290004
3290436
3290652
3291084
3291732
3291948
3292380
3292596
3293028
3293244
3293676
3293892
3294324
3294540
3294972
3295188
3295620
3295836
3296268
3296484
3297132
3297564
3297780
3298212
3298428
3298860
3299076
3299508
3299724
3300156
3300372
3300804
3301020
3301452
3301668
3302316
3302748
3302964
3303396
3304044
3304260
3304692
3304908
3305340
3305556
3305988
3306636
3306852
3307284
3307932
3308148
3308580
3308796
3309228
3309444
3309876
3310092
3310524
3310740
3311172
3311388
3311820
3312036
3312468
3312684
3313116
3313332
3313764
3314412
3314628
3315060
3315276
3315708
3315924
3316356
3316572
3317004
3317220
3317652
3317868
3318516
3318948
3319164
3319596
3319812
3320244
3320460
3320892
3321108
3321540
3321756
3322188
3322404
3322836
3323052
3323484
3324132
3324348
3324780
3324996
3325428
3325644
3326076
3326292
3326724
3326940
3327372
3327588
3328020
3328236
3328884
3329316
3329532
3329964
3330180
3330612
3330828
3331260
3331476
3331908
3332124
3332556
3332772
3333204
3333420
3333852
3334068
3334716
3335148
3335364
3335796
3336012
3336444
3336660
3337308
3337740
3337956
3338388
3338604
3339036
3340332
3340548
3340980
3341196
3341628
3341844
3342276
3342492
3342924
3343140
3343572
3343788
3344220
3344436
3344868
3345084
3345516
3345732
3346164
3346380
3346812
3347028
3347460
3347676
3348108
3348324
3348756
3348972
3349404
3349620
3350052
3350268
3350916
3351348
3351564
3351996
3352212
3352644
3352860
3353292
3353508
3353940
3354156
3354588
3354804
3355236
3355452
3355884
3356532
3356748
3357180
3357396
3357828
3358044
3358692
3359124
3359340
3359772
3359988
3361068
3361284
3361716
3361932
3362364
3362580
3363012
3363228
3363660
3363876
3364308
3364524
3364956
3365172
3365604
3365820
3366252
3366468
3367116
3367548
3367764
3368196
3368412
3368844
3369060
3369492
3369708
3370356
3371436
3371652
3372084
3372732
3372948
3373380
3373596
3374028
3374244
3374676
3374892
3375324
3375540
3375972
3376188
3376836
3377268
3377484
3377916
3378132
3378564
3378780
3379212
3379428
3379860
3380076
3380508
3380724
3381156
3381372
3381804
3382020
3382452
3382668
3383316
3383748
3383964
3384396
3385044
3385260
3385692
3385908
3386340
3386556
3386988
3387204
3387636
3387852
3388284
3388932
3389148
3389580
3389796
3390228
3390444
3390876
3391092
3391524
3391740
3392388
3392820
3393036
3393468
3394116
3394332
3394980
3395412
3395628
3396060
3396276
3396708
3396924
3397356
3397572
3398004
3398220
3398652
3398868
3399516
3399948
3400164
3400812
3401244
3401460
3401892
3402540
3403188
3403404
3403836
3404052
3404484
3405132
3405348
3405780
3405996
3406428
3406644
3407076
3407292
3407724
3407940
3408372
3408588
3409020
3409236
3409668
3409884
3410316
3410532
3410964
3411180
3411612
3411828
3412260
3412476
3412908
3413556
3413772
3414204
3414420
3414852
3415068
3415716
3416148
3416364
3416796
3417012
3417444
3417660
3418092
3418308
3418740
3418956
3419388
3419604
3420036
3420252
3420684
3421332
3421548
3421980
3422196
3422628
3422844
3423276
3423492
3424140
3424572
3424788
3425220
3425436
3425868
3426084
3426516
3426732
3427164
3427380
3427812
3428028
3428460
3428676
3429108
3429324
3429756
3429972
3430404
3430620
3431052
3431268
3431916
3432348
3432564
3432996
3433212
3433644
3433860
3434292
3434940
3435156
3435588
3435804
3436236
3436452
3437532
3437748
3438180
3438396
3438828
3439044
3439476
3439692
3440124
3440340
3440772
3440988
3441420
3441636
3442068
3442284
3442716
3442932
3443364
3443580
3444012
3444228
3444660
3444876
3445308
3445524
3445956
3446172
3446604
3446820
3447252
3447468
3448116
3448548
3448764
3449196
3449844
3450060
3450492
3450708
3451140
3451356
3451788
3452004
3452436
3452652
3453084
3453732
3453948
3454380
3454596
3455028
3455244
3455892
3456324
3456540
3456972
3457188
3457620
3457836
3458268
3458484
3458916
3459132
3459564
3459780
3460212
3460860
3461076
3461508
3461724
3462156
3462372
3462804
3463452
3463668
3464316
3464748
3464964
3465396
3465612
3466044
3466692
3466908
3467340
3467556
3467988
3468204
3468636
3468852
3469284
3470148
3470580
3470796
3471228
3471444
3471876
3472092
3472524
3472740
3473172
3473388
3473820
3474036
3474468
3474684
3475116
3475332
3475764
3475980
3476412
3476628
3477060
3477276
3477708
3477924
3478356
3478572
3479004
3479220
3479652
3479868
3480516
3480948
3481164
3481596
3481812
3482244
3482460
3482892
3483108
3483540
3483756
3484188
3484404
3484836
3485484
3486348
3486780
3486996
3487644
3488076
3488292
3488724
3488940
3489372
3489588
3490020
3490236
3490668
3490884
3491316
3491532
3491964
3492180
3492612
3492828
3493260
3493476
3493908
3494124
3494556
3494772
3495204
3495420
3495852
3496068
3496716
3497148
3497364
3497796
3498444
3498660
3499092
3499308
3499740
3499956
3500388
3500604
3501036
3501252
3501684
3502332
3502548
3502980
3503196
3503628
3503844
3504276
3504492
3504924
3505140
3505572
3505788
3506220
3506436
3506868
3507084
3507516
3507732
3508164
3508380
3508812
3509028
3509460
3509676
3510108
3510324
3510756
3510972
3511404
3511620
3512052
3512268
3512916
3513348
3513564
3513996
3514212
3514644
3514860
3515508
3515940
3516156
3516588
3516804
3517236
3517452
3517884
3518532
3518748
3519396
3519828
3520044
3520476
3520692
3521124
3521340
3521772
3521988
3522420
3523068
3523284
3523716
3523932
3524364
3524580
3525012
3525228
3525660
3525876
3526308
3526524
3527172
3527604
3527820
3528252
3528468
3529116
3529548
3530196
3530412
3530844
3531060
3531492
3531708
3532140
3532356
3532788
3533004
3533436
3533652
3534084
3534732
3534948
3535380
3535596
3536028
3536244
3536676
3536892
3537324
3537540
3537972
3538620
3538836
3539268
3539484
3539916
3540132
3540564
3540780
3541212
3541860
3542076
3542508
3542724
3543156
3543372
3543804
3544020
3544452
3544668
3545316
3545748
3545964
3546396
3546612
3547044
3547260
3547692
3548340
3548556
3548988
3549204
3549636
3549852
3550284
3551148
3551580
3551796
3552228
3552444
3552876
3553092
3553524
3553740
3554172
3554388
3554820
3555036
3555468
3555684
3556116
3556332
3556764
3556980
3557412
3557628
3558060
3558276
3558708
3558924
3559356
3559572
3560004
3560220
3560652
3560868
3561948
3562164
3562596
3562812
3563244
3563460
3563892
3564108
3564540
3564756
3565188
3565404
3565836
3566052
3566484
3567132
3567348
3567780
3567996
3568428
3568644
3569076
3569292
3569724
3569940
3570372
3570588
3571020
3571236
3571668
3571884
3572316
3572532
3572964
3573180
3573612
3573828
3574260
3574476
3574908
3575124
3575556
3575772
3576204
3576420
3576852
3577068
3577716
3578148
3578364
3578796
3579012
3579444
3579660
3580092
3580308
3580740
3580956
3581388
3581604
3582036
3582252
3583332
3583548
3583980
3584196
3584628
3584844
3585276
3585492
3585924
3586140
3586572
3586788
3587220
3587436
3587868
3588084
3588516
3588732
3589164
3589812
3590028
3590460
3590676
3591108
3591324
3591756
3591972
3592404
3592620
3593052
3593916
3594348
3594564
3594996
3595212
3595860
3596292
3596508
3596940
3597156
3597588
3597804
3598236
3598452
3598884
3599532
3599748
3600180
3600396
3600828
3601044
3601476
3601692
3602124
3602340
3602772
3602988
3603420
3603636
3604068
3604284
3604716
3604932
3605364
3605580
3606012
3606228
3606660
3606876
3607308
3607524
3607956
3608172
3608604
3608820
3609252
3609468
3610116
3610548
3610764
3611196
3611412
3611844
3612060
3612492
3612708
3613140
3613356
3613788
3614004
3614652
3615084
3615732
3615948
3616380
3616596
3617028
3617244
3617676
3617892
3618324
3618540
3618972
3619188
3619620
3620268
3620484
3620916
3621132
3621564
3621780
3622212
3622428
3622860
3623076
3623508
3623724
3624156
3624372
3624804
3625452
3625668
3626316
3626748
3626964
3627396
3627612
3628044
3628260
3628692
3628908
3629340
3629556
3629988
3630204
3630636
3630852
3631284
3631932
3632796
3633228
3633444
3633876
3634092
3634524
3634740
3635172
3635388
3635820
3636036
3636468
3636684
3637116
3637332
3637764
3637980
3638412
3638628
3639060
3639276
3639708
3639924
3640356
3640572
3641004
3641220
3641652
3641868
3642516
3642948
3643164
3643596
3643812
3644244
3644460
3644892
3645108
3645540
3645756
3646404
3646836
3647052
3647484
3648132
3648348
3648780
3648996
3649428
3649644
3650076
3650292
3650724
3650940
3651372
3651588
3652020
3652236
3652668
3652884
3653316
3653532
3653964
3654180
3654612
3654828
3655260
3655476
3655908
3656124
3656556
3657204
3657420
3657852
3658068
3658716
3659148
3659364
3659796
3660012
3660444
3660660
3661092
3661308
3661740
3661956
3662388
3662604
3663036
3663252
3663684
3664332
3664548
3664980
3665196
3665628
3665844
3666276
3666492
3666924
3667140
3667572
3667788
3668220
3668436
3668868
3669084
3669516
3669732
3670164
3670380
3670812
3671028
3671460
3671676
3672324
3672756
3672972
3673404
3673620
3674052
3674268
3674916
3675348
3675564
3675996
3676212
3676644
3676860
3677292
3677508
3678156
3678588
3678804
3679236
3679452
3679884
3680532
3680748
3681180
3681396
3681828
3682044
3682476
3682692
3683124
3683340
3683772
3683988
3684420
3684636
3685068
3685284
3685716
3685932
3686364
3686580
3687012
3687228
3687660
3687876
3688308
3688956
3689172
3689604
3689820
3690252
3690468
3691116
3691548
3691764
3692196
3692412
3692844
3693060
3693492
3693708
3694140
3694356
3694788
3695004
3695436
3695652
3696084
3696732
3696948
3697380
3697596
3698028
3698676
3698892
3699324
3699540
3699972
3700188
3700620
3700836
3701268
3701484
3701916
3702132
3702564
3702780
3703212
3703428
3704076
3704508
3704724
3705372
3705804
3706020
3706452
3706668
3707316
3707748
3707964
3708396
3708612
3709044
3709260
3709908
3710340
3710556
3710988
3711204
3711636
3711852
3712284
3712932
3713148
3713796
3714444
3714876
3715092
3715524
3715740
3716172
3716388
3716820
3717036
3717468
3717684
3718116
3718332
3718764
3718980
3719412
3719628
3720708
3720924
3721356
3721572
3722004
3722220
3722652
3722868
3723516
3724164
3724596
3724812
3725244
3725460
3725892
3726108
3726540
3726756
3727188
3727404
3727836
3728052
3728484
3729132
3729348
3729780
3729996
3730428
3730644
3731076
3731292
3731724
3731940
3732372
3732588
3733020
3733236
3733668
3733884
3734316
3734532
3734964
3735180
3735612
3735828
3736260
3736476
3736908
3737124
3737556
3737772
3738204
3738420
3738852
3739068
3739716
3740148
3740364
3740796
3741012
3742092
3742308
3742740
3742956
3743388
3743604
3744036
3744252
3744684
3745332
3745548
3745980
3746196
3746628
3746844
3747276
3747492
3747924
3748140
3748572
3748788
3749220
3749436
3749868
3750084
3750732
3751164
3751380
3751812
3752460
3752676
3753108
3753324
3753756
3753972
3754404
3754620
3755052
3755268
3755916
3756348
3756564
3756996
3757212
3757644
3757860
3758292
3758508
3758940
3759156
3759588
3759804
3760236
3760452
3760884
3761532
3761748
3762180
3762396
3762828
3763044
3763476
3763692
3764124
3764340
3764772
3764988
3765420
3765636
3766068
3766284
3766716
3766932
3767364
3767580
3768012
3768228
3768660
3768876
3769308
3769524
3769956
3770172
3770604
3770820
3771252
3771468
3772116
3772548
3772764
3773412
3773844
3774060
3774492
3774708
3775140
3775356
3775788
3776004
3776436
3777084
3777732
3777948
3778380
3778596
3779028
3779244
3779676
3779892
3780324
3780540
3780972
3781188
3781620
3782268
3782484
3782916
3783132
3783564
3784212
3784428
3784860
3785076
3785508
3785724
3786156
3786372
3786804
3787020
3787452
3787668
3788316
3788748
3788964
3789396
3789612
3790044
3790260
3790692
3790908
3791340
3791556
3791988
3792204
3792636
3792852
3793284
3793932
3794580
3794796
3795228
3795444
3795876
3796092
3796524
3796740
3797172
3797388
3797820
3798036
3798468
3798684
3799116
3799332
3799764
3799980
3800412
3800628
3801060
3801276
3801708
3801924
3802356
3802572
3803004
3803220
3803652
3803868
3804516
3805164
3805596
3805812
3806244
3806460
3806892
3807108
3807540
3807756
3808188
3808404
3808836
3809052
3809484
3810132
3810348
3810780
3811428
3811644
3812076
3812292
3812724
3812940
3813372
3813588
3814020
3814236
3814884
3815316
3815964
3816180
3816612
3816828
3817260
3817476
3817908
3818124
3818556
3818772
3819204
3819420
3819852
3820068
3820716
3821148
3821364
3821796
3822012
3822444
3822660
3823092
3823308
3823740
3823956
3824388
3824604
3825036
3825252
3825684
3826332
3826548
3826980
3827196
3827628
3828276
3828492
3829140
3829572
3829788
3830220
3830436
3830868
3831084
3831516
3831732
3832164
3832380
3832812
3833028
3833460
3833676
3834108
3834324
3834756
3834972
3835404
3835620
3836052
3836268
3836916
3837348
3837564
3837996
3838212
3838644
3838860
3839292
3839508
3839940
3840588
3840804
3841236
3841452
3841884
3842532
3842748
3843180
3843396
3843828
3844044
3844476
3844692
3845124
3845340
3845772
3845988
3846420
3846636
3847068
3847716
3847932
3848364
3848580
3849012
3849228
3849660
3849876
3850308
3850524
3850956
3851604
3851820
3852252
3852468
3853116
3853548
3853764
3854196
3854412
3854844
3855492
3855708
3856140
3856356
3856788
3857004
3857436
3857652
3858084
3858732
3858948
3859380
3859596
3860028
3860244
3860676
3860892
3861324
3861540
3861972
3862188
3862620
3862836
3863268
3863484
3863916
3864132
3864564
3864780
3865212
3865428
3865860
3866076
3866508
3866724
3867156
3867372
3867804
3868020
3868668
3869316
3869748
3869964
3870396
3870612
3871044
3871260
3871692
3871908
3872340
3872556
3872988
3873204
3873636
3873852
3874284
3874932
3875148
3875580
3875796
3876228
3876444
3876876
3877092
3877524
3877740
3878172
3878388
3878820
3879468
3879684
3880116
3880332
3880764
3880980
3881412
3881628
3882060
3882276
3882708
3882924
3883356
3883572
3884004
3884220
3884652
3884868
3885516
3885948
3886164
3886596
3886812
3887244
3887460
3887892
3888108
3888540
3888756
3889188
3889404
3889836
3890052
3890484
3891132
3891348
3891780
3891996
3892428
3892644
3893076
3893292
3893724
3893940
3894372
3894588
3895020
3895236
3895668
3895884
3896316
3896532
3896964
3897180
3897612
3897828
3898260
3898476
3898908
3899124
3899556
3899772
3900420
3900852
3901068
3901716
3902148
3902364
3902796
3903012
3903444
3903660
3904092
3904308
3904740
3904956
3905388
3906036
3906252
3906684
3907548
3907980
3908196
3908628
3908844
3909276
3909492
3909924
3910140
3910572
3911220
3911436
3911868
3912084
3912516
3912732
3913164
3913380
3913812
3914028
3914460
3914676
3915108
3915324
3915756
3915972
3916404
3916620
3917052
3917268
3917916
3918348
3918564
3918996
3919212
3919644
3919860
3920292
3920508
3920940
3921156
3921588
3921804
3922236
3922452
3922884
3923532
3923748
3924396
3924828
3925044
3925476
3925692
3926124
3926340
3926772
3926988
3927420
3927636
3928068
3928284
3928716
3928932
3929364
3929580
3930012
3930228
3930660
3930876
3931308
3931524
3932172
3932604
3932820
3933252
3934116
3934548
3934764
3935196
3935412
3935844
3936060
3936492
3936708
3937140
3937356
3938004
3938436
3938652
3939084
3939732
3940380
3940596
3941028
3941244
3941676
3941892
3942324
3942972
3943188
3943620
3944268
3944484
3944916
3945132
3945564
3945780
3946212
3946428
3946860
3947076
3947508
3947724
3948156
3948372
3948804
3949020
3949452
3949668
3950316
3950748
3950964
3951396
3951612
3952044
3952260
3952692
3952908
3953340
3953556
3953988
3954204
3954636
3954852
3955284
3955932
3956148
3956580
3956796
3957228
3957444
3957876
3958092
3958524
3958740
3959172
3959388
3959820
3960036
3960468
3961116
3961332
3961764
3961980
3962412
3962628
3963060
3963276
3964356
3964572
3965004
3965220
3965652
3965868
3966516
3966948
3967164
3967596
3967812
3968244
3968460
3968892
3969108
3969540
3969756
3970188
3970404
3970836
3971052
3971484
3972132
3972348
3972780
3972996
3973428
3973644
3974076
3974724
3974940
3975372
3975588
3976020
3976236
3976668
3976884
3977316
3977532
3977964
3978180
3978612
3978828
3979260
3979476
3979908
3980124
3980556
3980772
3981204
3981420
3981852
3982068
3982716
3983148
3983364
3983796
3984012
3984444
3984660
3985092
3985308
3985956
3986388
3986604
3987036
3987252
3987684
3988332
3988548
3988980
3989196
3989628
3989844
3990276
3990492
3990924
3991140
3991572
3991788
3992220
3992436
3992868
3993084
3993516
3993732
3994164
3994380
3994812
3995028
3995676
3996108
3996324
3996756
3996972
3997404
3997620
3998052
3998268
3998916
3999348
3999564
3999996
4000212
4000644
4000860
4001292
4001508
4001940
4002156
4002588
4002804
4003236
4003452
4003884
4004532
4004748
4005180
4005396
4005828
4006476
4006692
4007124
4007340
4007772
4007988
4008420
4008636
4009068
4009284
4009716
4009932
4010364
4010580
4011012
4011228
4011660
4012308
4012524
4012956
4013172
4013604
4013820
4014252
4014468
4015116
4015548
4016196
4016412
4016844
4017060
4017492
4017708
4018140
4018356
4018788
4019004
4019436
4019652
4020084
4020732
4020948
4021380
4021596
4022028
4022244
4022676
4023324
4023540
4023972
4024188
4024620
4024836
4025268
4025484
4025916
4026132
4026564
4026780
4027428
4027860
4028076
4028508
4029156
4029372
4029804
4030020
4030452
4030668
4031316
4031748
4031964
4032396
4032612
4033044
4033260
4033908
4034340
4034556
4034988
4035204
4035636
4035852
4036284
4036932
4037148
4037580
4038228
4038444
4038876
4039092
4039524
4039740
4040172
4040388
4040820
4041036
4041468
4041684
4042116
4042332
4042764
4042980
4043412
4043628
4044060
4044276
4044708
4044924
4045356
4045572
4046004
4046220
4046652
4046868
4047516
4047948
4048164
4048596
4048812
4049244
4049460
4049892
4050108
4050540
4050756
4051188
4051404
4051836
4052052
4052484
4053132
4053348
4053780
4053996
4054428
4054644
4055076
4055292
4055940
4056588
4057020
4057236
4057668
4057884
4058316
4058532
4059180
4059612
4059828
4060260
4060476
4060908
4061124
4061556
4061772
4062204
4062420
4062852
4063068
4063716
4064364
4064796
4065012
4065444
4065660
4066092
4066308
4066740
4066956
4067388
4067604
4068036
4068252
4068684
4069332
4069980
4070628
4070844
4071276
4071492
4071924
4072140
4072572
4072788
4073220
4073436
4073868
4074084
4074516
4074732
4075164
4075380
4075812
4076028
4076460
4076676
4077108
4077324
4077756
4077972
4078404
4078620
4079052
4079268
4079916
4080348
4080564
4080996
4081212
4081644
4081860
4082292
4082508
4082940
4083156
4083588
4083804
4084236
4084452
4084884
4085532
4085748
4086180
4086396
4086828
4087044
4087476
4087692
4088124
4088340
4088988
4089420
4089636
4090068
4090932
4091364
4091580
4092012
4092228
4092660
4092876
4093308
4093524
4093956
4094172
4094604
4094820
4095252
4095468
4096116
4096548
4096764
4097196
4097412
4097844
4098060
4098492
4098708
4099140
4099356
4099788
4100004
4100436
4100652
4101084
4101732
4101948
4102380
4102596
4103028
4103244
4103676
4103892
4104324
4104540
4104972
4105188
4105620
4105836
4106268
4106484
4106916
4107132
4107564
4107780
4108212
4108428
4108860
4109076
4109508
4109724
4110156
4110372
4110804
4111020
4111452
4111668
4112316
4112748
4112964
4113396
4113612
4114044
4114260
4114692
4114908
4115340
4115556
4115988
4116204
4116636
4116852
4117284
4117932
4118148
4118580
4118796
4119228
4119444
4119876
4120092
4120524
4120740
4121172
4121388
4121820
4122036
4122684
4123116
4123332
4123764
4123980
4124412
4124628
4125060
4125276
4125708
4125924
4126356
4126572
4127004
4127220
4127652
4127868
4128516
4128948
4129164
4129596
4129812
4130244
4130460
4130892
4131108
4131540
4131756
4132188
4132404
4132836
4133484
4134132
4134348
4134780
4134996
4135644
4136076
4136292
4136724
4136940
4137372
4137588
4138020
4138236
4138668
4138884
4139316
4139532
4139964
4140180
4140612
4140828
4141260
4141476
4141908
4142124
4142772
4143420
4143852
4144068
4144716
4145148
4145364
4145796
4146012
4146444
4146660
4147092
4147308
4147740
4147956
4148388
4148604
4149036
4149252
4149684
4150332
4150548
4150980
4151628
4151844
4152276
4152492
4152924
4153140
4153572
4153788
4154436
4154868
4155084
4155516
4155732
4156164
4156380
4156812
4157028
4157460
4157676
4158108
4158324
4158756
4158972
4159404
4159620
4160052
4160268
4160916
4161348
4161564
4161996
4162212
4162644
4162860
4163292
4163508
4163940
4164156
4164588
4165236
4165452
4165884
4166532
4166748
4167180
4167396
4167828
4168044
4168476
4169124
4169340
4169772
4169988
4170420
4171068
4171284
4171932
4172364
4172580
4173012
4173228
4173660
4173876
4174308
4174524
4174956
4175172
4175820
4176252
4176468
4177116
4177548
4177764
4178196
4178412
4178844
4179060
4179492
4180140
4180356
4180788
4181004
4181436
4181652
4182084
4182732
4182948
4183380
4183596
4184028
4184244
4184676
4184892
4185324
4185540
4186188
4186620
4186836
4187268
4187484
4187916
4188132
4188564
4188780
4189212
4189428
4189860
4190076
4190508
4190724
4191156
4191804
4192020
4192452
4192668
4193316
4193748
4193964
4194396
4194612
4195044
4195260
4195692
4195908
4196340
4196988
4197204
4197636
4197852
4198284
4198932
4199148
4199580
4199796
4200228
4200444
4200876
4201092
4201524
4201740
4202172
4202388
4202820
4203036
4203468
4203684
4204116
4204332
4204764
4204980
4205412
4205628
4206060
4206276
4206708
4206924
4207356
4207572
4208004
4208220
4208652
4208868
4209516
4209948
4210164
4210596
4210812
4211244
4211460
4211892
4212108
4212540
4212756
4213188
4213404
4213836
4214052
4214484
4215132
4215348
4215780
4215996
4216428
4216644
4217076
4217292
4217940
4218372
4218588
4219020
4219236
4219668
4219884
4220316
4220532
4221180
4221612
4221828
4222260
4222476
4222908
4223124
4223556
4223772
4224204
4224420
4224852
4225068
4225716
4226148
4226364
4226796
4227012
4227444
4227660
4228092
4228740
4228956
4229388
4229604
4230036
4230252
4230684
4231332
4231548
4231980
4232196
4232628
4232844
4233276
4233492
4233924
4234140
4234572
4234788
4235220
4235436
4235868
4236084
4236516
4236732
4237164
4237380
4237812
4238028
4238460
4238676
4239108
4239324
4239756
4239972
4240404
4240620
4241052
4241268
4241916
4242348
4242564
4242996
4243212
4243644
4243860
4244292
4244508
4244940
4245156
4245588
4245804
4246236
4246452
4246884
4247532
4247748
4248180
4248396
4248828
4249044
4250124
4250340
4250772
4250988
4251420
4251636
4252068
4252284
4252932
4253364
4253580
4254012
4254228
4254660
4254876
4255524
4255956
4256172
4256604
4256820
4257252
4257468
4258116
4258548
4258764
4259196
4259412
4259844
4260492
4260708
4261140
4261356
4261788
4262004
4262436
4262652
4263084
4263732
4263948
4264380
4264596
4265028
4265244
4265676
4265892
4266324
4266540
4266972
4267188
4267620
4267836
4268268
4268484
4269132
4269564
4269780
4270212
4270428
4270860
4271076
4271508
4271724
4272156
4272372
4272804
4273020
4273452
4273668
4274316
4274748
4274964
4275396
4275612
4276260
4276692
4277556
4277988
4278204
4278636
4278852
4279284
4279932
4280148
4280580
4280796
4281444
4281876
4282092
4282524
4282740
4283172
4283388
4283820
4284036
4284468
4284684
4285116
4285332
4285764
4285980
4286412
4286628
4287060
4287276
4287924
4288356
4288572
4289004
4289652
4289868
4290516
4290948
4291164
4291596
4292244
4292460
4292892
4293108
4293540
4293756
4294188
4294404
4294836
4295052
4295484
4296132
4296348
4296780
4296996
4297428
4297644
4298076
4298292
4298724
4298940
4299588
4300020
4300236
4300668
4300884
4301316
4301532
4301964
4302180
4302612
4302828
4303260
4303476
4303908
4304124
4304556
4304772
4305204
4305420
4305852
4306068
4306716
4307148
4307364
4307796
4308012
4308444
4308660
4309092
4309308
4309740
4309956
4310388
4310604
4311036
4311252
4311684
4312332
4312548
4313196
4313628
4313844
4314276
4314492
4314924
4315140
4315572
4315788
4316220
4316436
4316868
4317084
4317516
4317732
4318164
4318380
4318812
4319028
4319460
4319676
4320108
4320324
4320756
4320972
4321404
4321620
4322052
4322268
4322916
4323348
4323996
4324212
4324644
4324860
4325292
4325940
4326156
4326588
4326804
4327236
4327452
4327884
4328532
4328748
4329180
4329396
4329828
4330044
4330476
4330692
4331124
4331340
4331772
4331988
4332420
4332636
4333068
4333284
4333716
4333932
4334364
4334580
4335012
4335228
4335660
4335876
4336308
4336524
4336956
4337172
4337604
4337820
4338252
4339116
4339548
4339764
4340196
4340412
4340844
4341060
4341492
4341708
4342140
4342356
4342788
4343004
4343436
4343652
4344084
4344948
4345380
4345596
4346028
4346244
4346676
4346892
4347324
4347540
4347972
4348188
4348620
4348836
4349268
4349484
4349916
4350132
4350564
4350780
4351212
4351428
4351860
4352076
4352508
4352724
4353156
4353372
4353804
4354020
4354452
4354668
4355748
4355964
4356396
4356612
4357044
4357260
4357692
4357908
4358340
4358556
4358988
4359204
4359636
4359852
4360284
4360932
4361148
4361580
4361796
4362444
4362876
4363092
4363524
4363740
4364172
4364388
4364820
4365036
4365468
4365684
4366116
4366332
4366764
4366980
4367412
4367628
4368060
4368276
4368708
4368924
4369356
4369572
4370004
4370220
4370652
4370868
4371516
4371948
4372164
4372596
4372812
4373244
4373460
4373892
4374108
4374540
4374756
4375188
4375404
4375836
4376052
4377132
4377348
4377996
4378428
4378644
4379076
4379292
4379724
4379940
4380372
4380588
4381020
4381236
4381668
4381884
4382316
4382532
4382964
4383180
4383612
4383828
4384260
4384476
4384908
4385124
4385556
4385772
4386204
4386420
4386852
4387716
4388148
4388364
4388796
4389012
4389444
4389660
4390092
4390308
4390740
4390956
4391388
4391604
4392036
4392252
4392684
4393332
4393548
4393980
4394196
4394628
4394844
4395276
4395492
4395924
4396140
4396572
4396788
4397220
4397436
4397868
4398084
4398516
4399380
4399812
4400028
4400460
4400676
4401108
4401324
4401756
4401972
4402404
4402620
4403052
4403268
4404348
4404564
4404996
4405212
4405860
4406292
4406508
4406940
4407156
4407588
4407804
4408452
4408884
4409532
4409748
4410180
4410396
4410828
4411044
4411476
4411692
4412124
4412340
4412772
4412988
4413420
4413636
4414068
4414284
4414716
4414932
4415364
4415580
4416012
4416228
4416660
4416876
4417308
4417524
4417956
4418172
4418604
4419252
4419468
4420116
4420764
4421196
4421412
4421844
4422060
4422492
4422708
4423140
4423356
4423788
4424004
4424436
4424652
4425084
4425732
4425948
4426380
4426596
4427028
4427244
4427676
4427892
4428324
4428540
4428972
4429188
4429620
4429836
4430268
4430484
4430916
4431132
4431564
4431780
4432212
4432428
4432860
4433076
4433508
4433724
4434156
4434372
4434804
4435020
4435452
4435668
4436316
4436748
4436964
4437396
4437612
4438044
4438260
4438692
4438908
4439340
4439556
4440204
4440636
4440852
4441284
4441932
4442148
4442580
4442796
4443228
4443444
4443876
4444092
4444524
4444740
4445172
4445388
4445820
4446036
4446468
4446684
4447116
4447332
4447764
4447980
4448412
4448628
4449060
4449276
4449708
4449924
4450356
4451004
4451220
4451652
4451868
4452516
4452948
4453164
4453596
4453812
4454244
4454460
4454892
4455108
4455540
4455756
4456404
4456836
4457052
4457484
4458132
4458348
4458780
4458996
4459428
4459644
4460076
4460292
4460724
4460940
4461372
4461588
4462020
4462236
4462668
4463532
4463964
4464180
4464612
4464828
4465260
4465476
4465908
4466124
4466556
4466772
4467204
4467420
4467852
4468068
4468716
4469148
4469364
4469796
4470012
4470444
4470660
4471092
4471308
4471956
4472388
4472604
4473036
4473252
4473684
4474332
4474548
4474980
4475196
4475628
4475844
4476276
4476492
4476924
4477140
4477572
4477788
4478220
4478436
4478868
4479084
4479516
4479732
4480164
4480380
4480812
4481028
4481460
4481676
4482108
4482756
4482972
4483404
4484052
4484268
4484916
4485348
4485564
4485996
4486212
4486644
4486860
4487292
4487508
4487940
4488156
4488588
4488804
4489236
4489452
4489884
4490532
4490748
4491180
4491396
4491828
4492044
4492476
4492692
4493124
4493340
4493772
4493988
4494420
4494636
4495068
4495284
4495716
4495932
4496364
4496580
4497012
4497228
4497660
4497876
4498308
4498524
4498956
4499172
4499604
4499820
4500252
4500468
4501116
4501548
4501764
4502196
4502412
4502844
4503060
4503708
4504140
4504356
4504788
4505004
4505436
4505652
4506084
4506732
4506948
4507380
4507596
4508028
4508676
4508892
4509324
4509540
4509972
4510188
4510620
4510836
4511268
4511484
4511916
4512132
4512564
4512780
4513212
4513860
4514508
4514724
4515156
4515372
4515804
4516020
4516452
4516668
4517316
4517748
4517964
4518396
4518612
4519044
4519260
4519692
4519908
4520340
4520556
4520988
4521204
4521636
4521852
4522284
4522932
4523148
4523580
4523796
4524228
4524444
4524876
4525092
4525524
4526172
4526388
4526820
4527036
4527468
4527684
4528116
4528332
4528764
4528980
4529412
4529628
4530060
4530276
4530708
4530924
4531356
4531572
4532004
4532220
4532652
4533516
4533948
4534164
4534812
4535460
4535892
4536108
4536540
4536756
4537188
4537404
4537836
4538052
4538484
4539132
4539348
4539780
4539996
4540428
4540644
4541076
4541292
4541724
4541940
4542372
4542588
4543020
4543236
4543668
4543884
4544316
4544532
4544964
4545180
4545612
4546260
4546476
4546908
4547124
4547556
4547772
4548204
4548420
4548852
4549068
4549716
4550148
4550364
4550796
4551012
4551444
4551660
4552092
4552308
4552740
4552956
4553388
4553604
4554036
4554252
4554684
4555332
4555548
4555980
4556196
4556628
4556844
4557276
4557492
4557924
4558140
4558572
4558788
4559220
4559436
4559868
4560084
4560516
4561164
4561380
4561812
4562028
4562460
4562676
4563108
4563324
4563756
4563972
4564404
4564620
4565052
4565268
4565916
4566348
4566564
4567212
4567644
4567860
4568292
4568508
4568940
4569156
4569588
4569804
4570236
4570452
4570884
4571532
4571748
4572180
4572396
4572828
4573044
4573476
4573692
4574124
4574340
4574772
4574988
4575420
4575636
4576068
4576284
4576716
4576932
4577364
4578012
4578228
4578660
4578876
4579308
4579524
4579956
4580172
4580604
4580820
4581468
4582116
4582548
4582764
4583196
4583844
4584060
4584492
4584708
4585140
4585356
4585788
4586004
4586436
4586652
4587084
4587732
4587948
4588380
4588596
4589028
4589244
4589676
4589892
4590324
4590540
4590972
4591188
4591620
4591836
4592268
4592484
4593132
4593564
4593780
4594212
4594428
4594860
4595076
4595508
4595724
4596156
4596372
4596804
4597020
4597452
4597668
4598316
4598964
4599396
4599612
4600044
4600260
4600692
4600908
4601340
4601556
4601988
4602204
4602636
4602852
4603284
4603932
4604148
4604580
4604796
4605228
4605444
4605876
4606092
4606524
4606740
4607172
4607388
4607820
4608036
4608468
4608684
4609116
4609764
4609980
4610412
4610628
4611060
4611276
4611708
4611924
4612356
4612572
4613220
4613652
4613868
4614516
4614948
4615164
4615596
4615812
4616244
4616460
4616892
4617108
4617540
4618188
4618404
4618836
4619052
4619484
4620132
4620348
4620780
4620996
4621428
4621644
4622076
4622292
4622724
4622940
4623372
4623588
4624020
4624236
4624668
4624884
4625316
4625532
4625964
4626180
4626612
4626828
4627260
4627476
4627908
4628124
4628556
4628772
4629204
4629420
4629852
4630068
4630716
4631148
4631364
4631796
4632012
4632444
4632660
4633092
4633308
4633740
4633956
4634388
4634604
4635036
4635252
4635684
4636332
4636548
4636980
4637196
4637628
4637844
4638276
4638492
4638924
4639788
4640220
4640436
4640868
4641516
4641732
4642164
4642380
4642812
4643028
4643460
4643676
4644108
4644324
4644756
4644972
4645404
4645620
4646052
4646268
4646916
4647348
4647564
4647996
4648212
4648644
4648860
4649292
4649508
4649940
4650156
4650804
4651236
4651452
4651884
4652532
4652748
4653180
4653396
4653828
4654044
4654476
4654692
4655124
4655340
4655772
4655988
4656420
4656636
4657068
4657284
4657716
4657932
4658364
4658580
4659012
4659228
4659660
4659876
4660308
4660524
4660956
4661172
4661604
4661820
4662468
4663116
4663548
4663764
4664196
4664412
4664844
4665060
4665492
4665708
4666140
4666356
4666788
4667004
4667436
4667652
4668084
4668732
4668948
4669380
4669596
4670028
4670244
4670676
4670892
4671324
4671540
4671972
4672188
4672620
4673268
4673484
4673916
4674132
4674564
4674780
4675212
4675428
4675860
4676076
4676508
4676724
4677156
4677372
4677804
4678020
4678452
4678668
4679316
4679748
4679964
4680396
4680612
4681044
4681260
4681692
4681908
4682340
4682556
4682988
4683204
4683636
4683852
4684284
4684932
4685148
4685580
4685796
4686228
4686444
4686876
4687092
4687524
4687740
4688172
4688388
4688820
4689036
4689468
4689684
4690116
4690332
4690980
4691628
4692060
4692276
4692708
4692924
4693356
4693572
4694220
4694652
4694868
4695516
4695948
4696164
4696596
4696812
4697244
4697460
4697892
4698108
4698540
4698756
4699188
4699404
4699836
4700052
4700484
4701132
4701348
4701780
4701996
4702428
4702644
4703076
4703292
4703724
4703940
4704372
4705020
4705236
4705668
4705884
4706316
4706532
4706964
4707180
4707612
4707828
4708260
4708476
4708908
4709124
4709556
4709772
4710204
4710420
4710852
4711068
4711716
4712148
4712364
4712796
4713444
4713660
4714092
4714308
4714740
4714956
4715388
4715604
4716036
4716252
4716684
4717332
4717980
4718628
4718844
4719276
4719492
4719924
4720140
4720572
4720788
4721220
4721436
4721868
4722084
4722516
4722732
4723164
4723380
4723812
4724028
4724460
4724676
4725108
4725324
4725972
4726404
4726620
4727052
4727916
4728348
4728564
4728996
4729212
4729644
4729860
4730292
4730508
4730940
4731156
4731588
4731804
4732236
4732452
4732884
4733532
4733748
4734180
4734396
4734828
4735044
4735476
4735692
4736124
4736772
4736988
4737420
4737636
4738068
4738284
4738716
4738932
4739364
4739580
4740012
4740228
4740660
4740876
4741308
4741524
4742172
4742604
4742820
4743252
4743468
4744116
4744548
4744764
4745196
4745412
4745844
4746060
4746492
4746708
4747140
4747356
4747788
4748004
4748436
4748652
4749084
4749732
4749948
4750380
4750596
4751028
4751244
4751676
4751892
4752324
4752540
4752972
4753188
4753620
4753836
4754268
4754484
4754916
4755132
4755564
4755780
4756212
4756428
4756860
4757076
4757724
4758156
4758372
4758804
4759020
4759452
4759668
4760316
4760748
4760964
4761396
4761612
4762044
4762260
4762692
4762908
4763340
4763556
4763988
4764204
4764636
4764852
4765284
4765932
4766148
4766580
4766796
4767228
4767444
4767876
4768524
4768740
4769172
4769388
4770036
4770468
4770684
4771116
4771332
4771764
4771980
4772412
4772628
4773060
4773276
4773708
4773924
4774356
4774572
4775004
4775220
4775652
4775868
4776516
4776948
4777164
4777596
4777812
4778244
4778460
4778892
4779108
4779540
4779756
4780188
4780404
4780836
4781052
4781484
4782132
4782348
4782780
4782996
4783428
4783644
4784076
4784292
4784724
4784940
4785372
4785588
4786020
4786236
4786668
4786884
4787316
4787532
4787964
4788180
4788612
4788828
4789476
4789908
4790124
4790556
4790772
4791204
4791420
4791852
4792068
4792716
4793148
4793364
4793796
4794012
4794444
4794660
4795092
4795308
4795740
4796388
4796604
4797036
4797252
4797684
4798332
4798548
4798980
4799196
4799628
4800492
4800924
4801140
4801572
4801788
4802220
4802436
4802868
4803084
4803516
4803732
4804164
4804380
4804812
4805028
4805460
4805676
4806108
4806324
4806756
4806972
4807404
4807620
4808052
4808916
4809348
4809564
4809996
4810212
4810644
4810860
4811292
4811508
4811940
4812156
4812588
4812804
4813236
4813452
4814532
4814748
4815180
4815396
4815828
4816044
4816476
4816692
4817124
4817340
4817772
4817988
4818420
4818636
4819068
4819284
4819716
4819932
4820364
4820580
4821228
4821660
4821876
4822308
4822524
4822956
4823172
4823604
4823820
4824252
4824468
4825116
4825548
4825764
4826196
4826412
4826844
4827060
4827492
4827708
4828140
4828356
4828788
4829004
4829436
4829652
4830084
4830732
4830948
4831380
4832028
4832244
4832676
4832892
4833324
4833540
4833972
4834188
4834620
4834836
4835268
4835484
4835916
4836132
4836564
4837212
4837428
4838076
4838508
4838724
4839156
4839372
4839804
4840020
4840452
4840668
4841316
4841748
4841964
4842396
4842612
4843044
4843260
4843692
4843908
4844340
4844556
4844988
4845204
4845636
4845852
4846284
4846932
4847148
4847580
4847796
4848444
4848876
4849092
4849524
4849740
4850172
4850388
4850820
4851036
4851468
4851684
4852116
4852332
4852980
4853412
4853628
4854060
4854276
4854708
4854924
4855356
4855572
4856004
4856652
4856868
4857516
4857948
4858164
4858596
4858812
4859244
4859460
4859892
4860108
4860540
4860756
4861188
4861404
4861836
4862052
4862484
4863132
4863780
4863996
4864428
4864644
4865076
4865292
4865724
4865940
4866372
4866588
4867020
4867236
4867668
4867884
4868316
4868532
4868964
4869180
4869612
4869828
4870260
4870476
4870908
4871124
4871556
4871772
4872204
4872420
4872852
4873068
4873716
4874148
4874796
4875012
4875444
4875660
4876092
4876308
4876740
4876956
4877388
4877604
4878252
4878684
4879332
4879548
4879980
4880196
4880628
4880844
4881276
4881492
4881924
4882140
4882572
4882788
4883220
4883436
4883868
4884084
4884732
4885164
4885380
4885812
4886028
4886460
4886676
4887108
4887756
4887972
4888404
4888620
4889052
4889268
4889916
4890348
4890564
4890996
4891212
4891644
4891860
4892292
4892508
4892940
4893156
4893588
4893804
4894236
4894452
4894884
4895532
4895748
4896180
4896396
4896828
4897044
4897476
4897692
4898124
4898340
4898772
4898988
4899420
4899636
4900068
4900716
4900932
4901364
4901580
4902012
4902228
4902660
4902876
4903308
4903524
4903956
4904172
4904604
4904820
4905252
4905468
4906116
4906548
4906764
4907196
4907412
4907844
4908060
4908492
4908708
4909140
4909356
4910004
4910436
4910652
4911084
4911732
4911948
4912380
4912596
4913028
4913244
4913676
4913892
4914324
4914540
4914972
4915188
4915620
4915836
4916484
4916916
4917132
4917564
4917780
4918212
4918428
4918860
4919076
4919508
4919724
4920156
4920372
4920804
4921020
4921452
4921668
4922316
4922748
4922964
4923396
4923612
4924044
4924260
4924692
4924908
4925340
4925556
4925988
4926204
4927284
4927932
4928148
4928580
4928796
4929228
4929444
4929876
4930092
4930524
4930740
4931172
4931388
4931820
4932036
4932468
4932684
4933116
4933332
4933764
4933980
4934412
4934628
4935060
4935276
4935708
4935924
4936356
4936572
4937004
4937220
4937652
4937868
4938516
4938948
4939164
4939596
4939812
4940244
4940460
4940892
4941108
4941540
4941756
4942188
4942404
4942836
4943052
4943484
4944132
4944348
4944780
4944996
4945428
4945644
4946076
4946724
4946940
4947372
4947588
4948236
4948668
4948884
4949316
4949532
4949964
4950180
4950612
4950828
4951260
4951908
4952124
4952556
4953204
4953420
4953852
4954068
4954716
4955148
4955364
4955796
4956012
4956444
4956660
4957092
4957308
4957740
4957956
4958388
4959036
4959252
4959684
4960332
4960548
4960980
4961196
4961628
4961844
4962276
4962492
4962924
4963140
4963572
4963788
4964220
4964436
4964868
4965084
4965516
4965732
4966164
4966380
4966812
4967028
4967460
4967676
4968108
4968324
4968756
4968972
4969404
4969620
4970052
4970268
4970916
4971348
4971564
4971996
4972212
4972644
4972860
4973292
4973508
4973940
4974156
4974588
4974804
4975236
4975452
4975884
4976532
4976748
4977180
4977396
4977828
4978044
4978476
4978692
4979124
4979340
4979988
4980420
4980636
4981068
4981284
4981716
4981932
4982364
4982580
4983012
4983228
4983660
4983876
4984308
4984524
4984956
4985172
4985604
4985820
4986252
4986468
4987116
4987548
4987764
4988196
4988412
4988844
4989060
4989492
4989708
4990140
4990788
4991004
4991436
4991652
4992084
4992732
4992948
4993380
4993596
4994028
4994244
4994676
4994892
4995324
4995972
4996188
4996620
4996836
4997268
4997484
4997916
4998132
4998564
4998780
4999212
4999428
4999860
5000076
5000508
5000724
5001156
5001372
5001804
5002020
5002452
5002668
5003316
5003748
5003964
5004396
5004612
5005260
5005692
5005908
5006340
5006556
5006988
5007204
5007636
5007852
5008284
5008932
5009148
5009580
5009796
5010228
5010444
5010876
5011092
5011740
5012172
5012388
5012820
5013036
5013468
5013684
5014116
5014332
5014764
5014980
5015412
5015628
5016060
5016276
5016708
5016924
5017356
5017572
5018004
5018220
5018652
5018868
5019516
5019948
5020164
5020596
5020812
5021244
5021460
5021892
5022540
5022756
5023188
5023404
5023836
5024052
5024484
5025348
5025780
5025996
5026428
5026644
5027076
5027292
5027724
5027940
5028372
5028588
5029020
5029236
5029668
5029884
5030316
5030532
5030964
5031612
5031828
5032260
5032476
5032908
5033124
5033556
5033772
5034204
5034420
5034852
5035068
5035716
5036148
5036364
5036796
5037012
5037444
5037660
5038092
5038308
5038740
5038956
5039388
5039604
5040036
5040252
5040684
5041332
5041548
5041980
5042196
5042628
5042844
5043492
5043924
5044140
5044572
5044788
5045220
5045436
5045868
5046084
5046516
5046732
5047164
5047380
5047812
5048028
5048460
5048676
5049108
5049324
5049756
5049972
5050404
5050620
5051052
5051268
5051916
5052348
5052564
5052996
5053212
5053644
5054292
5054508
5054940
5055156
5055588
5056236
5056452
5056884
5057532
5057748
5058180
5058396
5058828
5059044
5059476
5059692
5060124
5060340
5060772
5060988
5061420
5061636
5062068
5062284
5062716
5062932
5063364
5063580
5064012
5064228
5064660
5064876
5065308
5065524
5065956
5066172
5066604
5066820
5067252
5067468
5068116
5068548
5068764
5069196
5069412
5069844
5070060
5070492
5070708
5071140
5071356
5071788
5072004
5072436
5072652
5073084
5073732
5073948
5074380
5074596
5075244
5075676
5075892
5076324
5076540
5076972
5077188
5077620
5077836
5078268
5078484
5078916
5079132
5079564
5079780
5080212
5080428
5081076
5081508
5081724
5082156
5082372
5082804
5083020
5083668
5084316
5084964
5085396
5086044
5086260
5086692
5086908
5087340
5087988
5088204
5088636
5088852
5089284
5089932
5090148
5090580
5090796
5091228
5091444
5091876
5092092
5092524
5092740
5093172
5093388
5093820
5094036
5094468
5094684
5095116
5095332
5095764
5095980
5096412
5096628
5097060
5097276
5097708
5097924
5098356
5098572
5099004
5099220
5099652
5099868
5100516
5100948
5101164
5101596
5101812
5102244
5102460
5102892
5103108
5103540
5103756
5104188
5104404
5104836
5105052
5105484
5106132
5106348
5106996
5107644
5108076
5108292
5108724
5108940
5109372
5110020
5110236
5110668
5110884
5111316
5111532
5111964
5112180
5112612
5112828
5113260
5113476
5113908
5114124
5114556
5114772
5115204
5115420
5115852
5116068
5116716
5117148
5117796
5118012
5118444
5118660
5119092
5119308
5119740
5119956
5120388
5120604
5121036
5121252
5121684
5122332
5122548
5122980
5123196
5123628
5123844
5124276
5124492
5124924
5125140
5125572
5125788
5126220
5126436
5126868
5127084
5127516
5127732
5128164
5128380
5129028
5129460
5129676
5130108
5130324
5130756
5130972
5131404
5131620
5132052
5132268
5132916
5133348
5133564
5133996
5134212
5134644
5134860
5135292
5135508
5135940
5136156
5136588
5136804
5137236
5137452
5137884
5138748
5139180
5139396
5139828
5140044
5140476
5140692
5141124
5141340
5141772
5141988
5142420
5142636
5143068
5143284
5143716
5143932
5144364
5144580
5145012
5145228
5145660
5145876
5146308
5146524
5146956
5147172
5147604
5147820
5148252
5148468
5149548
5149764
5150196
5150412
5150844
5151060
5151492
5151708
5152140
5152356
5152788
5153004
5153436
5153652
5154084
5154732
5154948
5155380
5155596
5156028
5156244
5156676
5156892
5157540
5157972
5158188
5158620
5158836
5159268
5159484
5159916
5160132
5160564
5160780
5161212
5161428
5162076
5162508
5162724
5163156
5163372
5163804
5164020
5164452
5164668
5165748
5165964
5166396
5166612
5167044
5167260
5167692
5167908
5168340
5168556
5168988
5169204
5169636
5169852
5170932
5171148
5171580
5171796
5172228
5172444
5172876
5173092
5173524
5173740
5174172
5174388
5175036
5175468
5175684
5176116
5176332
5176764
5176980
5177412
5177628
5178060
5178276
5178708
5178924
5179356
5179572
5180004
5180220
5180652
5181516
5181948
5182164
5182596
5182812
5183244
5183460
5183892
5184108
5184540
5184756
5185188
5185836
5186052
5186484
5187132
5187348
5187780
5188428
5188644
5189076
5189292
5189724
5189940
5190372
5190588
5191020
5191236
5191668
5191884
5192316
5192532
5192964
5193180
5193612
5193828
5194260
5194476
5194908
5195124
5195556
5195772
5196204
5196420
5196852
5197068
5197716
5198148
5198364
5198796
5199444
5199660
5200092
5200308
5200740
5200956
5201388
5201604
5202252
5202684
5203332
5203548
5203980
5204196
5204628
5204844
5205276
5205492
5205924
5206140
5206572
5206788
5207220
5207436
5207868
5208516
5208732
5209164
5209380
5209812
5210028
5210460
5210676
5211108
5211324
5211756
5211972
5213052
5213268
5213916
5214348
5214564
5214996
5215212
5215644
5215860
5216292
5216508
5216940
5217156
5217588
5217804
5218236
5218452
5218884
5219532
5219748
5220180
5220396
5220828
5221044
5221476
5221692
5222124
5222340
5222772
5222988
5223420
5223636
5224068
5224716
5224932
5225364
5225580
5226012
5226228
5226660
5226876
5227308
5227524
5227956
5228172
5228604
5228820
5229252
5229468
5230116
5230548
5230764
5231196
5231412
5231844
5232060
5232492
5232708
5233140
5233356
5234004
5234436
5234652
5235084
5235732
5235948
5236380
5236596
5237028
5237244
5237676
5237892
5238540
5238972
5239188
5239620
5239836
5240484
5240916
5241132
5241564
5241780
5242212
5242428
5242860
5243076
5243508
5243724
5244156
5244804
5245020
5245452
5245668
5246316
5246748
5246964
5247396
5247612
5248044
5248260
5248692
5248908
5249340
5249556
5249988
5250204
5250636
5250852
5251284
5251932
5252148
5252580
5252796
5253228
5253444
5253876
5254092
5254524
5254740
5255172
5255388
5255820
5256036
5256468
5256684
5257116
5257332
5257764
5257980
5258412
5258628
5259060
5259276
5259708
5259924
5260356
5260572
5261004
5261220
5261652
5261868
5262516
5262948
5263164
5263596
5263812
5264244
5264460
5265108
5265756
5266188
5266836
5267052
5267484
5268132
5268348
5268780
5268996
5269428
5269644
5270076
5270292
5270724
5270940
5271372
5271588
5272020
5272236
5272668
5272884
5273316
5273532
5273964
5274180
5274612
5275260
5275476
5275908
5276556
5276772
5277204
5277420
5277852
5278068
5278716
5279148
5279364
5279796
5280012
5280444
5280660
5281092
5281308
5281740
5281956
5282388
5282604
5283036
5283252
5283684
5284332
5284548
5284980
5285196
5285628
5285844
5286276
5286492
5286924
5287140
5287572
5287788
5288220
5288436
5288868
5289084
5289516
5289732
5290164
5290380
5290812
5291028
5291460
5291676
5292108
5292324
5292756
5292972
5293404
5293620
5294052
5294268
5294916
5295348
5295564
5295996
5296212
5296644
5296860
5297508
5297940
5298156
5298588
5298804
5299236
5299452
5299884
5300532
5300748
5301180
5301396
5301828
5302044
5302476
5302692
5303124
5303340
5303772
5303988
5304420
5304636
5305068
5305284
5305716
5305932
5306364
5306580
5307012
5307228
5307660
5308308
5308524
5308956
5309172
5309604
5309820
5310252
5310468
5311116
5311548
5311764
5312196
5312412
5312844
5313060
5313492
5313708
5314140
5314356
5314788
5315004
5315436
5315652
5316084
5316732
5316948
5317380
5317596
5318028
5318244
5318892
5319324
5319540
5319972
5320188
5320620
5320836
5321268
5321484
5321916
5322132
5322564
5322780
5323212
5323428
5323860
5324076
5324508
5324724
5325156
5325372
5325804
5326020
5326452
5326668
5327316
5327748
5327964
5328396
5328612
5329260
5329692
5329908
5330340
5330556
5330988
5331204
5331636
5331852
5332284
5333148
5333580
5333796
5334228
5334444
5334876
5335092
5335524
5335740
5336172
5336388
5336820
5337036
5337468
5337684
5338116
5338332
5338764
5338980
5339412
5340060
5340276
5340708
5340924
5341572
5342004
5342220
5342652
5342868
5343516
5343948
5344164
5344596
5345244
5345460
5345892
5346108
5346540
5346756
5347188
5347404
5348052
5348484
5349132
5349348
5349780
5349996
5350428
5350644
5351076
5351292
5351724
5351940
5352372
5352588
5353020
5353236
5353668
5353884
5354316
5354532
5354964
5355180
5355612
5355828
5356260
5356476
5356908
5357124
5357556
5357772
5358204
5358420
5359068
5359716
5360148
5360364
5361012
5361444
5361660
5362092
5362308
5362740
5362956
5363388
5363604
5364036
5364252
5364684
5365332
5365548
5365980
5366196
5366628
5366844
5367276
5367492
5367924
5368140
5368572
5368788
5369220
5369436
5369868
5370084
5370516
5371164
5371812
5372028
5372460
5372676
5373108
5373324
5373756
5373972
5374404
5374620
5375052
5375268
5375916
5376348
5376564
5376996
5377212
5377644
5377860
5378292
5378508
5378940
5379156
5379588
5379804
5380236
5380452
5380884
5381532
5381748
5382180
5382396
5382828
5383044
5383476
5383692
5384124
5384772
5384988
5385420
5385636
5386068
5386284
5386716
5386932
5387364
5387580
5388012
5388228
5388660
5388876
5389308
5389524
5389956
5390172
5390604
5390820
5391252
5391468
5392116
5392764
5393196
5393412
5393844
5394060
5394492
5394708
5395140
5395356
5395788
5396004
5396436
5396652
5397732
5397948
5398380
5398596
5399028
5399244
5399892
5400324
5400540
5400972
5401188
5401620
5401836
5402268
5402484
5402916
5403564
5403780
5404212
5404428
5404860
5405076
5405508
5405724
5406156
5406372
5406804
5407020
5407452
5407668
5408316
5408748
5408964
5409396
5409612
5410044
5410260
5410692
5410908
5411340
5411556
5411988
5412204
5412636
5412852
5413284
5413932
5414148
5414580
5414796
5415228
5415444
5415876
5416092
5416524
5416740
5417172
5417388
5417820
5418036
5418468
5418684
5419116
5419764
5419980
5420412
5420628
5421060
5421276
5421708
5421924
5422356
5422572
5423004
5423652
5423868
5424516
5424948
5425164
5425596
5425812
5426244
5426460
5426892
5427108
5427756
5428188
5428404
5428836
5429052
5429484
5430132
5430348
5430780
5430996
5431428
5431644
5432076
5432292
5432724
5432940
5433372
5433588
5434020
5434236
5434668
5435316
5435532
5435964
5436180
5436612
5436828
5437260
5437476
5437908
5438124
5438556
5438772
5439204
5439420
5439852
5440068
5440716
5441148
5441364
5441796
5442012
5442444
5442660
5443092
5443308
5443740
5443956
5444388
5444604
5445036
5445252
5445684
5446332
5446548
5446980
5447196
5447628
5447844
5448276
5448492
5448924
5449140
5449572
5449788
5450220
5450436
5450868
5451084
5451516
5451732
5452164
5452380
5452812
5453028
5453460
5453676
5454108
5454324
5454756
5454972
5455404
5455620
5456268
5456916
5457564
5457996
5458212
5458644
5458860
5459292
5459508
5459940
5460156
5460588
5460804
5461236
5461452
5461884
5462532
5462748
5463180
5463396
5463828
5464044
5464476
5464692
5465124
5465340
5465772
5465988
5466420
5467068
5467284
5467716
5467932
5468364
5468580
5469012
5469228
5469660
5469876
5470308
5470956
5471172
5471604
5471820
5472252
5472468
5473116
5473548
5473764
5474196
5474412
5474844
5475060
5475708
5476140
5476356
5476788
5477004
5477436
5477652
5478084
5478732
5478948
5479380
5479596
5480028
5480244
5480676
5480892
5481324
5481540
5481972
5482188
5482620
5482836
5483268
5483484
5483916
5484132
5484564
5484780
5485212
5485428
5485860
5486076
5486508
5486724
5487372
5488020
5488452
5488668
5489316
5489748
5489964
5490396
5490612
5491044
5491260
5491692
5491908
5492340
5492556
5492988
5493204
5493636
5494284
5494932
5495148
5495580
5495796
5496228
5496444
5496876
5497092
5497524
5497740
5498172
5498820
5499036
5499468
5499684
5500116
5500332
5500980
5501412
5502060
5502276
5502708
5502924
5503356
5503572
5504004
5504220
5504652
5504868
5505516
5505948
5506164
5506596
5506812
5507244
5507460
5507892
5508108
5508756
5509188
5509404
5509836
5510052
5510484
5511132
5511348
5511780
5511996
5512428
5512644
5513076
5513292
5513724
5513940
5514372
5514588
5515020
5515236
5515668
5515884
5516316
5516532
5516964
5517180
5517612
5517828
5518260
5518476
5518908
5519124
5519772
5520204
5520420
5520852
5521068
5521716
5522148
5522364
5522796
5523012
5523444
5523660
5524092
5524308
5524740
5524956
5525388
5525604
5526036
5526252
5526684
5527332
5527548
5527980
5528196
5528628
5528844
5529276
5529492
5529924
5530572
5530788
5531220
5531436
5531868
5532084
5532516
5532732
5533164
5533380
5533812
5534028
5534460
5534676
5535108
5535324
5535756
5535972
5536404
5536620
5537052
5537268
5537916
5538348
5538564
5538996
5539212
5539644
5539860
5540292
5540940
5541156
5541588
5542236
5542452
5542884
5543532
5543748
5544180
5544396
5544828
5545044
5545476
5545692
5546124
5546340
5546772
5546988
5547420
5547636
5548068
5548284
5548716
5548932
5549364
5549580
5550012
5550228
5550660
5550876
5551524
5551956
5552172
5552604
5552820
5553252
5553468
5554116
5554548
5554764
5555196
5555412
5555844
5556060
5556492
5556708
5557140
5557356
5557788
5558004
5558436
5558652
5559084
5559732
5559948
5560380
5560596
5561028
5561244
5561676
5562324
5562540
5562972
5563188
5563620
5563836
5564268
5564484
5564916
5565564
5565780
5566212
5566428
5567076
5567508
5567724
5568156
5568372
5568804
5569020
5569452
5569668
5570316
5570748
5570964
5571396
5571612
5572044
5572260
5572692
5572908
5573340
5573556
5573988
5574204
5574636
5574852
5575932
5576148
5576580
5576796
5577228
5577444
5577876
5578092
5578524
5578740
5579172
5579388
5579820
5580468
5580684
5581116
5581332
5581764
5581980
5582412
5582628
5583276
5583708
5583924
5584356
5584572
5585004
5585220
5585652
5585868
5586516
5587164
5587596
5587812
5588244
5588460
5588892
5589108
5589540
5589756
5590188
5590404
5590836
5591052
5591484
5592132
5592348
5592780
5592996
5593428
5594076
5594292
5594724
5594940
5595372
5595588
5596020
5596236
5596668
5596884
5597316
5597532
5597964
5598180
5598612
5598828
5599260
5599476
5599908
5600124
5600556
5600772
5601204
5601420
5601852
5602068
5602716
5603148
5603796
5604012
5604444
5604660
5605092
5605308
5605740
5605956
5606388
5606604
5607036
5607252
5607684
5608332
5608548
5608980
5609196
5609628
5609844
5610276
5610492
5610924
5611140
5611572
5611788
5612220
5612436
5612868
5613084
5613516
5613732
5614164
5614380
5615028
5615460
5615676
5616108
5616324
5616756
5616972
5617404
5617620
5618052
5618268
5618916
5619348
5619564
5619996
5620212
5620644
5620860
5621292
5621508
5621940
5622156
5622588
5622804
5623236
5623452
5623884
5624532
5624748
5625180
5625828
5626044
5626476
5626692
5627124
5627340
5627772
5628420
5628636
5629068
5629284
5629716
5629932
5630364
5630580
5631012
5631228
5631660
5631876
5632524
5632956
5633172
5633604
5633820
5634252
5634468
5635116
5635548
5635764
5636196
5636412
5636844
5637060
5637492
5637708
5638140
5638356
5638788
5639004
5639436
5639652
5640084
5640732
5640948
5641380
5641596
5642028
5642244
5642676
5642892
5643324
5643540
5643972
5644188
5644620
5644836
5645268
5645484
5645916
5646132
5646780
5647212
5647428
5647860
5648076
5648508
5648724
5649156
5649804
5650020
5650452
5650668
5651316
5651748
5651964
5652396
5652612
5653044
5653692
5653908
5654340
5654556
5654988
5655204
5655636
5655852
5656284
5656932
5657580
5657796
5658228
5658876
5659092
5659524
5659740
5660172
5660388
5660820
5661036
5661468
5661684
5662116
5662332
5662764
5662980
5663412
5664060
5664276
5664708
5664924
5665356
5665572
5666004
5666220
5666652
5666868
5667516
5667948
5668164
5668596
5668812
5669244
5669460
5669892
5670108
5670540
5670756
5671188
5671404
5671836
5672052
5672484
5673132
5673348
5673780
5673996
5674428
5674644
5675076
5675292
5675724
5675940
5676588
5677020
5677236
5677668
5677884
5678532
5678964
5679180
5679612
5679828
5680260
5680476
5680908
5681124
5681556
5681772
5682204
5682420
5682852
5683068
5683716
5684148
5684364
5684796
5685012
5685444
5685660
5686092
5686308
5686740
5686956
5687388
5687604
5688036
5688252
5688684
5689332
5689548
5689980
5690196
5690628
5690844
5691276
5691492
5691924
5692140
5692572
5692788
5693220
5693436
5693868
5694084
5694516
5694732
5695164
5695380
5695812
5696028
5696460
5696676
5697108
5697324
5697756
5697972
5698404
5698620
5699052
5699268
5699916
5700348
5700564
5700996
5701212
5701644
5701860
5702292
5702508
5702940
5703156
5703588
5703804
5704236
5704452
5704884
5705532
5705748
5706180
5706396
5706828
5707044
5707476
5707692
5708124
5708772
5708988
5709420
5709636
5710284
5710932
5711364
5711580
5712012
5712228
5712660
5713308
5713524
5713956
5714172
5714604
5714820
5715252
5715468
5716116
5716548
5716764
5717196
5717412
5717844
5718060
5718492
5718708
5719140
5719356
5719788
5720004
5720436
5721084
5721732
5721948
5722380
5722596
5723028
5723244
5723676
5723892
5724324
5724540
5724972
5725188
5725620
5725836
5726268
5726484
5726916
5727132
5727564
5727780
5728212
5728428
5729076
5729508
5729724
5730156
5730372
5730804
5731020
5731452
5731668
5732316
5732748
5732964
5733396
5733612
5734044
5734260
5734692
5734908
5735340
5735556
5735988
5736204
5736636
5737284
5737932
5738148
5738580
5738796
5739228
5739444
5739876
5740092
5740524
5740740
5741172
5741388
5742036
5742468
5742684
5743116
5743332
5743764
5743980
5744412
5744628
5745060
5745276
5745708
5745924
5746356
5746572
5747004
5747220
5747652
5747868
5748516
5748948
5749164
5749596
5749812
5750244
5750460
5750892
5751108
5751540
5751756
5752188
5752836
5753052
5753484
5754132
5754348
5754780
5754996
5755428
5755644
5756076
5756292
5756724
5756940
5757372
5757588
5758020
5758236
5758668
5758884
5759316
5759532
5759964
5760180
5760612
5760828
5761260
5761476
5761908
5762124
5762556
5762772
5763204
5763420
5763852
5764716
5765148
5765364
5765796
5766012
5766444
5766660
5767092
5767308
5767740
5767956
5768388
5768604
5769036
5769252
5769684
5770548
5770980
5771196
5771628
5771844
5772276
5772492
5772924
5773140
5773788
5774436
5774868
5775084
5775516
5775732
5776164
5776380
5776812
5777028
5777460
5777676
5778108
5778324
5778756
5778972
5779404
5779620
5780052
5780268
5780916
5781348
5781564
5781996
5782212
5782644
5782860
5783292
5783508
5783940
5784588
5784804
5785236
5785452
5786532
5786748
5787180
5787396
5787828
5788044
5788476
5788692
5789340
5789772
5789988
5790420
5790636
5791284
5791716
5791932
5792364
5792580
5793012
5793228
5793660
5793876
5794308
5794524
5794956
5795172
5795604
5795820
5796252
5796468
5797116
5797548
5797764
5798196
5798412
5798844
5799060
5799492
5799708
5800140
5800356
5800788
5801004
5801436
5801652
5802084
5802732
5802948
5803380
5803596
5804028
5804244
5804676
5804892
5805540
5805972
5806188
5806620
5806836
5807268
5807484
5807916
5808132
5808564
5808780
5809428
5809860
5810076
5810508
5810724
5811156
5811372
5811804
5812020
5812452
5812668
5813316
5813748
5813964
5814396
5814612
5815044
5815692
5816340
5816556
5816988
5817204
5817636
5817852
5818284
5818932
5819148
5819580
5819796
5820228
5820444
5820876
5821092
5821524
5821740
5822172
5822820
5823036
5823468
5823684
5824116
5824332
5824764
5824980
5825412
5825628
5826060
5826276
5826708
5826924
5827356
5827572
5828004
5828220
5828652
5828868
5829516
5829948
5830164
5830596
5830812
5831244
5831460
5831892
5832108
5832540
5832756
5833188
5833404
5833836
5834052
5834484
5835132
5835348
5835780
5835996
5836428
5837292
5837724
5837940
5838372
5838588
5839020
5839236
5839668
5839884
5840316
5840532
5840964
5841180
5841612
5841828
5842260
5842476
5842908
5843124
5843556
5843772
5844204
5844420
5844852
5845068
5845716
5846148
5846364
5846796
5847012
5847444
5848092
5848308
5848740
5848956
5849388
5849604
5850036
5850252
5850684
5851332
5851548
5851980
5852196
5852628
5852844
5853276
5853492
5853924
5854140
5854572
5854788
5855220
5855436
5855868
5856084
5856516
5856732
5857164
5857380
5857812
5858028
5858460
5858676
5859108
5859324
5859756
5859972
5860404
5860620
5861052
5861268
5861916
5862348
5862564
5862996
5863644
5863860
5864292
5864508
5864940
5865156
5865588
5865804
5866236
5866452
5866884
5867748
5868180
5868396
5869044
5869476
5869692
5870124
5870340
5870772
5870988
5871420
5871636
5872068
5872284
5872716
5872932
5873364
5873580
5874012
5874228
5874660
5874876
5875308
5875524
5875956
5876172
5876604
5876820
5877252
5877468
5878116
5878548
5878764
5879196
5879844
5880060
5880492
5880708
5881140
5881356
5881788
5882004
5882436
5882652
5883084
5883732
5883948
5884380
5885028
5885244
5885676
5885892
5886324
5886540
5886972
5887620
5887836
5888268
5888484
5888916
5889132
5889564
5889780
5890212
5890428
5890860
5891076
5891508
5891724
5892156
5892372
5892804
5893020
5893452
5894316
5894748
5894964
5895612
5896044
5896260
5896692
5896908
5897340
5897556
5897988
5898204
5898636
5898852
5899284
5899932
5900148
5900796
5901228
5901444
5901876
5902092
5902524
5902740
5903172
5903388
5904036
5904468
5904684
5905116
5905332
5905764
5905980
5906412
5906628
5907060
5907276
5907708
5907924
5908356
5908572
5909004
5909220
5909652
5909868
5910516
5910948
5911596
5911812
5912244
5912460
5912892
5913108
5913540
5913756
5914188
5914404
5914836
5915052
5915484
5916132
5916348
5916780
5916996
5917428
5917644
5918076
5918292
5918724
5918940
5919372
5919588
5920020
5920236
5920668
5920884
5921316
5921532
5921964
5922180
5922612
5922828
5923260
5923476
5923908
5924124
5924556
5924772
5925204
5925420
5925852
5926068
5926716
5927148
5927364
5927796
5928012
5928444
5928660
5929092
5929308
5929740
5929956
5930388
5930604
5931036
5931252
5931684
5932548
5932980
5933196
5933628
5933844
5934276
5934492
5934924
5935140
5935572
5935788
5936220
5936436
5936868
5937084
5937516
5937732
5938164
5938380
5938812
5939028
5939460
5939676
5940108
5940324
5940756
5940972
5941404
5941620
5942052
5942268
5943348
5943564
5943996
5944212
5944644
5944860
5945292
5945508
5946156
5946588
5946804
5947236
5947452
5947884
5948532
5948748
5949180
5949396
5949828
5950044
5950476
5950692
5951124
5951340
5951772
5951988
5952420
5952636
5953068
5953284
5953716
5953932
5954364
5954580
5955012
5955228
5955660
5955876
5956308
5956524
5956956
5957172
5957604
5957820
5958252
5958468
5959116
5959548
5959764
5960196
5960412
5960844
5961060
5961708
5962140
5962356
5962788
5963004
5963436
5963652
5964732
5964948
5965380
5965596
5966028
5966244
5966676
5966892
5967324
5967540
5967972
5968188
5968620
5968836
5969268
5969484
5969916
5970132
5970564
5970780
5971212
5971428
5971860
5972508
5972724
5973156
5973372
5973804
5974020
5974452
5975316
5975748
5975964
5976396
5976612
5977044
5977260
5977692
5977908
5978340
5978556
5978988
5979204
5979636
5979852
5980284
5980932
5981148
5981580
5981796
5982228
5982444
5982876
5983092
5983524
5983740
5984172
5984388
5984820
5985036
5985468
5985684
5986116
5986332
5986764
5986980
5987412
5987628
5988060
5988924
5989356
5989572
5990004
5990220
5990652
5990868
5991516
5991948
5992164
5992596
5992812
5993244
5993460
5993892
5994108
5994540
5994756
5995188
5995404
5996052
5996484
5997132
5997348
5997780
5997996
5998428
5998644
5999076
5999292
5999724
5999940
6000372
6000588
6001020
6001236
6001668
6001884
6002316
6002532
6002964
6003180
6003612
6003828
6004260
6004476
6005124
6005556
6005772
6006204
6006852
6007068
6007716
6008148
6008364
6008796
6009012
6009444
6009660
6010092
6010308
6010740
6010956
6011388
6011604
6012036
6012252
6012684
6013332
6013548
6013980
6014196
6014628
6014844
6015276
6015492
6015924
6016140
6016572
6016788
6017220
6017436
6017868
6018084
6018516
6018732
6019164
6019380
6019812
6020028
6020460
6020676
6021108
6021324
6021756
6021972
6022404
6022620
6023052
6023268
6024564
6024996
6025212
6025644
6025860
6026292
6026508
6026940
6027156
6027804
6028236
6028452
6028884
6029532
6029748
6030180
6030396
6030828
6031044
6031476
6031692
6032124
6032340
6032772
6032988
6033420
6033636
6034068
6034284
6034716
6034932
6035364
6035580
6036012
6036228
6036660
6036876
6037308
6037524
6037956
6038604
6038820
6039252
6039468
6040116
6040548
6040764
6041196
6041844
6042060
6042492
6042708
6043356
6043788
6044004
6044436
6044652
6045084
6045732
6045948
6046380
6046596
6047028
6047244
6047676
6047892
6048324
6048540
6048972
6049188
6049620
6049836
6050268
6050916
6051132
6051564
6051780
6052212
6052428
6052860
6053076
6053508
6053724
6054156
6054372
6054804
6055020
6055452
6055668
6056316
6056748
6056964
6057396
6057612
6058044
6058260
6058692
6058908
6059556
6059988
6060204
6060636
6060852
6061284
6062148
6062580
6062796
6063228
6063444
6063876
6064092
6064524
6064740
6065172
6065388
6065820
6066036
6066468
6066684
6067116
6067332
6067764
6067980
6068412
6068628
6069060
6069276
6069708
6070356
6070572
6071004
6071220
6071652
6071868
6072516
6072948
6073164
6073596
6073812
6074244
6074460
6074892
6075108
6075540
6075756
6076188
6076404
6076836
6077052
6077484
6078132
6078348
6078780
6078996
6079428
6079644
6080076
6080292
6080724
6080940
6081372
6081588
6082020
6082236
6082668
6082884
6083316
6083532
6083964
6084180
6084612
6084828
6085260
6085908
6086124
6086556
6086772
6087204
6087420
6087852
6088068
6088716
6089148
6089364
6089796
6090012
6090444
6090660
6091308
6091740
6091956
6092388
6092604
6093036
6093252
6093684
6094332
6094548
6094980
6095196
6095628
6095844
6096276
6096492
6096924
6097140
6097572
6097788
6098220
6098436
6098868
6099084
6099516
6099732
6100164
6100380
6100812
6101028
6101460
6102108
6102324
6102972
6103404
6103620
6104052
6104268
6104916
6105348
6105564
6105996
6106212
6106644
6106860
6107292
6107508
6107940
6108156
6108588
6108804
6109236
6109452
6109884
6110532
6110748
6111180
6111396
6111828
6112044
6112476
6112692
6113340
6113772
6113988
6114636
6115068
6115284
6115716
6115932
6116364
6116580
6117012
6117228
6117660
6117876
6118308
6118524
6118956
6119172
6119604
6119820
6120252
6120468
6121548
6121764
6122196
6122412
6123060
6123708
6124140
6124356
6124788
6125004
6125436
6125652
6126084
6126732
6126948
6127380
6127596
6128028
6128244
6128676
6129324
6129540
6129972
6130188
6130620
6130836
6131268
6131484
6131916
6132132
6132564
6132780
6133212
6133860
6134076
6134508
6134724
6135156
6135372
6135804
6136020
6136452
6136668
6137316
6137748
6137964
6138396
6138612
6139044
6139260
6139692
6139908
6140340
6140556
6140988
6141204
6141636
6141852
6142284
6142932
6143148
6143580
6143796
6144228
6144444
6144876
6145092
6145524
6145740
6146172
6146388
6146820
6147036
6147468
6147684
6148116
6148332
6148980
6149412
6149628
6150060
6150276
6150708
6151356
6151572
6152004
6152220
6152652
6152868
6153516
6153948
6154164
6154812
6155244
6155460
6155892
6156108
6156540
6156756
6157188
6157404
6157836
6158052
6158484
6159132
6159348
6159780
6159996
6160428
6160644
6161076
6161292
6161724
6161940
6162372
6162588
6163020
6163236
6163668
6163884
6164316
6164532
6164964
6165612
6165828
6166260
6166476
6166908
6167124
6167556
6167772
6168204
6168420
6168852
6169716
6170148
6170364
6170796
6171012
6171444
6171660
6172092
6172308
6172740
6172956
6173388
6173604
6174036
6174252
6174684
6175332
6175548
6175980
6176196
6176628
6176844
6177276
6177492
6177924
6178140
6178572
6178788
6179220
6179436
6179868
6180084
6180516
6180732
6181380
6181812
6182028
6182676
6183108
6183324
6183756
6183972
6184404
6184620
6185052
6185268
6185916
6186564
6186996
6187212
6187644
6187860
6188292
6188508
6188940
6189156
6189588
6189804
6190236
6190884
6191532
6191748
6192180
6192396
6192828
6193044
6193476
6193692
6194124
6194340
6194772
6194988
6195420
6195636
6196068
6196284
6196716
6197364
6197580
6198012
6198228
6198660
6198876
6199308
6199524
6199956
6200172
6200604
6200820
6201252
6201468
6202116
6202548
6202764
6203196
6203412
6203844
6204060
6204492
6204708
6205140
6205356
6205788
6206004
6206436
6206652
6207084
6207732
6207948
6208380
6208596
6209028
6209244
6209676
6209892
6210324
6210540
6210972
6211620
6211836
6212268
6212484
6212916
6213132
6213564
6213780
6214212
6214428
6214860
6215076
6215508
6215724
6216156
6216372
6216804
6217020
6217452
6217668
6218316
6218748
6218964
6219396
6219612
6220044
6220260
6220692
6220908
6221340
6221556
6221988
6222204
6222636
6222852
6223284
6224148
6224580
6224796
6225228
6225444
6225876
6226092
6226524
6226740
6227172
6227820
6228036
6228468
6229116
6229332
6229764
6229980
6230412
6230628
6231060
6231276
6231708
6231924
6232356
6232572
6233004
6233220
6233652
6233868
6234516
6234948
6235164
6235596
6235812
6236244
6236460
6236892
6237108
6237540
6237756
6238188
6238404
6238836
6239052
6239484
6240132
6240348
6240780
6240996
6241428
6241644
6242076
6242292
6242724
6242940
6243372
6243588
6244020
6244236
6244668
6244884
6245316
6245532
6245964
6246180
6246612
6246828
6247260
6247476
6247908
6248124
6248556
6248772
6249204
6249420
6250068
6250716
6251148
6251364
6251796
6252012
6252444
6252660
6253092
6253308
6253740
6253956
6254388
6254604
6255036
6255252
6255684
6256332
6256548
6256980
6257196
6257628
6257844
6258276
6258492
6258924
6259140
6259788
6260220
6260868
6261084
6261516
6261732
6262164
6262380
6262812
6263028
6263460
6263676
6264108
6264324
6264756
6264972
6265404
6265620
6266052
6266268
6266916
6267348
6267564
6267996
6268212
6268644
6268860
6269292
6269508
6269940
6270156
6270588
6270804
6271236
6271452
6271884
6272532
6273180
6273396
6273828
6274044
6274476
6274692
6275124
6275340
6275772
6275988
6276420
6276636
6277284
6277716
6277932
6278364
6278580
6279012
6279228
6279660
6279876
6280308
6280524
6280956
6281172
6281820
6282252
6282468
6283116
6283548
6283764
6284196
6284412
6284844
6285060
6285492
6286140
6286356
6286788
6287004
6287436
6287652
6288084
6288732
6288948
6289380
6289596
6290028
6290244
6290676
6290892
6291324
6291540
6291972
6292620
6292836
6293268
6293484
6293916
6294132
6294564
6294780
6295212
6295428
6295860
6296076
6296508
6296724
6297156
6297372
6297804
6298020
6298452
6298668
6299316
6299748
6299964
6300396
6300612
6301044
6301260
6301692
6301908
6302340
6302988
6303204
6303636
6303852
6304284
6304932
6305148
6305580
6305796
6306228
6306444
6306876
6307092
6307524
6307740
6308172
6308388
6308820
6309036
6309468
6309684
6310116
6310332
6310764
6310980
6311412
6311628
6312060
6312276
6312708
6312924
6313572
6314004
6314220
6314652
6314868
6315516
6315948
6316164
6316596
6316812
6317244
6317460
6317892
6318108
6318540
6318756
6319188
6319404
6319836
6320052
6320484
6321132
6321348
6321780
6321996
6322428
6322644
6323076
6323292
6323724
6324372
6324588
6325020
6325236
6325668
6325884
6326316
6326532
6326964
6327180
6327612
6327828
6328260
6328476
6328908
6329124
6329556
6329772
6330204
6330420
6331716
6332148
6332364
6332796
6333012
6333660
6334092
6334308
6334740
6334956
6335388
6335604
6336252
6336684
6337332
6337548
6338196
6338628
6338844
6339276
6339492
6339924
6340140
6340572
6340788
6341220
6341436
6341868
6342084
6342516
6342732
6343164
6343380
6343812
6344028
6344460
6344676
6345324
6345756
6345972
6346404
6346620
6347052
6347268
6347916
6348348
6348564
6348996
6349212
6349644
6349860
6350292
6350508
6350940
6351156
6351588
6351804
6352236
6352452
6352884
6353532
6353748
6354396
6354828
6355476
6356124
6356340
6356772
6356988
6357420
6358068
6358284
6358716
6358932
6359364
6359580
6360012
6360228
6360660
6360876
6361308
6361524
6361956
6362172
6362604
6362820
6363252
6363468
6364548
6364764
6365196
6365412
6365844
6366060
6366492
6366708
6367140
6367356
6367788
6368004
6368436
6368652
6369084
6369732
6370380
6370596
6371028
6371244
6371676
6371892
6372324
6372540
6372972
6373188
6373620
6373836
6374268
6374484
6374916
6375132
6375564
6375780
6376212
6376428
6377076
6377508
6377724
6378156
6378372
6378804
6379020
6379452
6379668
6380316
6380748
6380964
6381396
6381612
6382044
6382260
6382692
6382908
6383340
6383556
6383988
6384204
6384636
6384852
6385284
6385932
6386148
6386580
6386796
6387228
6387876
6388092
6388524
6388740
6389172
6389388
6389820
6390036
6390468
6390684
6391332
6391764
6391980
6392412
6392628
6393060
6393276
6393708
6393924
6394356
6394572
6395004
6395220
6395652
6395868
6396516
6396948
6397164
6397596
6397812
6398244
6398892
6399108
6399540
6399756
6400188
6400404
6400836
6401052
6401484
6402132
6402348
6402780
6402996
6403428
6403644
6404076
6404292
6404724
6404940
6405372
6405588
6406020
6406236
6406668
6406884
6407316
6407532
6407964
6408180
6408828
6409260
6409476
6409908
6410124
6410556
6410772
6411204
6411420
6411852
6412068
6412716
6413148
6413364
6413796
6414012
6414444
6414660
6415092
6415308
6415956
6416604
6417036
6417252
6417684
6418332
6418548
6418980
6419628
6419844
6420276
6420492
6420924
6421140
6421572
6421788
6422220
6422436
6422868
6423084
6423516
6423732
6424164
6424380
6424812
6425028
6425460
6425676
6426108
6426324
6426756
6426972
6427404
6427620
6428052
6428268
6428916
6429348
6429564
6429996
6430212
6430644
6430860
6431292
6431508
6431940
6432156
6432588
6432804
6433236
6433452
6433884
6434532
6434748
6435180
6435396
6435828
6436044
6436476
6436692
6437124
6437340
6437772
6437988
6438420
6438636
6439068
6439284
6439716
6439932
6440580
6441012
6441228
6441660
6441876
6442308
6443172
6443604
6443820
6444252
6444468
6445116
6445548
6445764
6446196
6446412
6446844
6447060
6447492
6447708
6448140
6448356
6449004
6449436
6449652
6450084
6450732
6451380
6451596
6452028
6452244
6452676
6452892
6453324
6453540
6453972
6454188
6454620
6454836
6455268
6455484
6456132
6456564
6456780
6457212
6457428
6457860
6458076
6458508
6458724
6459156
6459372
6459804
6460020
6460452
6460668
6461316
6461748
6461964
6462396
6462612
6463044
6463260
6463692
6463908
6464340
6464556
6464988
6465204
6465636
6465852
6466284
6466932
6467148
6467580
6467796
6468228
6468444
6468876
6469092
6469524
6469740
6470172
6470388
6470820
6471036
6471468
6471684
6472332
6472764
6472980
6473412
6473628
6474060
6474276
6474708
6474924
6475356
6475572
6476004
6476220
6476652
6476868
6477516
6477948
6478164
6478596
6478812
6479244
6479892
6480108
6480540
6480756
6481188
6481404
6481836
6482052
6482484
6483132
6483348
6483780
6483996
6484428
6484644
6485076
6485292
6485724
6485940
6486372
6486588
6487020
6487236
6487668
6487884
6488316
6488532
6488964
6489180
6489612
6489828
6490260
6490476
6490908
6491124
6491556
6491772
6492204
6492420
6492852
6493068
6493716
6494148
6494364
6495012
6495444
6495660
6496092
6496308
6496740
6496956
6497388
6497604
6498036
6498252
6498684
6499332
6499548
6499980
6500196
6500628
6500844
6501276
6501492
6501924
6502140
6502572
6502788
6503220
6503436
6504084
6504516
6504732
6505164
6505380
6505812
6506028
6506460
6506676
6507108
6507324
6507756
6507972
6508404
6508620
6509052
6509268
6509916
6510348
6510564
6511212
6511644
6511860
6512292
6512508
6512940
6513156
6513588
6513804
6514236
6514884
6515532
6515748
6516180
6516396
6516828
6517044
6517476
6517692
6518124
6518340
6518772
6518988
6519420
6519636
6520068
6520284
6520716
6521364
6521580
6522012
6522228
6522660
6522876
6523524
6523956
6524172
6524604
6524820
6525252
6525468
6526116
6526548
6526764
6527196
6527412
6527844
6528060
6528492
6528708
6529140
6529356
6529788
6530004
6530436
6530652
6531084
6531732
6531948
6532380
6532596
6533028
6533244
6533676
6533892
6534324
6534540
6534972
6535188
6535836
6536268
6536484
6536916
6537132
6537564
6537780
6538212
6538428
6538860
6539076
6539508
6539724
6540156
6540372
6540804
6541020
6541452
6541668
6542316
6542748
6542964
6543396
6543612
6544044
6544260
6544692
6544908
6545340
6545556
6545988
6546636
6546852
6547284
6547932
6548148
6548580
6548796
6549228
6549444
6549876
6550092
6550524
6550740
6551172
6551388
6551820
6552036
6552684
6553116
6553332
6553764
6553980
6554412
6554628
6555060
6555276
6555708
6555924
6556356
6556572
6557004
6557220
6557652
6557868
6558516
6558948
6559164
6559596
6559812
6560244
6560460
6560892
6561108
6561540
6561756
6562188
6562404
6562836
6563052
6563484
6564132
6564348
6564780
6564996
6565428
6565644
6566076
6566292
6566724
6566940
6567588
6568020
6568236
6568668
6568884
6569316
6569532
6569964
6570612
6570828
6571260
6571476
6571908
6572124
6572556
6572772
6573420
6573852
6574068
6574716
6575148
6575364
6575796
6576012
6576444
6576660
6577092
6577308
6577740
6578388
6578604
6579036
6579252
6579684
6580332
6580548
6580980
6581196
6581628
6581844
6582276
6582492
6582924
6583140
6583572
6583788
6584220
6584436
6584868
6585084
6585516
6586164
6586380
6586812
6587028
6587460
6587676
6588108
6588324
6588756
6589404
6589620
6590052
6590268
6590916
6591348
6591564
6591996
6592212
6592644
6592860
6593292
6593508
6593940
6594156
6594588
6594804
6595236
6595452
6595884
6596532
6596748
6597180
6597396
6597828
6598044
6598476
6598692
6599772
6599988
6600420
6600636
6601068
6601284
6601716
6601932
6602364
6602580
6603012
6603228
6603660
6603876
6604308
6604524
6604956
6605172
6605604
6605820
6606252
6606468
6607116
6607548
6607764
6608196
6608412
6608844
6609060
6609492
6610140
6610356
6610788
6611004
6611436
6611652
6612084
6612732
6612948
6613380
6613596
6614028
6614244
6614676
6614892
6615324
6615540
6615972
6616188
6616620
6616836
6617268
6617484
6617916
6618132
6618564
6618780
6619212
6619428
6619860
6620076
6620508
6620724
6621156
6621372
6621804
6622020
6622452
6622668
6623316
6623748
6623964
6624396
6624612
6625044
6625260
6625692
6625908
6626340
6626556
6626988
6627204
6627636
6627852
6628284
6628932
6629148
6629580
6629796
6630228
6631092
6631524
6631740
6632172
6632388
6632820
6633036
6633468
6633684
6634116
6634332
6634764
6634980
6635412
6635628
6636060
6636276
6636708
6636924
6637356
6637572
6638004
6638220
6638652
6638868
6639516
6639948
6640164
6640596
6640812
6641244
6641892
6642108
6642540
6642756
6643188
6643404
6643836
6644052
6644484
6645132
6645348
6645780
6645996
6646428
6646644
6647076
6647292
6647724
6647940
6648372
6648588
6649020
6649236
6649668
6649884
6650316
6650532
6650964
6651180
6651828
6652260
6652476
6652908
6653124
6653556
6653772
6654204
6654420
6654852
6655068
6655716
6656148
6656364
6656796
6657012
6657444
6657660
6658092
6658308
6658740
6658956
6659388
6659604
6660036
6660252
6660684
6661332
6661548
6662196
6662844
6663276
6663492
6663924
6664140
6664572
6664788
6665220
6665436
6665868
6666084
6666516
6666732
6667164
6667380
6667812
6668028
6668460
6668676
6669108
6669324
6669756
6669972
6670404
6670620
6671052
6671268
6671916
6672348
6672564
6672996
6673644
6673860
6674292
6674508
6674940
6675156
6675588
6675804
6676236
6676452
6676884
6677532
6678180
6678396
6678828
6679044
6679476
6679692
6680124
6680340
6680772
6680988
6681420
6681636
6682068
6682284
6682716
6682932
6683364
6683580
6684012
6684228
6684660
6684876
6685308
6685524
6685956
6686172
6686604
6686820
6687252
6687468
6688116
6688548
6688764
6689196
6689412
6689844
6690060
6690492
6690708
6691140
6691356
6691788
6692004
6692436
6692652
6693084
6693732
6693948
6694596
6695028
6695244
6695676
6695892
6696324
6696540
6696972
6697188
6697620
6697836
6698268
6698916
6699132
6699564
6699780
6700212
6700428
6700860
6701076
6701508
6701724
6702156
6702372
6702804
6703020
6703452
6703668
6704316
6704748
6705396
6705612
6706044
6706260
6706692
6706908
6707340
6707556
6707988
6708204
6708636
6708852
6709284
6709932
6710148
6710796
6711228
6711444
6711876
6712092
6712524
6712740
6713172
6713388
6713820
6714036
6714468
6714684
6715116
6715332
6715764
6715980
6716412
6716628
6717060
6717708
6717924
6718356
6718572
6719004
6719220
6719652
6719868
6720516
6720948
6721164
6721596
6721812
6722244
6722460
6722892
6723108
6723540
6723756
6724188
6724404
6724836
6725052
6725484
6726348
6726780
6726996
6727428
6727644
6728076
6728292
6728724
6728940
6729372
6729588
6730236
6730668
6730884
6731316
6731532
6731964
6732180
6732612
6732828
6733260
6733476
6733908
6734124
6734556
6734772
6735204
6735420
6735852
6736068
6737148
6737364
6737796
6738012
6738444
6738660
6739092
6739308
6739740
6739956
6740388
6740604
6741036
6741252
6741684
6742332
6742548
6742980
6743196
6743628
6743844
6744276
6744492
6745140
6745572
6745788
6746436
6746868
6747084
6747516
6747732
6748164
6748380
6748812
6749028
6749460
6749676
6750108
6750324
6750756
6750972
6751404
6751620
6752052
6752268
6752916
6753348
6753564
6753996
6754212
6754644
6754860
6755292
6755508
6755940
6756588
6756804
6757236
6757452
6758532
6758748
6759180
6759396
6759828
6760044
6760476
6760692
6761124
6761340
6761772
6761988
6762420
6762636
6763068
6763284
6763716
6763932
6764364
6764580
6765012
6765228
6765660
6765876
6766308
6766524
6766956
6767172
6767604
6767820
6768252
6769116
6769548
6769764
6770196
6770412
6770844
6771060
6771708
6772140
6772356
6772788
6773436
6773652
6774084
6774732
6774948
6775380
6775596
6776028
6776244
6776676
6776892
6777324
6777540
6777972
6778188
6778620
6778836
6779268
6779484
6779916
6780132
6780564
6780780
6781212
6781428
6781860
6782076
6782508
6782724
6783156
6783372
6783804
6784020
6784452
6784668
6785316
6785748
6785964
6786396
6786612
6787044
6787260
6787692
6787908
6788340
6788556
6788988
6789204
6789852
6790284
6790932
6791148
6791580
6791796
6792228
6792444
6792876
6793092
6793524
6793740
6794172
6794388
6794820
6795036
6795468
6795684
6796116
6796332
6796764
6796980
6797412
6797628
6798060
6798276
6798924
6799356
6799572
6800004
6800652
6800868
6801516
6801948
6802164
6802596
6802812
6803244
6803460
6803892
6804540
6804756
6805188
6805404
6805836
6806052
6806484
6807132
6807348
6807780
6808644
6809076
6809292
6809724
6809940
6810372
6810588
6811020
6811236
6811668
6811884
6812316
6812532
6812964
6813180
6813612
6813828
6814260
6814476
6814908
6815124
6815556
6815772
6816204
6816420
6816852
6817068
6817716
6818148
6818364
6818796
6819012
6819444
6819660
6820092
6820308
6820740
6820956
6821604
6822036
6822252
6822684
6823332
6823548
6823980
6824196
6824628
6824844
6825276
6825492
6825924
6826140
6826572
6826788
6827220
6827436
6827868
6828084
6828516
6828732
6829164
6829380
6829812
6830028
6830460
6830676
6831108
6831324
6832404
6832620
6833052
6833268
6833916
6834348
6834996
6835212
6835644
6835860
6836292
6836508
6836940
6837156
6837588
6837804
6838236
6838452
6838884
6839532
6839748
6840180
6840396
6840828
6841044
6841476
6841692
6842124
6842340
6842772
6842988
6843420
6843636
6844068
6844284
6844716
6844932
6845364
6845580
6846012
6846228
6846660
6846876
6847308
6847524
6847956
6848172
6848604
6848820
6849252
6849468
6850116
6850548
6850764
6851196
6851412
6851844
6852060
6852492
6852708
6853356
6853788
6854004
6854436
6854652
6855084
6855732
6855948
6856380
6856596
6857028
6857244
6857676
6857892
6858324
6858540
6858972
6859188
6859620
6859836
6860268
6860484
6860916
6861132
6861564
6861780
6862212
6862428
6862860
6863076
6863508
6864156
6864372
6864804
6865020
6865452
6865668
6866316
6866748
6866964
6867396
6867612
6868044
6868260
6868692
6868908
6869340
6869556
6869988
6870204
6870636
6870852
6871284
6871932
6872148
6872580
6872796
6873228
6873444
6873876
6874092
6874524
6874740
6875172
6875388
6875820
6876036
6876468
6876684
6877116
6877332
6877764
6877980
6878412
6878628
6879060
6879276
6879708
6879924
6880356
6880572
6881220
6881652
6881868
6882516
6882948
6883164
6883596
6883812
6884244
6884460
6885108
6885540
6885756
6886188
6886404
6887052
6887484
6888132
6888348
6888780
6888996
6889428
6889644
6890076
6890292
6890724
6890940
6891372
6891588
6892020
6892236
6892668
6892884
6893316
6893532
6893964
6894180
6894612
6894828
6895908
6896124
6896556
6896772
6897204
6897420
6898068
6898716
6899148
6899364
6899796
6900012
6900444
6900660
6901092
6901308
6901740
6901956
6902388
6902604
6903036
6903252
6903684
6904332
6904548
6904980
6905196
6905628
6905844
6906276
6906492
6906924
6907140
6907572
6907788
6908220
6908436
6908868
6909084
6909516
6909732
6910164
6910380
6910812
6911028
6911460
6911676
6912108
6912324
6912756
6913404
6913620
6914052
6914268
6914916
6915348
6915564
6915996
6916212
6916860
6917292
6917940
6918156
6918804
6919236
6919452
6919884
6920532
6920748
6921180
6921396
6921828
6922044
6922476
6922692
6923124
6923340
6923772
6923988
6924420
6924636
6925068
6925284
6925716
6925932
6926364
6926580
6927012
6927660
6927876
6928308
6928524
6928956
6929172
6929604
6929820
6930252
6930468
6931116
6931548
6931764
6932196
6932412
6932844
6933060
6933492
6933708
6934140
6934356
6934788
6935004
6935436
6935652
6936084
6936732
6936948
6937380
6937596
6938028
6938244
6938676
6938892
6939324
6939540
6939972
6940188
6940620
6940836
6941268
6941484
6941916
6942132
6942564
6942780
6943212
6943428
6943860
6944076
6944508
6944724
6945156
6945372
6945804
6946020
6946452
6946668
6947316
6947748
6947964
6948612
6949260
6949692
6949908
6950340
6950556
6950988
6951204
6951636
6951852
6952284
6952932
6953148
6953580
6954228
6954444
6954876
6955092
6955524
6955740
6956172
6956388
6956820
6957036
6957468
6957684
6958116
6958332
6958764
6959412
6959628
6960060
6960708
6960924
6961356
6961572
6962004
6962220
6962652
6962868
6963516
6963948
6964164
6964596
6964812
6965460
6965892
6966108
6966540
6966756
6967188
6967404
6967836
6968052
6968484
6969132
6969348
6969780
6969996
6970428
6970644
6971076
6971292
6971724
6971940
6972372
6972588
6973020
6973236
6973668
6973884
6974316
6974532
6974964
6975180
6975612
6975828
6976260
6976476
6976908
6977124
6977772
6978204
6978420
6979068
6979716
6980364
6980796
6981012
6981444
6981660
6982092
6982308
6982740
6982956
6983388
6983604
6984036
6984252
6984684
6985332
6985548
6985980
6986196
6986628
6986844
6987276
6987492
6987924
6988140
6988572
6988788
6989436
6989868
6990084
6991164
6991812
6992028
6992460
6992676
6993108
6993324
6993972
6994404
6994620
6995052
6995268
6995916
6996348
6996564
6996996
6997212
6997644
6997860
6998292
6998508
6998940
6999156
6999588
6999804
7000236
7000452
7000884
7001532
7001748
7002180
7002396
7002828
7003044
7003476
7003692
7004124
7004340
7004772
7004988
7005420
7005636
7006068
7006284
7006716
7006932
7007364
7007580
7008012
7008228
7008660
7008876
7009308
7009524
7009956
7010172
7010604
7010820
7011252
7011468
7012116
7012548
7012764
7013196
7013412
7013844
7014060
7014492
7014708
7015140
7015356
7015788
7016004
7016436
7016652
7017084
7017732
7017948
7018380
7018596
7019028
7019244
7019676
7019892
7020324
7020540
7020972
7021188
7021620
7021836
7022268
7022916
7023132
7023564
7023780
7024212
7024428
7024860
7025076
7025508
7025724
7026156
7026372
7026804
7027452
7027668
7028316
7028748
7028964
7029396
7029612
7030044
7030260
7030692
7030908
7031340
7031556
7031988
7032204
7032636
7032852
7033284
7033932
7034148
7034580
7034796
7035228
7035444
7035876
7036092
7036524
7036740
7037172
7037388
7037820
7038036
7038468
7038684
7039116
7039332
7039764
7039980
7040412
7040628
7041060
7041276
7041708
7041924
7042356
7042572
7043004
7043220
7043868
7044516
7044948
7045164
7045596
7045812
7046244
7046460
7046892
7047108
7047540
7047756
7048188
7048404
7048836
7049052
7049484
7050132
7050348
7050780
7050996
7051428
7051644
7052076
7052292
7052724
7052940
7053372
7053588
7054020
7054668
7054884
7055316
7055532
7055964
7056180
7056612
7057260
7057476
7057908
7058124
7058556
7058772
7059204
7059420
7059852
7060068
7060716
7061148
7061364
7061796
7062012
7062444
7062660
7063092
7063308
7063740
7063956
7064388
7064604
7065036
7065252
7065684
7066332
7066548
7066980
7067196
7067628
7067844
7068276
7068492
7068924
7069140
7069572
7070220
7070436
7070868
7071084
7071516
7071732
7072164
7072380
7072812
7073028
7073460
7073676
7074108
7074324
7074756
7074972
7075620
7076052
7076268
7076916
7077348
7077996
7078212
7078644
7078860
7079292
7079508
7079940
7080156
7080588
7080804
7081236
7081452
7081884
7082532
7082748
7083180
7083396
7083828
7084044
7084476
7084692
7085340
7085772
7086420
7086636
7087068
7087284
7087716
7087932
7088364
7088580
7089012
7089228
7089660
7089876
7090308
7090524
7090956
7091172
7091604
7091820
7092252
7092468
7093116
7093548
7093764
7094196
7094412
7094844
7095060
7095492
7095708
7096140
7096356
7096788
7097004
7097436
7097652
7098084
7098732
7098948
7099380
7099596
7100244
7100676
7100892
7101324
7101540
7101972
7102188
7102620
7102836
7103268
7103484
7103916
7104132
7104564
7104780
7105212
7105428
7105860
7106076
7106508
7106724
7107372
7107804
7108020
7108452
7108668
7109316
7109748
7109964
7110396
7110612
7111044
7111260
7111692
7111908
7112340
7112556
7112988
7113636
7113852
7114284
7114932
7115148
7115580
7115796
7116228
7116444
7116876
7117092
7117524
7118172
7118388
7118820
7119036
7119468
7119684
7120116
7120332
7120764
7120980
7121412
7121628
7122276
7122708
7122924
7123356
7123572
7124004
7124220
7124652
7124868
7125516
7125948
7126164
7126596
7126812
7127244
7127460
7127892
7128108
7128540
7128756
7129188
7129404
7129836
7130052
7130484
7131132
7131348
7131780
7131996
7132428
7132644
7133076
7133724
7133940
7134372
7134588
7135020
7135236
7135668
7135884
7136316
7136964
7137180
7137612
7137828
7138260
7138476
7139124
7139556
7139772
7140204
7140420
7140852
7141068
7141716
7142148
7142364
7142796
7143444
7143660
7144092
7144308
7144740
7144956
7145388
7145604
7146036
7146252
7146684
7147332
7147980
7148628
7148844
7149276
7149924
7150140
7150572
7150788
7151220
7151436
7151868
7152084
7152516
7152732
7153164
7153380
7153812
7154028
7154460
7154676
7155108
7155324
7155756
7155972
7156404
7156620
7157052
7157268
7157916
7158348
7158564
7158996
7159212
7159644
7159860
7160292
7160508
7160940
7161156
7161588
7161804
7162236
7162452
7162884
7163532
7163748
7164180
7164396
7164828
7165044
7165476
7165692
7166124
7166340
7166772
7166988
7167420
7167636
7168068
7168284
7168716
7168932
7169364
7169580
7170012
7170228
7170876
7171308
7171524
7171956
7172172
7172604
7172820
7173252
7173468
7174116
7174548
7174764
7175196
7175844
7176060
7176492
7176708
7177140
7177356
7177788
7178004
7178436
7178652
7179084
7179732
7179948
7180380
7180596
7181028
7181676
7181892
7182324
7182540
7182972
7183188
7183620
7183836
7184268
7184484
7184916
7185132
7185564
7185780
7186212
7186428
7186860
7187076
7187508
7187724
7188156
7188372
7188804
7189020
7189452
7189668
7190316
7190748
7190964
7191396
7191612
7192044
7192260
7192692
7192908
7193340
7193556
7193988
7194204
7194636
7194852
7195284
7195932
7196148
7196580
7196796
7197228
7197444
7197876
7198092
7198524
7198740
7199172
7199388
7199820
7200036
7200684
7201116
7201332
7201764
7201980
7202628
7203060
7203276
7203708
7203924
7204356
7204572
7205004
7205220
7205652
7205868
7206516
7206948
7207164
7207596
7207812
7208244
7208460
7208892
7209108
7209756
7210188
7210404
7210836
7211052
7211484
7212132
7212348
7213428
7213644
7214076
7214292
7214724
7214940
7215372
7215588
7216020
7216236
7216668
7216884
7217316
7217532
7217964
7218180
7218612
7218828
7219260
7219476
7219908
7220124
7220556
7220772
7221204
7221420
7221852
7222068
7222716
7223148
7223364
7223796
7224012
7224444
7224660
7225092
7225308
7225740
7225956
7226388
7227036
7227252
7227684
7228332
7228548
7228980
7229196
7229628
7229844
7230276
7230492
7230924
7231140
7231572
7231788
7232220
7232436
7232868
7233084
7233516
7233732
7234380
7234812
7235028
7235460
7235676
7236108
7236324
7236756
7236972
7237404
7237620
7238052
7238268
7238916
7239348
7239564
7239996
7240212
7240644
7240860
7241292
7241508
7241940
7242156
7242588
7242804
7243236
7243452
7243884
7244532
7245180
7245396
7245828
7246476
7246692
7247124
7247340
7247772
7247988
7248420
7248636
7249068
7249284
7249716
7249932
7250364
7250580
7251012
7251228
7251660
7251876
7252308
7252524
7252956
7253172
7253604
7253820
7254252
7254468
7255116
7255548
7256196
7256412
7256844
7257060
7257492
7257708
7258140
7258356
7258788
7259004
7259436
7259652
7260084
7260732
7260948
7261380
7261596
7262028
7262244
7262676
7262892
7263324
7263540
7263972
7264188
7264620
7264836
7265268
7265484
7266132
7266564
7266780
7267212
7267428
7267860
7268076
7268508
7268724
7269156
7269372
7269804
7270020
7270452
7270668
7271316
7271748
7271964
7272612
7273044
7273260
7273692
7273908
7274340
7274556
7274988
7275204
7275636
7275852
7276284
7276932
7277148
7277580
7277796
7278228
7278444
7279092
7279524
7279740
7280172
7280388
7280820
7281036
7281468
7281684
7282116
7282332
7282764
7282980
7283412
7283628
7284060
7284276
7284708
7284924
7285356
7285572
7286004
7286220
7286652
7286868
7287516
7287948
7288164
7288596
7288812
7289244
7289460
7289892
7290108
7290540
7291188
7291404
7291836
7292052
7292484
7293132
7293348
7293780
7293996
7294428
7294644
7295076
7295292
7295724
7295940
7296372
7296588
7297020
7297236
7297884
7298316
7298532
7298964
7299180
7299612
7299828
7300260
7300476
7300908
7301124
7301556
7301772
7302204
7302420
7302852
7303068
7303716
7304148
7304364
7304796
7305444
7305660
7306092
7306308
7306740
7306956
7307388
7307604
7308036
7308684
7309332
7309548
7309980
7310196
7310628
7310844
7311276
7311492
7311924
7312140
7312572
7312788
7313220
7313436
7313868
7314084
7314516
7314732
7315164
7315380
7315812
7316028
7316460
7316676
7317108
7317324
7317756
7317972
7318404
7318620
7319268
7319916
7320348
7320564
7320996
7321212
7321644
7321860
7322292
7322508
7322940
7323156
7323588
7323804
7324236
7324452
7324884
7325532
7325748
7326180
7326396
7326828
7327044
7327476
7327692
7328124
7328340
7328772
7328988
7329636
7330068
7330284
7330716
7330932
7331364
7331580
7332012
7332228
7332660
7332876
7333308
7333524
7333956
7334172
7334604
7335252
7335468
7336116
7336548
7336764
7337196
7337412
7337844
7338060
7338492
7338708
7339140
7339356
7339788
7340436
7340652
7341084
7341732
7341948
7342380
7342596
7343028
7343244
7343676
7343892
7344324
7344540
7344972
7345188
7345620
7345836
7346268
7346484
7346916
7347132
7347564
7347780
7348212
7348428
7348860
7349076
7349508
7349724
7350156
7350372
7350804
7351020
7351452
7351668
7352316
7352748
7352964
7353396
7353612
7354044
7354260
7354692
7354908
7355340
7355988
7356204
7356636
7356852
7357932
7358148
7358580
7358796
7359228
7359444
7359876
7360092
7360524
7360740
7361388
7361820
7362036
7362468
7362684
7363116
7363332
7363764
7363980
7364412
7364628
7365060
7365276
7365708
7365924
7366356
7366572
7367004
7367220
7367652
7367868
7368516
7369164
7369596
7369812
7370244
7370460
7370892
7371108
7371540
7372188
7372404
7372836
7373052
7373484
7374132
7374348
7374780
7374996
7375428
7375644
7376076
7376292
7376724
7376940
7377372
7377588
7378020
7378236
7378668
7378884
7379316
7379532
7379964
7380180
7380612
7380828
7381260
7381476
7381908
7382124
7382556
7382772
7383204
7383852
7384068
7384716
7385148
7385364
7385796
7386012
7386444
7386660
7387092
7387308
7387740
7387956
7388388
7389036
7389252
7389684
7390332
7390548
7390980
7391196
7391628
7391844
7392276
7392492
7393140
7393572
7393788
7394220
7394436
7394868
7395084
7395516
7396164
7396380
7396812
7397028
7397460
7397676
7398108
7398324
7398756
7398972
7399404
7399620
7400052
7400268
7400916
7401348
7401564
7401996
7402212
7402644
7402860
7403292
7403940
7404156
7404588
7404804
7405236
7405452
7405884
7406532
7406748
7407180
7407396
7407828
7408044
7408476
7408692
7409124
7409340
7409772
7409988
7410420
7410636
7411068
7411284
7411716
7411932
7412364
7412580
7413012
7413228
7413660
7413876
7414524
7414956
7415172
7415604
7415820
7416252
7416468
7417116
7417548
7417764
7418196
7418412
7418844
7419060
7419492
7419708
7420140
7420356
7420788
7421004
7421436
7421652
7422084
7422732
7422948
7423380
7423596
7424028
7424244
7424892
7425324
7425540
7425972
7426188
7426620
7426836
7427268
7427484
7427916
7428132
7428780
7429212
7429428
7429860
7430076
7430508
7430724
7431156
7431372
7431804
7432020
7432452
7432668
7433316
7433748
7433964
7434396
7434612
7435044
7435908
7436340
7436556
7436988
7437204
7437636
7437852
7438284
7438932
7439148
7439580
7439796
7440228
7440444
7440876
7441092
7441524
7441740
7442172
7442388
7442820
7443036
7443684
7444116
7444332
7444764
7444980
7445412
7445628
7446060
7446276
7446924
7447356
7447572
7448004
7448220
7448652
7448868
7449516
7449948
7450164
7450596
7450812
7451244
7451460
7451892
7452108
7452540
7452756
7453188
7453404
7453836
7454052
7454484
7455132
7455348
7455780
7455996
7456644
7457076
7457292
7457724
7457940
7458372
7458588
7459020
7459236
7459884
7460316
7460532
7460964
7461180
7461612
7462260
7462476
7462908
7463124
7463556
7463772
7464204
7464420
7464852
7465716
7466148
7466364
7466796
7467444
7467660
7468092
7468308
7468740
7468956
7469388
7469604
7470036
7470684
7471332
7471548
7471980
7472196
7472628
7472844
7473276
7473492
7473924
7474140
7474572
7474788
7475220
7475436
7475868
7476084
7476516
7476732
7477164
7477380
7477812
7478028
7478460
7478676
7479108
7479324
7479756
7479972
7480404
7480620
7481052
7481268
7482348
7482564
7482996
7483212
7483644
7483860
7484508
7484940
7485156
7485588
7485804
7486236
7486452
7486884
7487532
7487748
7488396
7488828
7489044
7489476
7489692
7490124
7490340
7490772
7490988
7491420
7491636
7492068
7492284
7492716
7492932
7493364
7493580
7494012
7494228
7494660
7494876
7495308
7495524
7495956
7496172
7496604
7496820
7497252
7497468
7498116
7498548
7499196
7499412
7499844
7500060
7500492
7500708
7501140
7501356
7501788
7502004
7502436
7502652
7503084
7503732
7503948
7504380
7504596
7505028
7505244
7505676
7505892
7506324
7506540
7506972
7507188
7507620
7507836
7508268
7508484
7508916
7509132
7509564
7509780
7510212
7510428
7510860
7511076
7511508
7511724
7512156
7512372
7512804
7513020
7513452
7513668
7514316
7514748
7514964
7515396
7515612
7516044
7516260
7516692
7516908
7517340
7517556
7517988
7518204
7518636
7518852
7519284
7520148
7520580
7520796
7521228
7521444
7521876
7522524
7522740
7523172
7523388
7523820
7524036
7524468
7525116
7525332
7525764
7525980
7526412
7526628
7527060
7527276
7527708
7527924
7528356
7528572
7529004
7529220
7529652
7529868
7530948
7531164
7531596
7531812
7532244
7532460
7532892
7533108
7533540
7533756
7534188
7534404
7534836
7535052
7535484
7536132
7536348
7536780
7536996
7537428
7537644
7538292
7538940
7539372
7539588
7540020
7540668
7540884
7541316
7541532
7541964
7542180
7542612
7542828
7543260
7543476
7543908
7544124
7544556
7544772
7545204
7545420
7545852
7546068
7546716
7547148
7547364
7547796
7548012
7548444
7548660
7549092
7549308
7549740
7549956
7550388
7550604
7551036
7551252
7552332
7552548
7552980
7553196
7553628
7553844
7554276
7554492
7554924
7555140
7555572
7555788
7556220
7556436
7556868
7557084
7557516
7557732
7558164
7558380
7558812
7559028
7559460
7559676
7560108
7560324
7560756
7560972
7561404
7561620
7562052
7562916
7563348
7563564
7563996
7564212
7564644
7564860
7565292
7565508
7565940
7566156
7566588
7566804
7567236
7567452
7567884
7568532
7568748
7569180
7569396
7569828
7570044
7570476
7570692
7571124
7571340
7571772
7571988
7572420
7572636
7573068
7573284
7573716
7573932
7574364
7575012
7575228
7575660
7575876
7576308
7576956
7577172
7577604
7577820
7578252
7578468
7579116
7579548
7579764
7580196
7580412
7580844
7581060
7581492
7581708
7582140
7582356
7582788
7583004
7583652
7584084
7584732
7584948
7585380
7585596
7586028
7586244
7586676
7586892
7587324
7587540
7587972
7588188
7588620
7588836
7589268
7589484
7589916
7590132
7590564
7590780
7591212
7591428
7591860
7592076
7592724
7593156
7593372
7593804
7594452
7594668
7595316
7595748
7595964
7596396
7596612
7597044
7597260
7597692
7597908
7598340
7598988
7599204
7599636
7599852
7600284
7600932
7601148
7601580
7601796
7602228
7602444
7602876
7603092
7603524
7603740
7604172
7604388
7604820
7605036
7605468
7605684
7606116
7606332
7606764
7606980
7607412
7607628
7608060
7608276
7608708
7608924
7609356
7609572
7610004
7610220
7610652
7610868
7611516
7611948
7612164
7612596
7612812
7613244
7613460
7613892
7614108
7614540
7614756
7615404
7615836
7616052
7616484
7617132
7617348
7617780
7617996
7618428
7619076
7619292
7619724
7619940
7620372
7620588
7621020
7621236
7621668
7621884
7622316
7622532
7622964
7623180
7623612
7623828
7624260
7624476
7624908
7625124
7625556
7626204
7626420
7626852
7627068
7627716
7628148
7628364
7628796
7629012
7629444
7629660
7630092
7630308
7630740
7630956
7631388
7631604
7632036
7632252
7632684
7633332
7633548
7633980
7634196
7634628
7634844
7635276
7635924
7636140
7636572
7636788
7637220
7637436
7637868
7638084
7638516
7638732
7639164
7639380
7639812
7640028
7640460
7640676
7641108
7641324
7641756
7641972
7642404
7642620
7643052
7643268
7643916
7644348
7644564
7644996
7645212
7645644
7645860
7646292
7646508
7647156
7647804
7648236
7648452
7648884
7649532
7649748
7650180
7650396
7650828
7651044
7651476
7651692
7652124
7652340
7652772
7652988
7653420
7653636
7654068
7654284
7654716
7654932
7655364
7655580
7656012
7656228
7656660
7656876
7657308
7657956
7658172
7658604
7658820
7659252
7659468
7660116
7660548
7660764
7661196
7661412
7661844
7662060
7662492
7662708
7663140
7663356
7663788
7664004
7664436
7664652
7665084
7665732
7665948
7666380
7666596
7667028
7667244
7667676
7667892
7668324
7668540
7668972
7669188
7669620
7669836
7670268
7670484
7671132
7671564
7671780
7672212
7672428
7672860
7673076
7673508
7673724
7674156
7674372
7674804
7675020
7675452
7675668
7676316
7676748
7676964
7677396
7677612
7678044
7678260
7678908
7679340
7679556
7679988
7680204
7680852
7681284
7681932
7682148
7682580
7682796
7683228
7683444
7683876
7684524
7684740
7685172
7685388
7685820
7686036
7686468
7686684
7687116
7687332
7687764
7687980
7688412
7688628
7689060
7689708
7689924
7690356
7690572
7691004
7691220
7691652
7691868
7692516
7692948
7693164
7693596
7693812
7694244
7694460
7694892
7695108
7695540
7695756
7696188
7696404
7696836
7697484
7698132
7698348
7698780
7698996
7699428
7699644
7700076
7700292
7700724
7700940
7701372
7701588
7702020
7702236
7702668
7702884
7703316
7703532
7703964
7704180
7704612
7704828
7705260
7705476
7705908
7706124
7706556
7706772
7707204
7707420
7707852
7708068
7708716
7709148
7709796
7710012
7710660
7711092
7711308
7711740
7712388
7712604
7713036
7713252
7713684
7714332
7714548
7714980
7715196
7715628
7715844
7716276
7716492
7716924
7717140
7717572
7717788
7718220
7718436
7718868
7719084
7719516
7719732
7720164
7720812
7721460
7721676
7722108
7722324
7722756
7722972
7723404
7723620
7724052
7724268
7724916
7725348
7725564
7725996
7726212
7726644
7726860
7727292
7727508
7727940
7728156
7728588
7728804
7729236
7729452
7729884
7730532
7730748
7731180
7731396
7731828
7732044
7732476
7732692
7733124
7733340
7733772
7733988
7734420
7734636
7735068
7735284
7735716
7735932
7736364
7736580
7737012
7737228
7737660
7737876
7738308
7738524
7738956
7739172
7739604
7739820
7740252
7740468
7741116
7741548
7741764
7742412
7742844
7743060
7743492
7743708
7744140
7744356
7744788
7745004
7745436
7745652
7746084
7746732
7746948
7747380
7747596
7748028
7748244
7748676
7748892
7749540
7749972
7750188
7750620
7750836
7751268
7751484
7751916
7752132
7752564
7753212
7753428
7753860
7754076
7754508
7754724
7755156
7755372
7755804
7756020
7756452
7756668
7757316
7757748
7757964
7758396
7759044
7759260
7759692
7759908
7760340
7760556
7760988
7761204
7761636
7761852
7762284
7762932
7763148
7763580
7763796
7764228
7764444
7764876
7765092
7765524
7765740
7766172
7766388
7766820
7767036
7767468
7767684
7768116
7768332
7768764
7768980
7769412
7769628
7770060
7770276
7770708
7770924
7771356
7771572
7772004
7772220
7772652
7772868
7773516
7774164
7774596
7774812
7775244
7775892
7776108
7776540
7776756
7777188
7777404
7777836
7778052
7778484
7779132
7779348
7779780
7779996
7780428
7780644
7781076
7781292
7781724
7781940
7782372
7782588
7783020
7783236
7783668
7783884
7784316
7784964
7785180
7785612
7785828
7786260
7786476
7786908
7787124
7787556
7787772
7788204
7788420
7788852
7789068
7789716
7790148
7790364
7790796
7791012
7791444
7791660
7792092
7792308
7792740
7792956
7793388
7794036
7794252
7794684
7795332
7795548
7795980
7796196
7796628
7796844
7797276
7797492
7797924
7798140
7798572
7798788
7799220
7799436
7799868
7800084
7800516
7800732
7801164
7801380
7801812
7802028
7802460
7802676
7803108
7803324
7803756
7803972
7804404
7804620
7805052
7805268
7805916
7806348
7806996
7807212
7807644
7807860
7808292
7808508
7808940
7809156
7809588
7809804
7810236
7810452
7810884
7811532
7811748
7812180
7812396
7812828
7813044
7813476
7813692
7814124
7814340
7814772
7815420
7815636
7816068
7816716
7816932
7817364
7817580
7818012
7818228
7818660
7818876
7819308
7819524
7819956
7820172
7820604
7820820
7821252
7821468
7822116
7822548
7822764
7823196
7823412
7823844
7824060
7824492
7824708
7825140
7825356
7825788
7826004
7826436
7826652
7827948
7828380
7828596
7829028
7829244
7829676
7829892
7830324
7830540
7830972
7831188
7831620
7831836
7832268
7832484
7832916
7833132
7833564
7833780
7834428
7834860
7835076
7835508
7835724
7836372
7836804
7837020
7837668
7838316
7838748
7838964
7839396
7839612
7840044
7840260
7840692
7840908
7841340
7841556
7841988
7842204
7842636
7842852
7843284
7843932
7844148
7844580
7844796
7845228
7845444
7845876
7846092
7846524
7846740
7847172
7847388
7847820
7848468
7848684
7849116
7849332
7849764
7849980
7850412
7850628
7851060
7851276
7851708
7851924
7852356
7852572
7853004
7853220
7853652
7854516
7854948
7855164
7855596
7855812
7856244
7856460
7856892
7857108
7857540
7857756
7858188
7858404
7858836
7859052
7859484
7860132
7860348
7860780
7860996
7861428
7861644
7862076
7862292
7862724
7862940
7863372
7863588
7864020
7864236
7864668
7864884
7865316
7865532
7865964
7866180
7866828
7867260
7867476
7867908
7868124
7868556
7868772
7869420
7869852
7870068
7870716
7871148
7871364
7871796
7872012
7872444
7872660
7873092
7873308
7873740
7873956
7874388
7874604
7875036
7875252
7875684
7876332
7876548
7876980
7877196
7877628
7877844
7878276
7878492
7878924
7879140
7879572
7880220
7880436
7880868
7881084
7881516
7881732
7882164
7882380
7882812
7883028
7883460
7883676
7884108
7884324
7884756
7884972
7885404
7885620
7886052
7886268
7886916
7887348
7887564
7887996
7888212
7888644
7888860
7889292
7889508
7889940
7890156
7890588
7890804
7891236
7891452
7891884
7892532
7892748
7893180
7893396
7893828
7894044
7894476
7894692
7895124
7895340
7895772
7895988
7896420
7897068
7897284
7897716
7897932
7898364
7898580
7899012
7899228
7899660
7899876
7900308
7900524
7901172
7901604
7901820
7902252
7902468
7903548
7903764
7904196
7904412
7904844
7905060
7905492
7905708
7906356
7906788
7907004
7907436
7907652
7908084
7908732
7908948
7909380
7909596
7910028
7910244
7910676
7910892
7911324
7911972
7912188
7912620
7912836
7913268
7913484
7913916
7914132
7914780
7915212
7915428
7915860
7916076
7916508
7916724
7917156
7917372
7917804
7918020
7918452
7918668
7919316
7919748
7919964
7920396
7920612
7921044
7921260
7921692
7921908
7922340
7922556
7922988
7923204
7923636
7923852
7924284
7924932
7925148
7925580
7925796
7926228
7926444
7926876
7927092
7927524
7927740
7928172
7928388
7928820
7929036
7929468
7929684
7930116
7930332
7930764
7930980
7931412
7932060
7932924
7933356
7933572
7934004
7934220
7934652
7934868
7935516
7935948
7936164
7936596
7936812
7937244
7937460
7937892
7938108
7938540
7938756
7939188
7939404
7939836
7940052
7940484
7941132
7941780
7941996
7942428
7942644
7943076
7943724
7943940
7944372
7944588
7945020
7945236
7945668
7945884
7946316
7946532
7946964
7947180
7947612
7947828
7948260
7948476
7948908
7949124
7949556
7949772
7950204
7950420
7950852
7951068
7951716
7952148
7952364
7952796
7953012
7953444
7953660
7954092
7954308
7954740
7954956
7955388
7955604
7956036
7956252
7956684
7957332
7957548
7957980
7958196
7958628
7958844
7959276
7959492
7959924
7960140
7960572
7960788
7961220
7961436
7961868
7962084
7962516
7962732
7963164
7963380
7963812
7964028
7964676
7965108
7965324
7965756
7965972
7966404
7966620
7967052
7967268
7967916
7968348
7968564
7968996
7969212
7969644
7969860
7970292
7970508
7970940
7971156
7971588
7971804
7972236
7972452
7972884
7973532
7973748
7974180
7974396
7974828
7975476
7975692
7976340
7976772
7976988
7977420
7977636
7978068
7978284
7978716
7978932
7979364
7979580
7980012
7980228
7980660
7980876
7981308
7981524
7981956
7982172
7982604
7982820
7983252
7983468
7984116
7984764
7985196
7985412
7985844
7986060
7986492
7986708
7987140
7987356
7987788
7988004
7988436
7988652
7989084
7989732
7989948
7990380
7990596
7991028
7991244
7991892
7992324
7992972
7993188
7993620
7993836
7994268
7994484
7994916
7995132
7995564
7995780
7996428
7996860
7997076
7997508
7997724
7998156
7998372
7998804
7999020
7999452
7999668
8000316
8000748
8000964
8001396
8001612
8002044
8002260
8002692
8002908
8003340
8003556
8003988
8004204
8004636
8004852
8005284
8005932
8006148
8006580
8007228
8007444
8007876
8008092
8008524
8008740
8009172
8009388
8009820
8010036
8010468
8011116
8011332
8011764
8011980
8012412
8013060
8013276
8013708
8013924
8014356
8014572
8015004
8015220
8015652
8015868
8016516
8016948
8017164
8017596
8017812
8018244
8018460
8018892
8019108
8019540
8019756
8020188
8020836
8021052
8022132
8022348
8022780
8022996
8023428
8023644
8024076
8024292
8024724
8024940
8025372
8025588
8026020
8026236
8026668
8026884
8027316
8027532
8028180
8028612
8028828
8029260
8029476
8029908
8030124
8030556
8030772
8031204
8031420
8031852
8032068
8032716
8033148
8033364
8033796
8034012
8034444
8034660
8035092
8035308
8035740
8035956
8036388
8036604
8037036
8037252
8037684
8038332
8038980
8039196
8039628
8039844
8040276
8040492
8040924
8041140
8041572
8041788
8042220
8042436
8042868
8043084
8043516
8043732
8044164
8044380
8044812
8045028
8045460
8045676
8046108
8046324
8046756
8046972
8047404
8047620
8048052
8048268
8048916
8049348
8049564
8049996
8050212
8050644
8050860
8051292
8051508
8051940
8052156
8052588
8052804
8053236
8053452
8053884
8054532
8054748
8055180
8055396
8055828
8056044
8056476
8056692
8057124
8057340
8057772
8057988
8058420
8058636
8059068
8059284
8059932
8060364
8060580
8061012
8061228
8061660
8061876
8062308
8062524
8063172
8063604
8063820
8064252
8064468
8065116
8065548
8065764
8066196
8066412
8066844
8067060
8067492
8067708
8068140
8068356
8068788
8069004
8069436
8069652
8070084
8070732
8070948
8071380
8071596
8072028
8072244
8072676
8072892
8073324
8073540
8073972
8074188
8074620
8074836
8075268
8075484
8075916
8076132
8076564
8076780
8077212
8077428
8077860
8078076
8078508
8078724
8079156
8079372
8079804
8080020
8080452
8080668
8081316
8081748
8081964
8082396
8082612
8083044
8083260
8084340
8084556
8084988
8085204
8085852
8086284
8086932
8087148
8087580
8087796
8088228
8088444
8088876
8089524
8089740
8090172
8090388
8090820
8091036
8091684
8092116
8092332
8092764
8092980
8093412
8093628
8094060
8094276
8094708
8094924
8095356
8095572
8096004
8096220
8096652
8096868
8097516
8097948
8098164
8098596
8098812
8099244
8099460
8099892
8100108
8100540
8100756
8101188
8101404
8101836
8102484
8103132
8103348
8103780
8103996
8104428
8104644
8105076
8105292
8105724
8105940
8106372
8106588
8107020
8107236
8107668
8107884
8108316
8108532
8108964
8109180
8109612
8109828
8110260
8110476
8110908
8111124
8111556
8111772
8112204
8112420
8112852
8113068
8113716
8114148
8114364
8114796
8115012
8115444
8115660
8116092
8116308
8116740
8116956
8117388
8117604
8118036
8118252
8118684
8119332
8119548
8119980
8120196
8120628
8120844
8121276
8121492
8121924
8122572
8122788
8123436
8123868
8124084
8124516
8124732
8125164
8125380
8125812
8126028
8126460
8126676
8127108
8127324
8127756
8127972
8128404
8128620
8129052
8129268
8129916
8130348
8130564
8130996
8131212
8131644
8132292
8132508
8132940
8133156
8133588
8134236
8134452
8134884
8135532
8135748
8136180
8136396
8136828
8137044
8137476
8137692
8138124
8138340
8138772
8138988
8139420
8139636
8140068
8140284
8140716
8140932
8141580
8142012
8142228
8142660
8142876
8143308
8143524
8143956
8144172
8144604
8144820
8145252
8145468
8146116
8146548
8146764
8147196
8147412
8147844
8148060
8148708
8149140
8149356
8149788
8150004
8150436
8150652
8151084
8151732
8151948
8152380
8152596
8153028
8153244
8153676
8153892
8154324
8154540
8155188
8155620
8155836
8156268
8156484
8156916
8157132
8157564
8157780
8158212
8158428
8158860
8159076
8159508
8159724
8160156
8160372
8160804
8161020
8161452
8161668
8162316
8162748
8162964
8163396
8163612
8164044
8164260
8164692
8164908
8165340
8165988
8166204
8166636
8166852
8167284
8167932
8168148
8168580
8168796
8169228
8169444
8170092
8170524
8170740
8171172
8171388
8171820
8172036
8172468
8172684
8173116
8173332
8173764
8173980
8174412
8174628
8175060
8175276
8175708
8175924
8176356
8176572
8177004
8177220
8177652
8177868
8178516
8178948
8179164
8179596
8179812
8180244
8180460
8180892
8181108
8181540
8181756
8182188
8182404
8182836
8183052
8183484
8184348
8184780
8184996
8185428
8185644
8186076
8186292
8186940
8187588
8188020
8188236
8188668
8188884
8189316
8189532
8189964
8190180
8190612
8190828
8191260
8191476
8191908
8192124
8192556
8192772
8193204
8193420
8193852
8194068
8194716
8195364
8195796
8196012
8196444
8196660
8197092
8197740
8197956
8198388
8198604
8199036
8199684
8200332
8200548
8200980
8201196
8201628
8201844
8202276
8202492
8202924
8203140
8203572
8203788
8204220
8204436
8204868
8205084
8205516
8205732
8206164
8206380
8206812
8207028
8207460
8207676
8208108
8208324
8208972
8209404
8209620
8210052
8210268
8210916
8211348
8211564
8211996
8212212
8212644
8212860
8213292
8213508
8213940
8214156
8214588
8214804
8215236
8215452
8215884
8216532
8216748
8217180
8217396
8217828
8218044
8218692
8219124
8219340
8219988
8220420
8220636
8221068
8221284
8221716
8221932
8222364
8222580
8223012
8223228
8223660
8223876
8224308
8224524
8224956
8225172
8225604
8225820
8226252
8227116
8227548
8227764
8228196
8228412
8228844
8229492
8229708
8230140
8230356
8230788
8231004
8231436
8232084
8232732
8232948
8233380
8233596
8234028
8234244
8234676
8234892
8235324
8235540
8235972
8236188
8236620
8236836
8237268
8237484
8237916
8238132
8238564
8238780
8239212
8239428
8239860
8240076
8240508
8240724
8241156
8241372
8242020
8242452
8242668
8243316
8243748
8243964
8244396
8244612
8245044
8245260
8245692
8246340
8246556
8246988
8247204
8247636
8247852
8248284
8248932
8249148
8249580
8249796
8250444
8250876
8251092
8251524
8251740
8252172
8252388
8252820
8253036
8253468
8253684
8254116
8254332
8254764
8254980
8255412
8255628
8256060
8256276
8256708
8256924
8257356
8257572
8258004
8258220
8258652
8258868
8259516
8259948
8260164
8260596
8261244
8261460
8261892
8262108
8262540
8262756
8263188
8263404
8263836
8264052
8264484
8265132
8265780
8265996
8266428
8266644
8267076
8267292
8267724
8267940
8268372
8268588
8269020
8269236
8269668
8269884
8270316
8270532
8270964
8271612
8271828
8272260
8272476
8272908
8273124
8273556
8273772
8274204
8274420
8274852
8275068
8275716
8276148
8276364
8276796
8277012
8277444
8277660
8278092
8278308
8278740
8278956
8279388
8279604
8280036
8280252
8280684
8281332
8281548
8282196
8282628
8282844
8283276
8283492
8283924
8284572
8284788
8285220
8285436
8285868
8286084
8286516
8287164
8287380
8287812
8288028
8288460
8288676
8289108
8289324
8289756
8289972
8290404
8290620
8291052
8291268
8291916
8292348
8292996
8293212
8293644
8293860
8294292
8294508
8294940
8295156
8295588
8295804
8296236
8296452
8296884
8297532
8297748
8298396
8298828
8299044
8299476
8299692
8300124
8300340
8300772
8300988
8301420
8301636
8302068
8302284
8302716
8302932
8303364
8303580
8304012
8304228
8304876
8305308
8305524
8305956
8306172
8306604
8306820
8307252
8307468
8308116
8308548
8308764
8309196
8309412
8309844
8310060
8310492
8310708
8311140
8311356
8311788
8312004
8312436
8312652
8313084
8313948
8314380
8314596
8315028
8315244
8315676
8315892
8316324
8316540
8316972
8317188
8317620
8317836
8318268
8318484
8318916
8319132
8319564
8319780
8320212
8320428
8320860
8321076
8321508
8321724
8322156
8322372
8322804
8323020
8323452
8323668
8324748
8324964
8325396
8325612
8326044
8326260
8326692
8326908
8327340
8327556
8327988
8328204
8328636
8328852
8329284
8329932
8330148
8330580
8330796
8331228
8331444
8331876
8332092
8332524
8332740
8333172
8333388
8333820
8334036
8334468
8334684
8335116
8335332
8335764
8335980
8336412
8336628
8337060
8337276
8337708
8337924
8338356
8338572
8339004
8339220
8339652
8339868
8340516
8340948
8341596
8341812
8342244
8342460
8342892
8343108
8343540
8343756
8344188
8344404
8344836
8345052
8346132
8346348
8346780
8346996
8347428
8347644
8348076
8348292
8348724
8348940
8349372
8349588
8350236
8350668
8350884
8351316
8351532
8351964
8352180
8352612
8352828
8353260
8353476
8353908
8354124
8354556
8354772
8355204
8355420
8355852
8356716
8357148
8357364
8357796
8358012
8358444
8358660
8359092
8359308
8359740
8359956
8360388
8360604
8361036
8361252
8361684
8362332
8362548
8362980
8363196
8363628
8363844
8364276
8364492
8364924
8365140
8365572
8365788
8366220
8366436
8366868
8367084
8367516
8367732
8368164
8368380
8368812
8369028
8369460
8369676
8370108
8370324
8370756
8370972
8371404
8371620
8372052
8372268
8372916
8373348
8373564
8373996
8374212
8374644
8374860
8375292
8375508
8375940
8376156
8376804
8377452
8377884
8378532
8378748
8379180
8379396
8379828
8380044
8380476
8380692
8381124
8381340
8381772
8381988
8382636
8383068
8383284
8383716
8383932
8384364
8384580
8385012
8385228
8385660
8385876
8386308
8386524
8386956
8387172
8387604
8388252
8388468
8389116
8389548
8389764
8390196
8390412
8390844
8391060
8391492
8391708
8392140
8392356
8392788
8393004
8393436
8393652
8394084
8394732
8394948
8395380
8395596
8396244
8396676
8396892
8397324
8397540
8397972
8398188
8398620
8398836
8399268
8399484
8399916
8400132
8400564
8400780
8401212
8401428
8401860
8402076
8402508
8403156
8403372
8403804
8404020
8404452
8404668
8405316
8405748
8405964
8406396
8406612
8407044
8407260
8407692
8407908
8408340
8408556
8409204
8409636
8409852
8410284
8410932
8411148
8411580
8411796
8412228
8412444
8412876
8413092
8413524
8413740
8414388
8414820
8415036
8415468
8415684
8416116
8416332
8416764
8416980
8417412
8417628
8418060
8418276
8418708
8418924
8419356
8420004
8420220
8420652
8420868
8421516
8421948
8422164
8422596
8422812
8423244
8423460
8423892
8424108
8424540
8424756
8425188
8425404
8425836
8426052
8426484
8427132
8427348
8427780
8427996
8428428
8428644
8429076
8429292
8429724
8429940
8430372
8430588
8431020
8431236
8431668
8431884
8432316
8432532
8432964
8433180
8433612
8433828
8434260
8434476
8434908
8435124
8435556
8435772
8436204
8436420
8436852
8437068
8437716
8438148
8438364
8438796
8439012
8439444
8439660
8440092
8440308
8440956
8441388
8441604
8442036
8442252
8442684
8443332
8443548
8443980
8444196
8444628
8444844
8445276
8445492
8445924
8446140
8446572
8446788
8447220
8447436
8447868
8448084
8448516
8448732
8449164
8449380
8449812
8450028
8450460
8451108
8451756
8451972
8452404
8452620
8453052
8453268
8453916
8454348
8454564
8455212
8455644
8455860
8456292
8456508
8456940
8457156
8457588
8457804
8458236
8458884
8459532
8459748
8460180
8460828
8461044
8461476
8461692
8462124
8462340
8462772
8462988
8463420
8463636
8464068
8464284
8464716
8464932
8465364
8465580
8466012
8466228
8466660
8466876
8467308
8467524
8467956
8468172
8468604
8468820
8469252
8469468
8470116
8470548
8470764
8471196
8471412
8471844
8472060
8472708
8473140
8473356
8473788
8474004
8474436
8474652
8475084
8475732
8475948
8476380
8476596
8477028
8477244
8477676
8477892
8478324
8478540
8478972
8479188
8479620
8479836
8480268
8480484
8480916
8481564
8481780
8482212
8482428
8482860
8483508
8483724
8484156
8484372
8484804
8485020
8485452
8485668
8486316
8486748
8486964
8487396
8487612
8488044
8488260
8488692
8488908
8489340
8489556
8489988
8490204
8490636
8490852
8491284
8491932
8492148
8492580
8492796
8493228
8493444
8493876
8494092
8494524
8494740
8495172
8495388
8495820
8496036
8496468
8496684
8497116
8497332
8497764
8497980
8498412
8498628
8499060
8499276
8499708
8499924
8500356
8500572
8501004
8501220
8501652
8501868
8502516
8502948
8503164
8503596
8503812
8504460
8504892
8505108
8505540
8505756
8506188
8506404
8506836
8507052
8507484
8508132
8508348
8508780
8508996
8509428
8509644
8510076
8510292
8510724
8510940
8511372
8511588
8512020
8512236
8512884
8513316
8513532
8513964
8514180
8514612
8515260
8515476
8515908
8516124
8516556
8516772
8517204
8517420
8517852
8518068
8518716
8519148
8519364
8519796
8520012
8520444
8520660
8521092
8521308
8521740
8521956
8522388
8522604
8523036
8523252
8524332
8524548
8524980
8525196
8525628
8525844
8526276
8526492
8526924
8527140
8527572
8528220
8528436
8528868
8529084
8529516
8529732
8530164
8530380
8530812
8531028
8531460
8531676
8532108
8532324
8532972
8533620
8534052
8534268
8534916
8535348
8535564
8536212
8536644
8536860
8537292
8537508
8537940
8538156
8538588
8538804
8539236
8539452
8539884
8540532
8540748
8541180
8541396
8541828
8542044
8542476
8542692
8543124
8543340
8543772
8543988
8544420
8544636
8545068
8545284
8545716
8545932
8546364
8547012
8547228
8547660
8547876
8548308
8548524
8548956
8549172
8549604
8549820
8550252
8550468
8551116
8551548
8551764
8552196
8552412
8552844
8553060
8553492
8553708
8554140
8554356
8554788
8555004
8555436
8555652
8556084
8556732
8556948
8557380
8557596
8558028
8558244
8558676
8558892
8559324
8559972
8560620
8560836
8561268
8561484
8561916
8562132
8562564
8562780
8563212
8563428
8563860
8564076
8564508
8564724
8565156
8565372
8565804
8566020
8566452
8566668
8567316
8567964
8568396
8568612
8569044
8569260
8569692
8569908
8570340
8570556
8570988
8571204
8571636
8571852
8572284
8572932
8573148
8573580
8573796
8574228
8574444
8574876
8575092
8575524
8575740
8576172
8576388
8576820
8577036
8577468
8577684
8578116
8578764
8578980
8579412
8579628
8580060
8580276
8580708
8580924
8581356
8581572
8582004
8582220
8582652
8582868
8583516
8583948
8584164
8584596
8584812
8585244
8585460
8585892
8586108
8586540
8587188
8587404
8587836
8588052
8588484
8589132
8589348
8589780
8589996
8590428
8590644
8591076
8591292
8591724
8591940
8592372
8592588
8593020
8593236
8593668
8593884
8594316
8594532
8594964
8595180
8595612
8595828
8596260
8596476
8596908
8597124
8597556
8597772
8598204
8598420
8598852
8599068
8599716
8600148
8600364
8600796
8601012
8601444
8601660
8602092
8602308
8602740
8602956
8603388
8603604
8604036
8604252
8604684
8605332
8605548
8605980
8606196
8606628
8606844
8607276
8607492
8607924
8608140
8608572
8608788
8609220
8609436
8609868
8610516
8610732
8611164
8611380
8612028
8612460
8612676
8613108
8613324
8613756
8613972
8614620
8615052
8615268
8615916
8616564
8616996
8617212
8617644
8617860
8618292
8618508
8618940
8619156
8619588
8619804
8620236
8620452
8620884
8621532
8621748
8622180
8622396
8622828
8623044
8623476
8623692
8624124
8624340
8624772
8624988
8625420
8625636
8626068
8626284
8626716
8627364
8627580
8628012
8628228
8628876
8629308
8629524
8629956
8630172
8630604
8630820
8631468
8632116
8632548
8632764
8633412
8633844
8634060
8634492
8634708
8635140
8635356
8635788
8636004
8636436
8636652
8637084
8637732
8638380
8638596
8639028
8639244
8639676
8639892
8640324
8640540
8640972
8641188
8641620
8642268
8642484
8642916
8643132
8643564
8643780
8644212
8644428
8644860
8645076
8645508
8646156
8646372
8647020
8647452
8647668
8648316
8648748
8648964
8649396
8650044
8650260
8650692
8650908
8651340
8651556
8651988
8652204
8652636
8652852
8653284
8653932
8654148
8654580
8654796
8655228
8655876
8656092
8656524
8656740
8657172
8657388
8657820
8658036
8658468
8658684
8659116
8659332
8659764
8659980
8660412
8660628
8661060
8661276
8661708
8661924
8662356
8662572
8663220
8663652
8663868
8664516
8664948
8665164
8665596
8665812
8666244
8666460
8666892
8667108
8667540
8667756
8668188
8668404
8668836
8669052
8669484
8670132
8670348
8670780
8670996
8671428
8671644
8672076
8672292
8672724
8672940
8673372
8674020
8674236
8674668
8674884
8675316
8675532
8675964
8676180
8676612
8676828
8677260
8677476
8677908
8678124
8678556
8678772
8679204
8679420
8679852
8680068
8680716
8681148
8681364
8681796
8682012
8682444
8682660
8683092
8683308
8683740
8683956
8684388
8684604
8685036
8685252
8685684
8686332
8686548
8686980
8687196
8687628
8687844
8688276
8688492
8688924
8689140
8689572
8689788
8690436
8690868
8691084
8691516
8691732
8692164
8692380
8692812
8693028
8693460
8693676
8694108
8694972
8695404
8695620
8696052
8696268
8696916
8697348
8697564
8697996
8698212
8698644
8698860
8699292
8699508
8699940
8700156
8700588
8700804
8701236
8701452
8701884
8702532
8702748
8703180
8703396
8703828
8704044
8704476
8704692
8705124
8705772
8705988
8706420
8706636
8707068
8707284
8707716
8707932
8708364
8708580
8709012
8709228
8709876
8710308
8710524
8710956
8711172
8711604
8711820
8712252
8712468
8713116
8713548
8713764
8714196
8714412
8714844
8715060
8715492
8715708
8716140
8716788
8717004
8717436
8717652
8718084
8718732
8718948
8719380
8719596
8720028
8720244
8720676
8720892
8721324
8721540
8721972
8722188
8722620
8722836
8723484
8723916
8724132
8724564
8724780
8725212
8725428
8725860
8726076
8726724
8727156
8727372
8727804
8728020
8728452
8728668
8729316
8729748
8729964
8730396
8730612
8731044
8731260
8731692
8731908
8732340
8732556
8732988
8733204
8733636
8733852
8734284
8734932
8735148
8735580
8735796
8736228
8736444
8736876
8737524
8737740
8738172
8738388
8738820
8739036
8739468
8739684
8740116
8740332
8740764
8740980
8741412
8741628
8742060
8742276
8742924
8743356
8743572
8744004
8744220
8744652
8744868
8745516
8745948
8746164
8746596
8746812
8747244
8747460
8747892
8748108
8748540
8748756
8749188
8749404
8749836
8750052
8750484
8751132
8751348
8751780
8751996
8752428
8752644
8753076
8753292
8753724
8753940
8754372
8754588
8755020
8755236
8755668
8755884
8756316
8756532
8756964
8757180
8757612
8757828
8758476
8758908
8759124
8759556
8759772
8760204
8760420
8760852
8761068
8761716
8762148
8762796
8763012
8763444
8763660
8764092
8764308
8764740
8764956
8765388
8765604
8766036
8766252
8766684
8767332
8767548
8767980
8768196
8769276
8769492
8769924
8770140
8770788
8771220
8771436
8771868
8772084
8772516
8772732
8773164
8773380
8773812
8774028
8774460
8774676
8775108
8775324
8775756
8775972
8776404
8776620
8777052
8777268
8777916
8778348
8778564
8778996
8779644
8779860
8780292
8780508
8780940
8781156
8781588
8781804
8782236
8782452
8782884
8783532
8783748
8784180
8784396
8784828
8785044
8785476
8785692
8786124
8786340
8786772
8786988
8787420
8787636
8788068
8788284
8788716
8788932
8789364
8789580
8790228
8790660
8790876
8791308
8791524
8791956
8792172
8792604
8792820
8793252
8793468
8794116
8794548
8795196
8795412
8795844
8796060
8796492
8796708
8797140
8797356
8798004
8798436
8798652
8799084
8799732
8799948
8800380
8801028
8801244
8801676
8801892
8802324
8802540
8802972
8803188
8803620
8803836
8804268
8804484
8804916
8805132
8805564
8805780
8806212
8806428
8806860
8807076
8807508
8807724
8808156
8808372
8808804
8809020
8809452
8809668
8810748
8810964
8811396
8811612
8812044
8812260
8812692
8812908
8813340
8813556
8813988
8814204
8814636
8814852
8815284
8815932
8816148
8816580
8816796
8817228
8817444
8817876
8818092
8818524
8818740
8819172
8819388
8819820
8820036
8820468
8820684
8821116
8821332
8822412
8822628
8823060
8823276
8823708
8823924
8824356
8824572
8825004
8825220
8825652
8825868
8826516
8826948
8827596
8827812
8828244
8828460
8828892
8829108
8829540
8829756
8830188
8830404
8830836
8831052
8831484
8832132
8832780
8833428
8833644
8834076
8834292
8834724
8834940
8835372
8835588
8836020
8836236
8836668
8836884
8837316
8837532
8837964
8838180
8838612
8838828
8839260
8839476
8839908
8840124
8840556
8840772
8841204
8841420
8841852
8842068
8842716
8843148
8843364
8843796
8844012
8844444
8844660
8845092
8845308
8845740
8845956
8846388
8846604
8847252
8847684
8848332
8848548
8848980
8849196
8849628
8849844
8850492
8850924
8851140
8851572
8851788
8852436
8852868
8853084
8853732
8854164
8854380
8854812
8855028
8855676
8856108
8856324
8856756
8856972
8857404
8857620
8858052
8858268
8858916
8859348
8859564
8859996
8860212
8860644
8860860
8861292
8861508
8861940
8862156
8862588
8862804
8863236
8863452
8863884
8864532
8864748
8865180
8865396
8865828
8866044
8866476
8866692
8867124
8867340
8867772
8867988
8868420
8868636
8869068
8869284
8869716
8869932
8870364
8870580
8871012
8871228
8871660
8871876
8872308
8872524
8872956
8873604
8873820
8874252
8874468
8875116
8875548
8875764
8876196
8876412
8876844
8877060
8877492
8877708
8878140
8878356
8878788
8879004
8879436
8879652
8880084
8880732
8880948
8881380
8881596
8882028
8882244
8882676
8882892
8883324
8883540
8883972
8884188
8884620
8884836
8885484
8885916
8886132
8886564
8886780
8887212
8887428
8887860
8888076
8888508
8889156
8889372
8889804
8890020
8890452
8890668
8891316
8891748
8891964
8892396
8892612
8893044
8893260
8893692
8893908
8894340
8894556
8894988
8895204
8895636
8896284
8896932
8897148
8897580
8897796
8898228
8898444
8898876
8899092
8899524
8899740
8900172
8900388
8900820
8901036
8901468
8901684
8902116
8902332
8902764
8902980
8903412
8903628
8904060
8904276
8904708
8904924
8905356
8905572
8906004
8906220
8906652
8906868
8907516
8907948
8908164
8908596
8908812
8909244
8909460
8909892
8910108
8910540
8910756
8911188
8911404
8911836
8912052
8912484
8913132
8913348
8913780
8913996
8914428
8914644
8915076
8915292
8915724
8915940
8916372
8916588
8917236
8917668
8917884
8918316
8918532
8918964
8919180
8919612
8919828
8920260
8920476
8920908
8921124
8921556
8921772
8922204
8922420
8922852
8923068
8923716
8924148
8924364
8924796
8925012
8925660
8926092
8926308
8926740
8926956
8927388
8928036
8928684
8929332
8929548
8929980
8930196
8930628
8930844
8931276
8931492
8931924
8932140
8932572
8932788
8933220
8933436
8933868
8934084
8934516
8934732
8935164
8935380
8935812
8936028
8936460
8936676
8937108
8937324
8937756
8937972
8938404
8938620
8939052
8939268
8939916
8940348
8940564
8940996
8941212
8941644
8941860
8942292
8942508
8942940
8943156
8943588
8943804
8944236
8944452
8944884
8945532
8945748
8946180
8946396
8946828
8947044
8947476
8947692
8948124
8948340
8948988
8949420
8949636
8950068
8950284
8950716
8950932
8951364
8952012
8952228
8952660
8952876
8953308
8953524
8953956
8954172
8954604
8954820
8955252
8955468
8956116
8956548
8956764
8957196
8957412
8958060
8958492
8958708
8959140
8959788
8960004
8960436
8960652
8961084
8961948
8962380
8962596
8963028
8963244
8963676
8963892
8964324
8964540
8964972
8965188
8965620
8965836
8966268
8966484
8966916
8967132
8967564
8967780
8968212
8968428
8968860
8969076
8969508
8970156
8970372
8970804
8971020
8971452
8971668
8972316
8972748
8972964
8973396
8973612
8974044
8974260
8974692
8974908
8975340
8975556
8975988
8976204
8976636
8976852
8977284
8977932
8978148
8978580
8978796
8979228
8979444
8979876
8980092
8980740
8981172
8981388
8981820
8982468
8982684
8983116
8983332
8983764
8983980
8984412
8984628
8985060
8985276
8985708
8985924
8986356
8986572
8987004
8987220
8987652
8987868
8988516
8988948
8989164
8989596
8989812
8990244
8990460
8990892
8991540
8991756
8992188
8992404
8992836
8993052
8993484
8994132
8994348
8994780
8994996
8995428
8995644
8996076
8996292
8996724
8996940
8997372
8997588
8998020
8998668
8998884
8999316
8999532
8999964
9000180
9000612
9000828
9001260
9001476
9001908
9002124
9002556
9002772
9003204
9003420
9004068
9004716
9005148
9005364
9005796
9006012
9006444
9006660
9007092
9007308
9007740
9007956
9008388
9008604
9009036
9009252
9009684
9010332
9010548
9010980
9011196
9011628
9011844
9012492
9012924
9013140
9013572
9013788
9014220
9014436
9014868
9015084
9015516
9015732
9016164
9016380
9016812
9017028
9017460
9017676
9018108
9018324
9018756
9019404
9019620
9020052
9020916
9021348
9021564
9021996
9022212
9022644
9023292
9023508
9023940
9024156
9024588
9024804
9025236
9025452
9025884
9026532
9026748
9027180
9027396
9027828
9028044
9028476
9028692
9029124
9029340
9029772
9030420
9030636
9031068
9031284
9031716
9031932
9032364
9032580
9033012
9033228
9033660
9033876
9034308
9034524
9034956
9035172
9035604
9035820
9036252
9036468
9037116
9037548
9037764
9038196
9038412
9038844
9039060
9039492
9039708
9040140
9040356
9040788
9041004
9041436
9041652
9042084
9042732
9042948
9043380
9043596
9044244
9044676
9044892
9045324
9045540
9045972
9046188
9046620
9046836
9047268
9047484
9047916
9048132
9048564
9048780
9049212
9049428
9049860
9050076
9050508
9050724
9051156
9051372
9051804
9052020
9052452
9052668
9053316
9053748
9053964
9054396
9055044
9055260
9055692
9055908
9056340
9056556
9056988
9057204
9057636
9057852
9058284
9058932
9059148
9059580
9059796
9060228
9060444
9060876
9061092
9061524
9061740
9062172
9062388
9062820
9063036
9063468
9063684
9064116
9064332
9064764
9064980
9065412
9065628
9066060
9066276
9066708
9066924
9067356
9067572
9068004
9068220
9068652
9068868
9069516
9069948
9070164
9070596
9070812
9071460
9071892
9072108
9072540
9072756
9073188
9073404
9073836
9074052
9074484
9075132
9075348
9075996
9076428
9076644
9077076
9077292
9077724
9077940
9078372
9078588
9079020
9079236
9079668
9079884
9080316
9080532
9080964
9081180
9081612
9081828
9082476
9082908
9083124
9083556
9083772
9084420
9084852
9085068
9085716
9086148
9086796
9087012
9087444
9087660
9088092
9088308
9088740
9088956
9089388
9089604
9090036
9090252
9090684
9091332
9091548
9091980
9092196
9092628
9092844
9093276
9093492
9093924
9094140
9094572
9094788
9095220
9095436
9095868
9096084
9096516
9096732
9097164
9097380
9097812
9098028
9098460
9098676
9099108
9099324
9099756
9099972
9100404
9100620
9101052
9101268
9101916
9102348
9102564
9102996
9103212
9103644
9103860
9104292
9104508
9104940
9105156
9105588
9105804
9106236
9106452
9106884
9108180
9108828
9109044
9109476
9109692
9110124
9110340
9110772
9110988
9111420
9111636
9112068
9112284
9112716
9112932
9113364
9113580
9114012
9114228
9114660
9114876
9115308
9115524
9115956
9116172
9116604
9116820
9117252
9117468
9118548
9118764
9119196
9119412
9119844
9120060
9120492
9120708
9121140
9121356
9121788
9122004
9122436
9122652
9123084
9123732
9123948
9124380
9124596
9125028
9125244
9125676
9125892
9126324
9126540
9126972
9127188
9127620
9127836
9128268
9128484
9128916
9129132
9129564
9129780
9130212
9130428
9130860
9131076
9131508
9131724
9132156
9132372
9132804
9133020
9133452
9133668
9134316
9134748
9134964
9135396
9135612
9136044
9136260
9136692
9136908
9137340
9137556
9137988
9138204
9138636
9138852
9139932
9140148
9140580
9140796
9141228
9141444
9141876
9142092
9142524
9142740
9143172
9143388
9143820
9144036
9144468
9144684
9145332
9145764
9145980
9146412
9146628
9147060
9147276
9147708
9147924
9148356
9148572
9149004
9149220
9149652
9150516
9150948
9151164
9151596
9151812
9152244
9152460
9152892
9153108
9153540
9153756
9154188
9154404
9154836
9155052
9155484
9156132
9156348
9156780
9156996
9157428
9157644
9158076
9158292
9158724
9158940
9159372
9159588
9160020
9160236
9160884
9161316
9161532
9161964
9162612
9162828
9163260
9163476
9163908
9164124
9164556
9164772
9165204
9165420
9165852
9166068
9166716
9167148
9167364
9167796
9168012
9168444
9168660
9169092
9169308
9169740
9169956
9170388
9170604
9171252
9171684
9172332
9172548
9172980
9173196
9173844
9174276
9174492
9174924
9175140
9175572
9175788
9176220
9176436
9176868
9177084
9177516
9177732
9178164
9178380
9178812
9179028
9179460
9179676
9180108
9180324
9180972
9181404
9182052
9182268
9182916
9183348
9183564
9183996
9184212
9184644
9184860
9185292
9185508
9185940
9186156
9186588
9187236
9187452
9187884
9188532
9188748
9189180
9189396
9189828
9190044
9190476
9190692
9191124
9191340
9191772
9191988
9192420
9192636
9193068
9193284
9193716
9193932
9194364
9194580
9195012
9195228
9195660
9195876
9196308
9196524
9196956
9197172
9197604
9197820
9198468
9199116
9199548
9199764
9200196
9200412
9200844
9201060
9201492
9201708
9202140
9202356
9203004
9203436
9203652
9204084
9204732
9204948
9205380
9205596
9206028
9206244
9206676
9206892
9207324
9207972
9208188
9208620
9208836
9209268
9209484
9209916
9210132
9210564
9210780
9211212
9211860
9212076
9212508
9212724
9213156
9213804
9214020
9214452
9214668
9215316
9215748
9215964
9216396
9216612
9217044
9217692
9217908
9218340
9218556
9218988
9219204
9219636
9219852
9220284
9220932
9221148
9221580
9221796
9222228
9222444
9222876
9223092
9223524
9223740
9224172
9224388
9224820
9225036
9225468
9225684
9226116
9226332
9226764
9226980
9227412
9227628
9228060
9228276
9228708
9228924
9229356
9229572
9230004
9230220
9230652
9230868
9231516
9231948
9232164
9232596
9232812
9233244
9233460
9233892
9234108
9234756
9235188
9235404
9235836
9236052
9236484
9237348
9237780
9237996
9238428
9238644
9239292
9239724
9239940
9240372
9240588
9241020
9241236
9241668
9241884
9242316
9242532
9243180
9243612
9243828
9244260
9244476
9244908
9245556
9245772
9246204
9246420
9246852
9247068
9247716
9248148
9248364
9248796
9249012
9249444
9249660
9250092
9250308
9250740
9250956
9251388
9251604
9252036
9252252
9252684
9253332
9253548
9253980
9254196
9254628
9254844
9255492
9255924
9256140
9256572
9256788
9257220
9257436
9257868
9258084
9258516
9258732
9259164
9259380
9259812
9260028
9260460
9260676
9261108
9261324
9261756
9261972
9262404
9262620
9263052
9263268
9263916
9264348
9264564
9264996
9265644
9265860
9266508
9267156
9267588
9267804
9268236
9268452
9268884
9269532
9269748
9270180
9270396
9270828
9271044
9271476
9272124
9272340
9272772
9272988
9273420
9273636
9274068
9274284
9274716
9274932
9275364
9275580
9276012
9276228
9276660
9277308
9277524
9277956
9278172
9278604
9278820
9279252
9279468
9280116
9280548
9280764
9281196
9281412
9281844
9282060
9282492
9282708
9283140
9283356
9283788
9284004
9284436
9284652
9285084
9285732
9285948
9286380
9286596
9287028
9287244
9287676
9287892
9288324
9288540
9288972
9289188
9289620
9289836
9290484
9290916
9291132
9291564
9291780
9292212
9292428
9292860
9293076
9293508
9293724
9294156
9294372
9294804
9295020
9295452
9295668
9296316
9296748
9296964
9297396
9297612
9298260
9298692
9298908
9299340
9299556
9299988
9300204
9300636
9300852
9301284
9301932
9302148
9302580
9302796
9303228
9303444
9303876
9304092
9304524
9304740
9305172
9305388
9305820
9306036
9306468
9306684
9307116
9307332
9307764
9307980
9308412
9309060
9309276
9309708
9309924
9310356
9310572
9311004
9311220
9311652
9311868
9312948
9313164
9313596
9313812
9314244
9314460
9314892
9315108
9315540
9315756
9316188
9316404
9316836
9317052
9318348
9318780
9318996
9319428
9319644
9320076
9320292
9320724
9320940
9321372
9321588
9322020
9322236
9322668
9322884
9323316
9323532
9323964
9324180
9324612
9324828
9325260
9325476
9325908
9326124
9326556
9327204
9327420
9327852
9328068
9328716
9329148
9329364
9330012
9330444
9330660
9331092
9331308
9331740
9331956
9332604
9333036
9333252
9333684
9334332
9334548
9334980
9335196
9335628
9335844
9336276
9336492
9336924
9337140
9337572
9337788
9338220
9338436
9338868
9339084
9339516
9339732
9340164
9340812
9341028
9341460
9341676
9342108
9342324
9342756
9342972
9343404
9344052
9344268
9344916
9345348
9345564
9345996
9346212
9346644
9346860
9347292
9347508
9347940
9348156
9348588
9348804
9349236
9349452
9349884
9350532
9350748
9351180
9351396
9351828
9352044
9352476
9352692
9353124
9353340
9353772
9353988
9354420
9354636
9355068
9355716
9355932
9356364
9356580
9357012
9357228
9357660
9357876
9358308
9358524
9358956
9359172
9359604
9359820
9360252
9360468
9361116
9361764
9362196
9362412
9362844
9363060
9363492
9363708
9364140
9364356
9364788
9365004
9365436
9365652
9366084
9366732
9366948
9367380
9367596
9368028
9368244
9368676
9368892
9369324
9369540
9369972
9370188
9370620
9370836
9371268
9371484
9371916
9372564
9372780
9373212
9373428
9373860
9374076
9374508
9374724
9375156
9375372
9375804
9376020
9376452
9376668
9377316
9377748
9377964
9378396
9378612
9379044
9379260
9379692
9379908
9380340
9380556
9380988
9381204
9381636
9381852
9382284
9382932
9383148
9383580
9383796
9384228
9384444
9384876
9385092
9385740
9386172
9386388
9386820
9387036
9387468
9387684
9388116
9388332
9388764
9388980
9389412
9389628
9390060
9390276
9390708
9390924
9391356
9391572
9392004
9392220
9392652
9392868
9393516
9393948
9394164
9394596
9395244
9395460
9396540
9396756
9397188
9397404
9397836
9398052
9398484
9399132
9399348
9399996
9400428
9400644
9401076
9401292
9401724
9401940
9402372
9402588
9403020
9403236
9403668
9404316
9404964
9405180
9405612
9405828
9406260
9406476
9406908
9407124
9407556
9407772
9408204
9408420
9408852
9409068
9409716
9410364
9410796
9411012
9411444
9411660
9412092
9412308
9412740
9412956
9413388
9413604
9414036
9414252
9414684
9415332
9415548
9415980
9416196
9416628
9416844
9417276
9417492
9417924
9418140
9418572
9418788
9419220
9419436
9419868
9420084
9420516
9420732
9421164
9421380
9421812
9422460
9422676
9423108
9423324
9423756
9423972
9424404
9424620
9425268
9425916
9426348
9426564
9426996
9427212
9427644
9427860
9428292
9428508
9428940
9429156
9429588
9429804
9430236
9430452
9430884
9431532
9431748
9432180
9432396
9432828
9433044
9433476
9433692
9434124
9434340
9434772
9434988
9435420
9436068
9436716
9436932
9437364
9437580
9438012
9438228
9438660
9438876
9439308
9439524
9439956
9440172
9440604
9440820
9441252
9441468
9442116
9442548
9442764
9443196
9443412
9443844
9444060
9444492
9445140
9445356
9445788
9446004
9446436
9446652
9447084
9447732
9447948
9448380
9448596
9449028
9449244
9449676
9449892
9450324
9450540
9450972
9451188
9451620
9451836
9452268
9452484
9452916
9453132
9453564
9453780
9454212
9454428
9454860
9455076
9455508
9455724
9456156
9456372
9457020
9457452
9457668
9458316
9458748
9458964
9459396
9459612
9460044
9460260
9460692
9460908
9461340
9461556
9461988
9462204
9462636
9462852
9463284
9463932
9464148
9464580
9464796
9465228
9465444
9465876
9466092
9466524
9466740
9467172
9467820
9468036
9468468
9468684
9469116
9469332
9469764
9469980
9470412
9470628
9471060
9471276
9471708
9471924
9472356
9472572
9473004
9473220
9473652
9473868
9474516
9474948
9475164
9475596
9475812
9476244
9476460
9476892
9477108
9477540
9477756
9478188
9478404
9478836
9479052
9479484
9480132
9480348
9480780
9480996
9481428
9481644
9482076
9482292
9482724
9482940
9483372
9483588
9484020
9484236
9484668
9484884
9485316
9485532
9485964
9486180
9486612
9486828
9487260
9487476
9487908
9488124
9488772
9489204
9489420
9489852
9490068
9490716
9491148
9491364
9491796
9492012
9492444
9492660
9493092
9493308
9493740
9493956
9494388
9494604
9495036
9495252
9495684
9496332
9496548
9496980
9497196
9497628
9497844
9498276
9498492
9498924
9499572
9499788
9500220
9500868
9501084
9501516
9501732
9502164
9502380
9502812
9503028
9503460
9503676
9504108
9504324
9504756
9504972
9505404
9505620
9506052
9506268
9506916
9507348
9507564
9507996
9508212
9508644
9508860
9509508
9509940
9510156
9510588
9510804
9511236
9511452
9511884
9512532
9512748
9513180
9513396
9513828
9514044
9514476
9514692
9515124
9515340
9515772
9515988
9516420
9516636
9517068
9517284
9517716
9517932
9518364
9518580
9519012
9519228
9519876
9520524
9520956
9521172
9521604
9521820
9522252
9522468
9523116
9523548
9523764
9524196
9524412
9524844
9525060
9525492
9525708
9526140
9526356
9526788
9527004
9527436
9527652
9528084
9528732
9528948
9529380
9529596
9530028
9530244
9530676
9531324
9531540
9531972
9532188
9532620
9532836
9533268
9533484
9533916
9534132
9534564
9534780
9535212
9535428
9535860
9536076
9536508
9536724
9537156
9537372
9537804
9538020
9538452
9538668
9539316
9539748
9539964
9540396
9540612
9541260
9541692
9541908
9542340
9542556
9542988
9543204
9543636
9543852
9544284
9544932
9545148
9545580
9546228
9546444
9546876
9547092
9547524
9547740
9548172
9548388
9548820
9549036
9549468
9549684
9550116
9550332
9550764
9550980
9551412
9551628
9552276
9552924
9553356
9553572
9554004
9554220
9554652
9554868
9555516
9555948
9556164
9556596
9556812
9557244
9557460
9557892
9558108
9558540
9558756
9559188
9559404
9559836
9560052
9560484
9561132
9561348
9561780
9561996
9562428
9563076
9563292
9563724
9563940
9564372
9564588
9565020
9565236
9565668
9565884
9566316
9566532
9566964
9567180
9567612
9567828
9568260
9568476
9568908
9569124
9569556
9569772
9570204
9570420
9570852
9571068
9571716
9572148
9572364
9572796
9573012
9573444
9573660
9574092
9574308
9574740
9574956
9575388
9575604
9576036
9576252
9576684
9577332
9577548
9577980
9578196
9578628
9579276
9579492
9579924
9580140
9580572
9580788
9581220
9581436
9581868
9582516
9582732
9583164
9583380
9584028
9584460
9584676
9585108
9585324
9585756
9585972
9586404
9586620
9587052
9587268
9587916
9588348
9588564
9588996
9589212
9589644
9589860
9590292
9590508
9590940
9591156
9591588
9591804
9592236
9592452
9592884
9593532
9593748
9594180
9594828
9595044
9595476
9595692
9596124
9596340
9596772
9596988
9597420
9597636
9598068
9598284
9598716
9598932
9599364
9599580
9600012
9600228
9600660
9600876
9601308
9601524
9601956
9602172
9602604
9602820
9603252
9603468
9604116
9604548
9604764
9605196
9605412
9605844
9606060
9606492
9606708
9607140
9607356
9607788
9608004
9608436
9608652
9609084
9609732
9609948
9610596
9611028
9611244
9611676
9611892
9612324
9612540
9612972
9613188
9613620
9613836
9614268
9614484
9614916
9615132
9615780
9616212
9616428
9616860
9617076
9617508
9617724
9618156
9618372
9619020
9619452
9619668
9620316
9620748
9620964
9621396
9621612
9622260
9622692
9622908
9623340
9623556
9623988
9624204
9624636
9624852
9625284
9625932
9626580
9626796
9627228
9627444
9627876
9628092
9628524
9628740
9629172
9629388
9629820
9630468
9630684
9631332
9631764
9631980
9632412
9632628
9633060
9633276
9633708
9633924
9634356
9634572
9635004
9635220
9635652
9635868
9636516
9636948
9637164
9637596
9637812
9638244
9638460
9638892
9639108
9639540
9639756
9640188
9640404
9640836
9641052
9641484
9642132
9642348
9642780
9642996
9643428
9643644
9644076
9644292
9644724
9644940
9645372
9645588
9646020
9646236
9646668
9646884
9647532
9647964
9648180
9648612
9648828
9649260
9649476
9649908
9650124
9650556
9650772
9651204
9651420
9651852
9652068
9652716
9653148
9653796
9654012
9654444
9654660
9655092
9655740
9655956
9656388
9656604
9657036
9657684
9658332
9658548
9658980
9659196
9659628
9659844
9660276
9660492
9660924
9661140
9661572
9661788
9662220
9662436
9662868
9663084
9663516
9663732
9664164
9664380
9664812
9665028
9665460
9665676
9666108
9666324
9666756
9666972
9667404
9667620
9668052
9668268
9668916
9669348
9669564
9669996
9670212
9670644
9670860
9671292
9671508
9671940
9672588
9672804
9673236
9673452
9673884
9674532
9674748
9675180
9675396
9675828
9676044
9676476
9676692
9677124
9677340
9677772
9677988
9678420
9678636
9679284
9679716
9679932
9680364
9680580
9681012
9681228
9681660
9681876
9682308
9682524
9682956
9683172
9683604
9683820
9684252
9684468
9685116
9685548
9685764
9686196
9686412
9686844
9687060
9687492
9687708
9688140
9688356
9688788
9689004
9689436
9690084
9690732
9690948
9691380
9691596
9692028
9692244
9692676
9692892
9693324
9693540
9693972
9694188
9694620
9694836
9695268
9695484
9695916
9696132
9696564
9696780
9697212
9697428
9697860
9698076
9698508
9698724
9699156
9699372
9699804
9700020
9700452
9700668
9701316
9701748
9701964
9702396
9702612
9703044
9703260
9703692
9703908
9704340
9704556
9704988
9705204
9705636
9705852
9706284
9707148
9707580
9707796
9708228
9708444
9708876
9709092
9709740
9710172
9710388
9711036
9711468
9711684
9712116
9712332
9712764
9712980
9713412
9713628
9714060
9714276
9714708
9714924
9715356
9715572
9716004
9716220
9716652
9716868
9717516
9717948
9718164
9718812
9719244
9719460
9719892
9720108
9720540
9720756
9721188
9721836
9722052
9722484
9723132
9723348
9723780
9723996
9724428
9724644
9725076
9725292
9725724
9725940
9726372
9726588
9727020
9727236
9727668
9727884
9728532
9728964
9729180
9729612
9729828
9730260
9730476
9730908
9731124
9731556
9731772
9732204
9732420
9732852
9733068
9733716
9734148
9734364
9734796
9735012
9735444
9736092
9736308
9736740
9736956
9737388
9737604
9738036
9738252
9738684
9739332
9739548
9739980
9740196
9740628
9740844
9741276
9741492
9741924
9742140
9742788
9743220
9743436
9743868
9744084
9744516
9744732
9745164
9745380
9745812
9746028
9746460
9746676
9747108
9747324
9747756
9747972
9748404
9748620
9749052
9749268
9749916
9750348
9750564
9750996
9751212
9751644
9751860
9752292
9752508
9752940
9753588
9753804
9754236
9754452
9754884
9755532
9755748
9756180
9756396
9756828
9757044
9757476
9757692
9758124
9758340
9758772
9758988
9759420
9759636
9760068
9760284
9760716
9760932
9761364
9761580
9762012
9762228
9762660
9762876
9763308
9763524
9763956
9764172
9764604
9765252
9765468
9766116
9766548
9766764
9767196
9767412
9767844
9768060
9768492
9768708
9769140
9769788
9770004
9770436
9770652
9771084
9771732
9771948
9772380
9772596
9773028
9773244
9773676
9773892
9774540
9774972
9775188
9775620
9775836
9776268
9776484
9776916
9777132
9777564
9777780
9778212
9778428
9778860
9779076
9779508
9779724
9780156
9780372
9780804
9781020
9781668
9782316
9782748
9782964
9783396
9783612
9784260
9784692
9785340
9785556
9786204
9786636
9786852
9787284
9788148
9788580
9788796
9789228
9789444
9789876
9790092
9790524
9790740
9791172
9791388
9791820
9792036
9792468
9792684
9793116
9793332
9793764
9793980
9794412
9794628
9795060
9795276
9795708
9795924
9796356
9796572
9797004
9797220
9797652
9797868
9798516
9798948
9799164
9799596
9799812
9800244
9800460
9800892
9801108
9801540
9801756
9802188
9802404
9802836
9803052
9803484
9804132
9804348
9804780
9804996
9805428
9805644
9806292
9806724
9806940
9807372
9807588
9808020
9808236
9808668
9808884
9809316
9809532
9809964
9810180
9810612
9810828
9811260
9811476
9811908
9812124
9812556
9812772
9813204
9813420
9813852
9814716
9815148
9815364
9815796
9816012
9816444
9817092
9817308
9817740
9817956
9818388
9818604
9819036
9819252
9819684
9820332
9820548
9820980
9821196
9821628
9821844
9822276
9822492
9822924
9823140
9823572
9823788
9824220
9824436
9824868
9825084
9825516
9825732
9826164
9826380
9826812
9827028
9827460
9827676
9828108
9828324
9828756
9828972
9829404
9829620
9830052
9830268
9830916
9831348
9831564
9831996
9832212
9832644
9832860
9833292
9833508
9833940
9834156
9834588
9834804
9835236
9835452
9835884
9836532
9836748
9837180
9837396
9838044
9838476
9838692
9839124
9839340
9839772
9839988
9840420
9840636
9841068
9841284
9841716
9841932
9842364
9842580
9843012
9843228
9843660
9843876
9844308
9844524
9844956
9845172
9845604
9845820
9846252
9846468
9847116
9847548
9847764
9848196
9848844
9849060
9849492
9849708
9850140
9850356
9850788
9851004
9851436
9851652
9852084
9852732
9852948
9853380
9853596
9854028
9854244
9854676
9854892
9855324
9855540
9855972
9856188
9856620
9856836
9857268
9857484
9857916
9858132
9858564
9858780
9859212
9859428
9860076
9860508
9860724
9861156
9861372
9861804
9862020
9862452
9862668
9863316
9863748
9864396
9864612
9865044
9865260
9865692
9865908
9866556
9866988
9867204
9867636
9867852
9868284
9868932
9869148
9869796
9870228
9870444
9870876
9871092
9871524
9871740
9872172
9872388
9872820
9873036
9873468
9873684
9874116
9874764
9874980
9875412
9875628
9876060
9876276
9876708
9876924
9877356
9877572
9878004
9878220
9878652
9878868
9879516
9879948
9880596
9880812
9881244
9881460
9881892
9882108
9882540
9882756
9883188
9883404
9884052
9884484
9885132
9885348
9885780
9885996
9886428
9886644
9887076
9887292
9887724
9887940
9888372
9888588
9889020
9889236
9889668
9889884
9890316
9890532
9890964
9891180
9891612
9891828
9892260
9892908
9893124
9893556
9893772
9894420
9894852
9895068
9895716
9896148
9896364
9896796
9897012
9897444
9897660
9898092
9898308
9898740
9898956
9899388
9899604
9900036
9900684
9901548
9901980
9902196
9902628
9902844
9903276
9903492
9903924
9904140
9904572
9904788
9905220
9905436
9905868
9906516
9906732
9907164
9907380
9907812
9908028
9908460
9908676
9909108
9909324
9909756
9909972
9910404
9910620
9911052
9911268
9912348
9912564
9912996
9913212
9913644
9913860
9914292
9914508
9914940
9915156
9915588
9915804
9916236
9916452
9916884
9917532
9917748
9918180
9918396
9918828
9919044
9919476
9919692
9920124
9920340
9920772
9920988
9921420
9921636
9922068
9922284
9922716
9922932
9923364
9923580
9924012
9924228
9924660
9924876
9925308
9925524
9925956
9926172
9926604
9926820
9927252
9927468
9928116
9928548
9928764
9929196
9929412
9929844
9930060
9930492
9930708
9931140
9931356
9931788
9932004
9932436
9932652
9933732
9933948
9934380
9934596
9935028
9935244
9935676
9935892
9936324
9936540
9936972
9937188
9937620
9937836
9938268
9938484
9938916
9939132
9939564
9939780
9940212
9940428
9940860
9941076
9941508
9941724
9942156
9942372
9942804
9943020
9943452
9944316
9944964
9945396
9945612
9946044
9946260
9946692
9946908
9947556
9947988
9948204
9948636
9948852
9949284
9949932
9950148
9950580
9950796
9951228
9951444
9951876
9952092
9952524
9952740
9953172
9953388
9953820
9954036
9954468
9954684
9955116
9955332
9955764
9955980
9956412
9957060
9957276
9957708
9957924
9958356
9958572
9959004
9959220
9959652
9959868
9960516
9960948
9961164
9961596
9961812
9962244
9962460
9962892
9963108
9963540
9963756
9964188
9964404
9965052
9965484
9966132
9966348
9966780
9966996
9967428
9967644
9968076
9968292
9968724
9968940
9969372
9969588
9970020
9970236
9970668
9971316
9971532
9971964
9972180
9972612
9972828
9973260
9973476
9973908
9974124
9974556
9974772
9975204
9975852
9976068
9976716
9977148
9977364
9977796
9978012
9978444
9978660
9979092
9979308
9979740
9979956
9980388
9980604
9981036
9981252
9981684
9982332
9982548
9982980
9983196
9983628
9984276
9984492
9984924
9985572
9985788
9986220
9986436
9986868
9987084
9987516
9987732
9988164
9988380
9988812
9989028
9989460
9989676
9990108
9990324
9990756
9990972
9991404
9991620
9992052
9992268
9992916
9993348
9993564
9993996
9994212
9994644
9994860
9995292
9995508
9995940
9996156
9996804
9997236
9997452
9997884
9998532
9998748
9999180
9999396
9999828
