1 0
2 -4
3 0
4 0
5 0
6 0
7 0
8 0
9 0
10 0
11 0
12 0
13 0
14 0
15 0
16 0
17 0
18 0
19 0
20 0
21 0
22 0
23 0
24 0
25 0
26 0
27 -8
28 52
29 36
30 -56
31 -4
32 -48
33 -64
34 68
35 -24
36 68
37 52
38 -48
39 36
40 -64
41 -64
42 52
43 -64
44 84
45 52
46 -32
47 84
48 -72
49 -48
50 20
51 -104
52 76
53 36
54 8
55 124
56 -64
57 -32
58 -20
59 -144
60 68
61 20
62 48
63 164
64 -56
65 -16
66 -68
67 -168
68 52
69 4
70 88
71 0
72 104
73 -160
74 -40
75 -4
76 -124
77 164
78 28
79 16
80 144
81 -160
82 -24
83 -20
84 -164
85 164
86 12
87 32
88 184
89 -160
90 -8
91 -36
92 -204
93 164
94 -4
95 48
96 224
97 -160
98 8
99 -52
100 -244
101 164
102 -20
103 64
104 264
105 -160
106 24
107 -68
108 -284
109 164
110 -36
111 80
112 304
113 -160
114 40
115 -84
116 -324
117 164
118 -52
119 96
120 344
121 -160
122 56
123 -100
124 -364
125 164
126 -68
127 112
128 384
129 -160
130 72
131 -116
132 -404
133 164
134 -84
135 128
136 424
137 -160
138 88
139 -132
140 -444
141 164
142 -100
143 144
144 464
145 -160
146 104
147 -148
148 -484
149 164
150 -116
151 160
152 0
153 0
154 0
155 0
156 0
157 0
158 0
159 0
160 0
161 0
162 0
163 0
164 0
165 0
166 0
167 0
168 0
169 0
170 0
171 0
172 0
173 0
174 0
175 0
176 0
177 0
178 0
179 0
180 0
181 0
182 0
183 0
184 0
185 0
186 0
187 0
188 0
189 0
190 0
191 0
192 0
193 0
194 0
195 0
196 0
197 0
198 0
199 0
200 0
201 0
202 0
203 0
204 0
205 0
206 0
207 0
208 0
209 0
210 0
211 0
212 0
213 0
214 0
215 0
216 0
217 0
218 0
219 0
220 0
221 0
222 0
223 0
224 0
225 0
226 0
227 0
228 0
229 0
230 0
231 0
232 0
233 0
234 0
235 0
236 0
237 0
238 0
239 0
240 0
241 0
242 0
243 0
244 0
245 0
246 0
247 0
248 0
249 0
250 0
251 0
252 0
253 0
254 0
255 0
256 0
257 0
258 0
259 0
260 0
261 0
262 0
263 0
264 0
265 0
266 0
267 0
268 0
269 0
270 0
271 0
272 0
273 0
274 0
275 0
276 0
277 0
278 0
279 0
280 0
281 0
282 0
283 0
284 0
285 0
286 0
287 0
288 0
289 0
290 0
291 0
292 0
293 0
294 0
295 0
296 0
297 0
298 0
299 0
300 0
301 0
302 0
303 0
304 0
305 0
306 0
307 0
308 0
309 0
310 0
311 0
312 0
313 0
314 0
315 0
316 0
317 0
318 0
319 0
320 0
321 0
322 0
323 0
324 0
325 0
326 0
327 0
328 0
329 0
330 0
331 0
332 0
333 0
334 0
335 0
336 0
337 0
338 0
339 0
340 0
341 0
342 0
343 -220
344 504
345 544
346 -508
347 224
348 -516
349 -556
350 496
351 -252
352 520
353 544
354 -492
355 264
356 -532
357 -556
358 480
359 -292
360 536
361 544
362 -476
363 304
364 -548
365 -556
366 464
367 -332
368 552
369 544
370 -460
371 344
372 -564
373 -556
374 448
375 -372
376 568
377 544
378 -444
379 384
380 -580
381 -556
382 432
383 -412
384 584
385 544
386 -428
387 424
388 -596
389 -556
390 416
391 -452
392 600
393 544
394 -412
395 464
396 -612
397 -556
398 400
399 -492
400 616
401 544
402 -396
403 504
404 -628
405 -556
406 384
407 -532
408 632
409 544
410 -380
411 544
412 0
413 0
414 0
415 0
416 0
417 0
418 0
419 0
420 0
421 0
422 0
423 0
424 0
425 0
426 0
427 0
428 0
429 0
430 0
431 0
432 0
433 0
434 0
435 0
436 0
437 0
438 0
439 0
440 0
441 0
442 0
443 0
444 0
445 0
446 0
447 0
448 0
449 0
450 0
451 0
452 0
453 0
454 0
455 0
456 0
457 0
458 0
459 0
460 0
461 0
462 0
463 0
464 0
465 0
466 0
467 0
468 0
469 0
470 0
471 0
472 0
473 0
474 0
475 0
476 0
477 0
478 0
479 0
480 0
481 0
482 0
483 0
484 0
485 0
486 0
487 0
488 0
489 0
490 0
491 0
492 0
493 0
494 0
495 0
496 0
497 0
498 0
499 0
500 0
501 0
502 0
503 0
504 0
505 0
506 0
507 0
508 0
509 0
510 0
511 0
512 0
513 0
514 0
515 0
516 0
517 0
518 0
519 0
520 0
521 0
522 0
523 0
524 0
525 0
526 0
527 0
528 0
529 0
530 0
531 0
532 0
533 0
534 0
535 0
536 0
537 0
538 0
539 0
540 0
541 0
542 0
543 0
544 0
545 0
546 0
547 0
548 0
549 0
550 0
551 0
552 0
553 0
554 0
555 0
556 0
557 0
558 0
559 0
560 0
561 0
562 0
563 0
564 0
565 0
566 0
567 0
568 0
569 0
570 0
571 0
572 0
573 0
574 0
575 0
576 0
577 0
578 0
579 0
580 0
581 0
582 0
583 0
584 0
585 0
586 0
587 0
588 0
589 0
590 0
591 0
592 0
593 0
594 0
595 0
596 0
597 0
598 0
599 0
600 0
601 0
602 0
603 0
604 0
605 0
606 0
607 0
608 0
609 0
610 0
611 0
612 0
613 0
614 0
615 0
616 0
617 0
618 0
619 0
620 0
621 0
622 0
623 0
624 0
625 0
626 0
627 0
628 0
629 0
630 0
631 0
632 0
633 0
634 0
635 0
636 0
637 0
638 0
639 0
640 0
641 0
642 0
643 0
644 0
645 0
646 0
647 0
648 0
649 0
650 0
651 0
652 0
653 0
654 0
655 0
656 0
657 0
658 0
659 0
660 0
661 0
662 0
663 0
664 0
665 0
666 0
667 0
668 0
669 0
670 0
671 0
672 0
673 0
674 0
675 0
676 0
677 0
678 0
679 0
680 0
681 0
682 0
683 0
684 0
685 0
686 0
687 0
688 0
689 0
690 0
691 0
692 0
693 0
694 0
695 0
696 0
697 0
698 0
699 0
700 0
701 0
702 0
703 0
704 0
705 0
706 0
707 0
708 0
709 0
710 0
711 0
712 0
713 0
714 0
715 0
716 0
717 0
718 0
719 0
720 0
721 0
722 0
723 0
724 0
725 0
726 0
727 0
728 0
729 0
730 0
731 0
732 0
733 0
734 0
735 0
736 0
737 0
738 0
739 0
740 0
741 0
742 0
743 0
744 0
745 0
746 0
747 0
748 0
749 0
750 0
751 0
752 0
753 0
754 0
755 0
756 0
757 0
758 0
759 0
760 0
761 0
762 0
763 0
764 0
765 0
766 0
767 0
768 0
769 0
770 0
771 0
772 0
773 0
774 0
775 0
776 0
777 0
778 0
779 0
780 0
781 0
782 0
783 0
784 0
785 0
786 0
787 0
788 0
789 0
790 0
791 0
792 0
793 0
794 0
795 0
796 0
797 0
798 0
799 0
800 0
801 0
802 0
803 0
804 0
805 0
806 0
807 0
808 0
809 0
810 0
811 0
812 0
813 0
814 0
815 0
816 0
817 0
818 0
819 0
820 0
821 0
822 0
823 0
824 0
825 0
826 0
827 0
828 0
829 0
830 0
831 0
832 0
833 0
834 0
835 0
836 0
837 0
838 0
839 0
840 0
841 0
842 0
843 0
844 0
845 0
846 0
847 0
848 0
849 0
850 0
851 0
852 0
853 0
854 0
855 0
856 0
857 0
858 0
859 0
860 0
861 0
862 0
863 0
864 0
865 0
866 0
867 0
868 0
869 0
870 0
871 0
872 0
873 0
874 0
875 0
876 0
877 0
878 0
879 0
880 0
881 0
882 0
883 0
884 0
885 0
886 0
887 0
888 0
889 0
890 0
891 0
892 0
893 0
894 0
895 0
896 0
897 0
898 0
899 0
900 0
901 0
902 0
903 0
904 0
905 0
906 0
907 0
908 0
909 0
910 0
911 0
912 0
913 0
914 0
915 0
916 0
917 0
918 0
919 0
920 0
921 0
922 0
923 0
924 0
925 0
926 0
927 0
928 0
929 0
930 0
931 0
932 0
933 0
934 0
935 0
936 0
937 0
938 0
939 0
940 0
941 0
942 0
943 0
944 0
945 0
946 0
947 0
948 0
949 0
950 0
951 0
952 0
953 0
954 0
955 0
956 0
957 0
958 0
959 0
960 0
961 0
962 0
963 0
964 0
965 0
966 0
967 0
968 0
969 0
970 0
971 0
972 0
973 0
974 0
975 0
976 0
977 0
978 0
979 0
980 0
981 0
982 0
983 0
984 0
985 0
986 0
987 0
988 0
989 0
990 0
991 0
992 0
993 0
994 0
995 0
996 0
997 0
998 0
999 0
1000 0
1001 0
1002 0
1003 0
1004 0
1005 0
1006 0
1007 0
1008 0
1009 0
1010 0
1011 0
1012 0
1013 0
1014 0
1015 0
1016 0
1017 0
1018 0
1019 0
1020 0
1021 0
1022 0
1023 0
1024 0
1025 0
1026 0
1027 0
1028 0
1029 0
1030 0
1031 0
1032 0
1033 0
1034 0
1035 0
1036 0
1037 0
1038 0
1039 0
1040 0
1041 0
1042 0
1043 0
1044 0
1045 0
1046 0
1047 0
1048 0
1049 0
1050 0
1051 0
1052 0
1053 0
1054 0
1055 0
1056 0
1057 0
1058 0
1059 0
1060 0
1061 0
1062 0
1063 0
1064 0
1065 0
1066 0
1067 0
1068 0
1069 0
1070 0
1071 0
1072 0
1073 0
1074 0
1075 0
1076 0
1077 0
1078 0
1079 0
1080 0
1081 0
1082 0
1083 0
1084 0
1085 0
1086 0
1087 0
1088 0
1089 0
1090 0
1091 0
1092 0
1093 0
1094 0
1095 0
1096 0
1097 0
1098 0
1099 0
1100 0
1101 0
1102 0
1103 0
1104 0
1105 0
1106 0
1107 0
1108 0
1109 0
1110 0
1111 0
1112 0
1113 0
1114 0
1115 0
1116 0
1117 0
1118 0
1119 0
1120 0
1121 0
1122 0
1123 0
1124 0
1125 0
1126 0
1127 0
1128 0
1129 0
1130 0
1131 0
1132 0
1133 0
1134 0
1135 0
1136 0
1137 0
1138 0
1139 0
1140 0
1141 0
1142 0
1143 0
1144 0
1145 0
1146 0
1147 0
1148 0
1149 0
1150 0
1151 0
1152 0
1153 0
1154 0
1155 0
1156 0
1157 0
1158 0
1159 0
1160 0
1161 0
1162 0
1163 0
1164 0
1165 0
1166 0
1167 0
1168 0
1169 0
1170 0
1171 0
1172 0
1173 0
1174 0
1175 0
1176 0
1177 0
1178 0
1179 0
1180 0
1181 0
1182 0
1183 0
1184 0
1185 0
1186 0
1187 0
1188 0
1189 0
1190 0
1191 0
1192 0
1193 0
1194 0
1195 0
1196 0
1197 0
1198 0
1199 0
1200 0
1201 0
1202 0
1203 0
1204 0
1205 0
1206 0
1207 0
1208 0
1209 0
1210 0
1211 0
1212 0
1213 0
1214 0
1215 0
1216 0
1217 0
1218 0
1219 0
1220 0
1221 0
1222 0
1223 0
1224 0
1225 0
1226 0
1227 0
1228 0
1229 0
1230 0
1231 0
1232 0
1233 0
1234 0
1235 0
1236 0
1237 0
1238 0
1239 0
1240 0
1241 0
1242 0
1243 0
1244 0
1245 0
1246 0
1247 0
1248 0
1249 0
1250 0
1251 0
1252 0
1253 0
1254 0
1255 0
1256 0
1257 0
1258 0
1259 0
1260 0
1261 0
1262 0
1263 0
1264 0
1265 0
1266 0
1267 0
1268 0
1269 0
1270 0
1271 0
1272 0
1273 0
1274 0
1275 0
1276 0
1277 0
1278 0
1279 0
1280 0
1281 0
1282 0
1283 0
1284 0
1285 0
1286 0
1287 0
1288 0
1289 0
1290 0
1291 0
1292 0
1293 0
1294 0
1295 0
1296 0
1297 0
1298 0
1299 0
1300 0
1301 0
1302 0
1303 0
1304 0
1305 0
1306 0
1307 0
1308 0
1309 0
1310 0
1311 0
1312 0
1313 0
1314 0
1315 0
1316 0
1317 0
1318 0
1319 0
1320 0
1321 0
1322 0
1323 0
1324 0
1325 0
1326 0
1327 0
1328 0
1329 0
1330 0
1331 0
1332 0
1333 0
1334 0
1335 0
1336 0
1337 0
1338 0
1339 0
1340 0
1341 0
1342 0
1343 0
1344 0
1345 0
1346 0
1347 0
1348 0
1349 0
1350 0
1351 0
1352 0
1353 0
1354 0
1355 0
1356 0
1357 0
1358 0
1359 0
1360 0
1361 0
1362 0
1363 0
1364 0
1365 0
1366 0
1367 0
1368 0
1369 0
1370 0
1371 0
1372 0
1373 0
1374 0
1375 0
1376 0
1377 0
1378 0
1379 0
1380 0
1381 0
1382 0
1383 0
1384 -1136
1385 -1408
1386 4492
1387 1400
1388 1148
1389 1396
1390 -4496
1391 -1420
1392 -1152
1393 -1424
1394 4516
1395 1392
1396 1172
1397 1412
1398 -4504
1399 -1404
1400 -1168
1401 -1440
1402 4516
1403 1376
1404 1188
1405 1428
1406 -4504
1407 -1388
1408 -1184
1409 -1456
1410 4516
1411 1360
1412 1204
1413 1444
1414 -4504
1415 -1372
1416 -1200
1417 -1472
1418 4516
1419 1344
1420 1220
1421 1460
1422 -4504
1423 -1356
1424 -1216
1425 -1488
1426 4516
1427 1328
1428 1236
1429 1476
1430 -4504
1431 -1340
1432 -1232
1433 -1504
1434 4516
1435 1312
1436 1252
1437 1492
1438 -4504
1439 -1324
1440 -1248
1441 -1520
1442 4516
1443 1296
1444 1268
1445 1508
1446 -4504
1447 -1308
1448 -1264
1449 -1536
1450 4516
1451 1280
1452 1284
1453 1524
1454 -4504
1455 -1292
1456 -1280
1457 -1552
1458 4516
1459 1264
1460 1300
1461 1540
1462 -4504
1463 -1276
1464 -1296
1465 -1568
1466 4516
1467 1248
1468 1316
1469 1556
1470 -4504
1471 -1260
1472 -1312
1473 -1584
1474 4516
1475 1232
1476 1332
1477 1572
1478 -4504
1479 -1244
1480 -1328
1481 -1600
1482 4516
1483 1216
1484 1348
1485 1588
1486 -4504
1487 -1228
1488 -1344
1489 -1616
1490 4516
1491 1200
1492 1364
1493 1604
1494 -4504
1495 -1212
1496 -1360
1497 -1632
1498 4516
1499 1184
1500 1380
1501 1620
1502 -4504
1503 -1196
1504 -1376
1505 -1648
1506 4516
1507 1168
1508 1396
1509 1636
1510 -4504
1511 -1180
1512 -1392
1513 -1664
1514 4516
1515 1152
1516 1412
1517 1652
1518 -4504
1519 -1164
1520 -1408
1521 -1680
1522 4516
1523 1136
1524 1428
1525 1668
1526 -4504
1527 -1148
1528 -1424
1529 -1696
1530 4516
1531 1120
1532 1444
1533 1684
1534 -4504
1535 -1132
1536 -1440
1537 -1712
1538 4516
1539 1104
1540 1460
1541 1700
1542 -4504
1543 -1116
1544 -1456
1545 -1728
1546 4516
1547 1088
1548 1476
1549 1716
1550 -4504
1551 -1100
1552 -1472
1553 -1744
1554 4516
1555 1072
1556 1492
1557 1732
1558 -4504
1559 -1084
1560 -1488
1561 -1760
1562 4516
1563 1056
1564 1508
1565 1748
1566 -4504
1567 -1068
1568 -1504
1569 -1776
1570 4516
1571 1040
1572 1524
1573 1764
1574 -4504
1575 -1052
1576 -1520
1577 -1792
1578 4516
1579 1024
1580 1540
1581 1780
1582 -4504
1583 -1036
1584 -1536
1585 -1808
1586 4516
1587 1008
1588 1556
1589 1796
1590 -4504
1591 -1020
1592 -1552
1593 -1824
1594 4516
1595 992
1596 1572
1597 1812
1598 -4504
1599 -1004
1600 -1568
1601 -1840
1602 4516
1603 976
1604 1588
1605 1828
1606 -4504
1607 -988
1608 -1584
1609 -1856
1610 4516
1611 960
1612 1604
1613 1844
1614 -4504
1615 -972
1616 -1600
1617 -1872
1618 4516
1619 944
1620 1620
1621 1860
1622 -4504
1623 -956
1624 -1616
1625 -1888
1626 4516
1627 928
1628 1636
1629 1876
1630 -4504
1631 -940
1632 -1632
1633 -1904
1634 4516
1635 912
1636 1652
1637 1892
1638 -4504
1639 -924
1640 -1648
1641 -1920
1642 4516
1643 896
1644 1668
1645 1908
1646 -4504
1647 -908
1648 -1664
1649 -1936
1650 4516
1651 880
1652 1684
1653 1924
1654 -4504
1655 -892
1656 -1680
1657 -1952
1658 4516
1659 864
1660 1700
1661 1940
1662 -4504
1663 -876
1664 -1696
1665 -1968
1666 4516
1667 848
1668 1716
1669 1956
1670 -4504
1671 -860
1672 -1712
1673 -1984
1674 4516
1675 832
1676 1732
1677 1972
1678 -4504
1679 -844
1680 -1728
1681 -2000
1682 4516
1683 816
1684 1748
1685 1988
1686 -4504
1687 -828
1688 -1744
1689 -2016
1690 4516
1691 800
1692 1764
1693 2004
1694 -4504
1695 -812
1696 -1760
1697 -2032
1698 4516
1699 784
1700 1780
1701 2020
1702 -4504
1703 -796
1704 -1776
1705 -2048
1706 4516
1707 768
1708 1796
1709 2036
1710 -4504
1711 -780
1712 -1792
1713 -2064
1714 4516
1715 752
1716 1812
1717 2052
1718 -4504
1719 -764
1720 -1808
1721 -2080
1722 4516
1723 736
1724 1828
1725 2068
1726 -4504
1727 -748
1728 -1824
1729 -2096
1730 4516
1731 720
1732 1844
1733 2084
1734 -4504
1735 -732
1736 -1840
1737 -2112
1738 4516
1739 704
1740 1860
1741 2100
1742 -4504
1743 -716
1744 -1856
1745 -2128
1746 4516
1747 688
1748 1876
1749 2116
1750 -4504
1751 -700
1752 -1872
1753 -2144
1754 4516
1755 672
1756 1892
1757 2132
1758 -4504
1759 -684
1760 -1888
1761 -2160
1762 4516
1763 656
1764 1908
1765 2148
1766 -4504
1767 -668
1768 -1904
1769 -2176
1770 4516
1771 640
1772 1924
1773 2164
1774 -4504
1775 -652
1776 -1920
1777 -2192
1778 4516
1779 624
1780 1940
1781 2180
1782 -4504
1783 -636
1784 -1936
1785 -2208
1786 4516
1787 608
1788 1956
1789 2196
1790 -4504
1791 -620
1792 -1952
1793 -2224
1794 4516
1795 592
1796 1972
1797 2212
1798 -4504
1799 -604
1800 -1968
1801 -2240
1802 4516
1803 576
1804 1988
1805 2228
1806 -4504
1807 -588
1808 -1984
1809 -2256
1810 4516
1811 560
1812 2004
1813 2244
1814 -4504
1815 -572
1816 -2000
1817 -2272
1818 4516
1819 544
1820 2020
1821 2260
1822 -4504
1823 -556
1824 -2016
1825 -2288
1826 4516
1827 528
1828 2036
1829 2276
1830 -4504
1831 -540
1832 -2032
1833 -2304
1834 4516
1835 512
1836 2052
1837 2292
1838 -4504
1839 -524
1840 -2048
1841 -2320
1842 4516
1843 496
1844 2068
1845 2308
1846 -4504
1847 -508
1848 -2064
1849 -2336
1850 4516
1851 480
1852 2084
1853 2324
1854 -4504
1855 -492
1856 -2080
1857 -2352
1858 4516
1859 464
1860 2100
1861 2340
1862 -4504
1863 -476
1864 -2096
1865 -2368
1866 4516
1867 448
1868 2116
1869 2356
1870 -4504
1871 -460
1872 -2112
1873 -2384
1874 4516
1875 432
1876 2132
1877 2372
1878 -4504
1879 -444
1880 -2128
1881 -2400
1882 4516
1883 416
1884 2148
1885 2388
1886 -4504
1887 -428
1888 -2144
1889 -2416
1890 4516
1891 400
1892 2164
1893 2404
1894 -4504
1895 -412
1896 -2160
1897 -2432
1898 4516
1899 384
1900 2180
1901 2420
1902 -4504
1903 -396
1904 -2176
1905 -2448
1906 4516
1907 368
1908 2196
1909 2436
1910 -4504
1911 -380
1912 -2192
1913 -2464
1914 4516
1915 352
1916 2212
1917 2452
1918 -4504
1919 -364
1920 -2208
1921 -2480
1922 4516
1923 336
1924 2228
1925 2468
1926 -4504
1927 -348
1928 -2224
1929 -2496
1930 4516
1931 320
1932 2244
1933 2484
1934 -4504
1935 -332
1936 -2240
1937 -2512
1938 4516
1939 304
1940 2260
1941 2500
1942 -4504
1943 -316
1944 -2256
1945 -2528
1946 4516
1947 288
1948 2276
1949 2516
1950 -4504
1951 -300
1952 -2272
1953 -2544
1954 4516
1955 272
1956 2292
1957 2532
1958 -4504
1959 -284
1960 -2288
1961 -2560
1962 4516
1963 256
1964 2308
1965 2548
1966 -4504
1967 -268
1968 -2304
1969 -2576
1970 4516
1971 240
1972 2324
1973 2564
1974 -4504
1975 -252
1976 -2320
1977 -2592
1978 4516
1979 224
1980 2340
1981 2580
1982 -4504
1983 -236
1984 -2336
1985 -2608
1986 4516
1987 208
1988 2356
1989 2596
1990 -4504
1991 -220
1992 -2352
1993 -2624
1994 4516
1995 192
1996 2372
1997 2612
1998 -4504
1999 -204
2000 -2368
2001 -2640
2002 4516
2003 176
2004 2388
2005 2628
2006 -4504
2007 -188
2008 -2384
2009 -2656
2010 4516
2011 160
2012 2404
2013 2644
2014 -4504
2015 -172
2016 -2400
2017 -2672
2018 4516
2019 144
2020 2420
2021 2660
2022 -4504
2023 -156
2024 -2416
2025 -2688
2026 4516
2027 128
2028 2436
2029 2676
2030 -4504
2031 -140
2032 -2432
2033 -2704
2034 4516
2035 112
2036 2452
2037 2692
2038 -4504
2039 -124
2040 -2448
2041 -2720
2042 4516
2043 96
2044 2468
2045 2708
2046 -4504
2047 -108
2048 -2464
2049 -2736
2050 4516
2051 80
2052 2484
2053 2724
2054 -4504
2055 -92
2056 -2480
2057 -2752
2058 4516
2059 64
2060 2500
2061 2740
2062 -4504
2063 -76
2064 -2496
2065 -2768
2066 4516
2067 48
2068 2516
2069 2756
2070 -4504
2071 -60
2072 -2512
2073 -2784
2074 4516
2075 32
2076 2532
2077 2772
2078 -4504
2079 -44
2080 -2528
2081 -2800
2082 4516
2083 16
2084 2548
2085 2788
2086 -4504
2087 -28
2088 -2544
2089 -2816
2090 4516
2091 0
2092 2564
2093 2804
2094 -4504
2095 -12
2096 -2560
2097 0
2098 -2576
2099 2836
2100 4500
2101 20
2102 2564
2103 -2832
2104 -4520
2105 -16
2106 -2592
2107 2852
2108 4500
2109 36
2110 2580
2111 -2848
2112 -4520
2113 -32
2114 -2608
2115 2868
2116 4500
2117 52
2118 2596
2119 -2864
2120 -4520
2121 -48
2122 -2624
2123 2884
2124 4500
2125 68
2126 2612
2127 -2880
2128 -4520
2129 -64
2130 -2640
2131 2900
2132 4500
2133 84
2134 2628
2135 -2896
2136 -4520
2137 -80
2138 -2656
2139 2916
2140 4500
2141 100
2142 2644
2143 -2912
2144 -4520
2145 -96
2146 -2672
2147 2932
2148 4500
2149 116
2150 2660
2151 -2928
2152 -4520
2153 -112
2154 -2688
2155 2948
2156 4500
2157 132
2158 2676
2159 -2944
2160 -4520
2161 -128
2162 -2704
2163 2964
2164 4500
2165 148
2166 2692
2167 -2960
2168 -4520
2169 -144
2170 -2720
2171 2980
2172 4500
2173 164
2174 2708
2175 -2976
2176 -4520
2177 -160
2178 -2736
2179 2996
2180 4500
2181 180
2182 2724
2183 -2992
2184 -4520
2185 -176
2186 -2752
2187 3012
2188 4500
2189 196
2190 2740
2191 -3008
2192 -4520
2193 -192
2194 -2768
2195 3028
2196 4500
2197 212
2198 2756
2199 -3024
2200 -4520
2201 -208
2202 -2784
2203 3044
2204 4500
2205 228
2206 2772
2207 -3040
2208 -4520
2209 -224
2210 -2800
2211 3060
2212 4500
2213 244
2214 2788
2215 -3056
2216 -4520
2217 -240
2218 -2816
2219 3076
2220 4500
2221 260
2222 2804
2223 -3072
2224 -4520
2225 -256
2226 -2832
2227 3092
2228 4500
2229 276
2230 2820
2231 -3088
2232 -4520
2233 -272
2234 -2848
2235 3108
2236 4500
2237 292
2238 2836
2239 -3104
2240 -4520
2241 -288
2242 -2864
2243 3124
2244 4500
2245 308
2246 2852
2247 -3120
2248 -4520
2249 -304
2250 -2880
2251 3140
2252 4500
2253 324
2254 2868
2255 -3136
2256 -4520
2257 -320
2258 -2896
2259 3156
2260 4500
2261 340
2262 2884
2263 -3152
2264 -4520
2265 -336
2266 -2912
2267 3172
2268 4500
2269 356
2270 2900
2271 -3168
2272 -4520
2273 -352
2274 -2928
2275 3188
2276 4500
2277 372
2278 2916
2279 -3184
2280 -4520
2281 -368
2282 -2944
2283 3204
2284 4500
2285 388
2286 2932
2287 -3200
2288 -4520
2289 -384
2290 -2960
2291 3220
2292 4500
2293 404
2294 2948
2295 -3216
2296 -4520
2297 -400
2298 -2976
2299 3236
2300 4500
2301 420
2302 2964
2303 -3232
2304 -4520
2305 -416
2306 -2992
2307 3252
2308 4500
2309 436
2310 2980
2311 -3248
2312 -4520
2313 -432
2314 -3008
2315 3268
2316 4500
2317 452
2318 2996
2319 -3264
2320 -4520
2321 -448
2322 -3024
2323 3284
2324 4500
2325 468
2326 3012
2327 -3280
2328 -4520
2329 -464
2330 -3040
2331 3300
2332 4500
2333 484
2334 3028
2335 -3296
2336 -4520
2337 -480
2338 -3056
2339 3316
2340 4500
2341 500
2342 3044
2343 -3312
2344 -4520
2345 -496
2346 -3072
2347 3332
2348 4500
2349 516
2350 3060
2351 -3328
2352 -4520
2353 -512
2354 -3088
2355 3348
2356 4500
2357 532
2358 3076
2359 -3344
2360 -4520
2361 -528
2362 -3104
2363 3364
2364 4500
2365 548
2366 3092
2367 -3360
2368 -4520
2369 -544
2370 -3120
2371 3380
2372 4500
2373 564
2374 3108
2375 -3376
2376 -4520
2377 -560
2378 -3136
2379 3396
2380 4500
2381 580
2382 3124
2383 -3392
2384 -4520
2385 -576
2386 -3152
2387 3412
2388 4500
2389 596
2390 3140
2391 -3408
2392 -4520
2393 -592
2394 -3168
2395 3428
2396 4500
2397 612
2398 3156
2399 -3424
2400 -4520
2401 -608
2402 -3184
2403 3444
2404 4500
2405 628
2406 3172
2407 -3440
2408 -4520
2409 -624
2410 -3200
2411 3460
2412 4500
2413 644
2414 3188
2415 -3456
2416 -4520
2417 -640
2418 -3216
2419 3476
2420 4500
2421 660
2422 3204
2423 -3472
2424 -4520
2425 -656
2426 -3232
2427 3492
2428 4500
2429 676
2430 3220
2431 -3488
2432 -4520
2433 -672
2434 -3248
2435 3508
2436 4500
2437 692
2438 3236
2439 -3504
2440 -4520
2441 -688
2442 -3264
2443 3524
2444 4500
2445 708
2446 3252
2447 -3520
2448 -4520
2449 -704
2450 -3280
2451 3540
2452 4500
2453 724
2454 3268
2455 -3536
2456 -4520
2457 -720
2458 -3296
2459 3556
2460 4500
2461 740
2462 3284
2463 -3552
2464 -4520
2465 -736
2466 -3312
2467 3572
2468 4500
2469 756
2470 3300
2471 -3568
2472 -4520
2473 -752
2474 -3328
2475 3588
2476 4500
2477 772
2478 3316
2479 -3584
2480 -4520
2481 -768
2482 -3344
2483 3604
2484 4500
2485 788
2486 3332
2487 -3600
2488 -4520
2489 -784
2490 -3360
2491 3620
2492 4500
2493 804
2494 3348
2495 -3616
2496 -4520
2497 -800
2498 -3376
2499 3636
2500 4500
2501 820
2502 3364
2503 -3632
2504 -4520
2505 -816
2506 -3392
2507 3652
2508 4500
2509 836
2510 3380
2511 -3648
2512 -4520
2513 -832
2514 -3408
2515 3668
2516 4500
2517 852
2518 3396
2519 -3664
2520 -4520
2521 -848
2522 -3424
2523 3684
2524 4500
2525 868
2526 3412
2527 -3680
2528 -4520
2529 -864
2530 -3440
2531 3700
2532 4500
2533 884
2534 3428
2535 -3696
2536 -4520
2537 -880
2538 -3456
2539 3716
2540 4500
2541 900
2542 3444
2543 -3712
2544 -4520
2545 -896
2546 -3472
2547 3732
2548 4500
2549 916
2550 3460
2551 -3728
2552 -4520
2553 -912
2554 -3488
2555 3748
2556 4500
2557 932
2558 3476
2559 -3744
2560 -4520
2561 -928
2562 -3504
2563 3764
2564 4500
2565 948
2566 3492
2567 -3760
2568 -4520
2569 -944
2570 -3520
2571 3780
2572 4500
2573 964
2574 3508
2575 -3776
2576 -4520
2577 -960
2578 -3536
2579 3796
2580 4500
2581 980
2582 3524
2583 -3792
2584 -4520
2585 -976
2586 -3552
2587 3812
2588 4500
2589 996
2590 3540
2591 -3808
2592 -4520
2593 -992
2594 -3568
2595 3828
2596 4500
2597 1012
2598 3556
2599 -3824
2600 -4520
2601 -1008
2602 -3584
2603 3844
2604 4500
2605 1028
2606 3572
2607 -3840
2608 -4520
2609 -1024
2610 -3600
2611 3860
2612 4500
2613 1044
2614 3588
2615 -3856
2616 -4520
2617 -1040
2618 -3616
2619 3876
2620 4500
2621 1060
2622 3604
2623 -3872
2624 -4520
2625 -1056
2626 -3632
2627 3892
2628 4500
2629 1076
2630 3620
2631 -3888
2632 -4520
2633 -1072
2634 -3648
2635 3908
2636 4500
2637 1092
2638 3636
2639 -3904
2640 -4520
2641 -1088
2642 -3664
2643 3924
2644 4500
2645 1108
2646 3652
2647 -3920
2648 -4520
2649 -1104
2650 -3680
2651 3940
2652 4500
2653 1124
2654 3668
2655 -3936
2656 -4520
2657 -1120
2658 -3696
2659 3956
2660 4500
2661 1140
2662 3684
2663 -3952
2664 -4520
2665 -1136
2666 -3712
2667 3972
2668 4500
2669 1156
2670 3700
2671 -3968
2672 -4520
2673 -1152
2674 -3728
2675 3988
2676 4500
2677 1172
2678 3716
2679 -3984
2680 -4520
2681 -1168
2682 -3744
2683 4004
2684 4500
2685 1188
2686 3732
2687 -4000
2688 -4520
2689 -1184
2690 -3760
2691 4020
2692 4500
2693 1204
2694 3748
2695 -4016
2696 -4520
2697 -1200
2698 -3776
2699 4036
2700 4500
2701 1220
2702 3764
2703 -4032
2704 -4520
2705 -1216
2706 -3792
2707 4052
2708 4500
2709 1236
2710 3780
2711 -4048
2712 -4520
2713 -1232
2714 -3808
2715 4068
2716 4500
2717 1252
2718 3796
2719 -4064
2720 -4520
2721 -1248
2722 -3824
2723 4084
2724 4500
2725 1268
2726 3812
2727 -4080
2728 -4520
2729 -1264
2730 -3840
2731 4100
2732 4500
2733 1284
2734 3828
2735 -4096
2736 -4520
2737 -1280
2738 -3856
2739 4116
2740 4500
2741 1300
2742 3844
2743 -4112
2744 -4520
2745 -1296
2746 -3872
2747 4132
2748 4500
2749 1316
2750 3860
2751 -4128
2752 -4520
2753 -1312
2754 -3888
2755 4148
2756 4500
2757 1332
2758 3876
2759 -4144
2760 -4520
2761 -1328
2762 -3904
2763 4164
2764 4500
2765 1348
2766 3892
2767 -4160
2768 -4520
2769 -1344
2770 -3920
2771 4180
2772 4500
2773 1364
2774 3908
2775 -4176
2776 -4520
2777 -1360
2778 -3936
2779 4196
2780 4500
2781 1380
2782 3924
2783 -4192
2784 -4520
2785 -1376
2786 -3952
2787 4212
2788 4500
2789 1396
2790 3940
2791 -4208
2792 -4520
2793 -1392
2794 -3968
2795 4228
2796 4500
2797 1412
2798 3956
2799 -4224
2800 -4520
2801 -1408
2802 -3984
2803 4244
2804 4500
2805 1428
2806 3972
2807 -4240
2808 -4520
2809 -1424
2810 -4000
2811 4260
2812 4500
2813 1444
2814 3988
2815 -4256
2816 -4520
2817 -1440
2818 -4016
2819 4276
2820 4500
2821 1460
2822 4004
2823 -4272
2824 -4520
2825 -1456
2826 -4032
2827 4292
2828 4500
2829 1476
2830 4020
2831 -4288
2832 -4520
2833 -1472
2834 -4048
2835 4308
2836 4500
2837 1492
2838 4036
2839 -4304
2840 -4520
2841 -1488
2842 -4064
2843 4324
2844 4500
2845 1508
2846 4052
2847 -4320
2848 -4520
2849 -1504
2850 -4080
2851 4340
2852 4500
2853 1524
2854 4068
2855 -4336
2856 -4520
2857 -1520
2858 -4096
2859 4356
2860 4500
2861 1540
2862 4084
2863 -4352
2864 -4520
2865 -1536
2866 -4112
2867 4372
2868 4500
2869 1556
2870 4100
2871 -4368
2872 -4520
2873 -1552
2874 -4128
2875 4388
2876 4500
2877 1572
2878 4116
2879 -4384
2880 -4520
2881 -1568
2882 -4144
2883 4404
2884 4500
2885 1588
2886 4132
2887 -4400
2888 -4520
2889 -1584
2890 -4160
2891 4420
2892 4500
2893 1604
2894 4148
2895 -4416
2896 -4520
2897 -1600
2898 -4176
2899 4436
2900 4500
2901 1620
2902 4164
2903 -4432
2904 -4520
2905 -1616
2906 -4192
2907 4452
2908 4500
2909 1636
2910 4180
2911 -4448
2912 -4520
2913 -1632
2914 -4208
2915 4468
2916 4500
2917 1652
2918 4196
2919 -4464
2920 -4520
2921 -1648
2922 -4224
2923 4484
2924 4500
2925 1668
2926 4212
2927 -4480
2928 -4520
2929 -1664
2930 -4240
2931 4500
2932 4500
2933 1684
2934 4228
2935 -4496
2936 -4520
2937 -1680
2938 -4256
2939 4516
2940 4500
2941 1700
2942 4244
2943 -4512
2944 -4520
2945 -1696
2946 -4272
2947 4532
2948 4500
2949 1716
2950 4260
2951 -4528
2952 -4520
2953 -1712
2954 -4288
2955 4548
2956 4500
2957 1732
2958 4276
2959 -4544
2960 -4520
2961 -1728
2962 -4304
2963 4564
2964 4500
2965 1748
2966 4292
2967 -4560
2968 -4520
2969 -1744
2970 -4320
2971 4580
2972 4500
2973 1764
2974 4308
2975 -4576
2976 -4520
2977 -1760
2978 -4336
2979 4596
2980 4500
2981 1780
2982 4324
2983 -4592
2984 -4520
2985 -1776
2986 -4352
2987 4612
2988 4500
2989 1796
2990 4340
2991 -4608
2992 -4520
2993 -1792
2994 -4368
2995 4628
2996 4500
2997 1812
2998 4356
2999 -4624
3000 -4520
3001 -1808
3002 -4384
3003 4644
3004 4500
3005 1828
3006 4372
3007 -4640
3008 -4520
3009 -1824
3010 -4400
3011 4660
3012 4500
3013 1844
3014 4388
3015 -4656
3016 -4520
3017 -1840
3018 -4416
3019 4676
3020 4500
3021 1860
3022 4404
3023 -4672
3024 -4520
3025 -1856
3026 -4432
3027 4692
3028 4500
3029 1876
3030 4420
3031 -4688
3032 -4520
3033 -1872
3034 -4448
3035 4708
3036 4500
3037 1892
3038 4436
3039 -4704
3040 -4520
3041 -1888
3042 -4464
3043 4724
3044 4500
3045 1908
3046 4452
3047 -4720
3048 -4520
3049 -1904
3050 -4480
3051 4740
3052 4500
3053 1924
3054 4468
3055 -4736
3056 -4520
3057 -1920
3058 -4496
3059 0
3060 0
3061 0
3062 0
3063 0
3064 0
3065 0
3066 0
3067 0
3068 0
3069 0
3070 0
3071 0
3072 0
3073 0
3074 0
3075 0
3076 0
3077 0
3078 0
3079 0
3080 0
3081 0
3082 0
3083 0
3084 0
3085 0
3086 0
3087 0
3088 0
3089 0
3090 0
3091 0
3092 0
3093 0
3094 0
3095 0
3096 0
3097 0
3098 0
3099 0
3100 0
3101 0
3102 0
3103 0
3104 0
3105 0
3106 0
3107 0
3108 0
3109 0
3110 0
3111 0
3112 0
3113 0
3114 0
3115 0
3116 0
3117 0
3118 0
3119 0
3120 0
3121 0
3122 0
3123 0
3124 0
3125 0
3126 0
3127 0
3128 0
3129 0
3130 0
3131 0
3132 0
3133 0
3134 0
3135 0
3136 0
3137 0
3138 0
3139 0
3140 0
3141 0
3142 0
3143 0
3144 0
3145 0
3146 0
3147 0
3148 0
3149 0
3150 0
3151 0
3152 0
3153 0
3154 0
3155 0
3156 0
3157 0
3158 0
3159 0
3160 0
3161 0
3162 0
3163 0
3164 0
3165 0
3166 0
3167 0
3168 0
3169 0
3170 0
3171 0
3172 0
3173 0
3174 0
3175 0
3176 0
3177 0
3178 0
3179 0
3180 0
3181 0
3182 0
3183 0
3184 0
3185 0
3186 0
3187 0
3188 0
3189 0
3190 0
3191 0
3192 0
3193 0
3194 0
3195 0
3196 0
3197 0
3198 0
3199 0
3200 0
3201 0
3202 0
3203 0
3204 0
3205 0
3206 0
3207 0
3208 0
3209 0
3210 0
3211 0
3212 0
3213 0
3214 0
3215 0
3216 0
3217 0
3218 0
3219 0
3220 0
3221 0
3222 0
3223 0
3224 0
3225 0
3226 0
3227 0
3228 0
3229 0
3230 0
3231 0
3232 0
3233 0
3234 0
3235 0
3236 0
3237 0
3238 0
3239 0
3240 0
3241 0
3242 0
3243 0
3244 0
3245 0
3246 0
3247 0
3248 0
3249 0
3250 0
3251 0
3252 0
3253 0
3254 0
3255 0
3256 0
3257 0
3258 0
3259 0
3260 0
3261 0
3262 0
3263 0
3264 0
3265 0
3266 0
3267 0
3268 0
3269 0
3270 0
3271 0
3272 0
3273 0
3274 0
3275 0
3276 0
3277 0
3278 0
3279 0
3280 0
3281 0
3282 0
3283 0
3284 0
3285 0
3286 0
3287 0
3288 0
3289 0
3290 0
3291 0
3292 0
3293 0
3294 0
3295 0
3296 0
3297 0
3298 0
3299 0
3300 0
3301 0
3302 0
3303 0
3304 0
3305 0
3306 0
3307 0
3308 0
3309 0
3310 0
3311 0
3312 0
3313 0
3314 0
3315 0
3316 0
3317 0
3318 0
3319 0
3320 0
3321 0
3322 0
3323 0
3324 0
3325 0
3326 0
3327 0
3328 0
3329 0
3330 0
3331 0
3332 0
3333 0
3334 0
3335 0
3336 0
3337 0
3338 0
3339 0
3340 0
3341 0
3342 0
3343 0
3344 0
3345 0
3346 0
3347 0
3348 0
3349 0
3350 0
3351 0
3352 0
3353 0
3354 0
3355 0
3356 0
3357 0
3358 0
3359 0
3360 0
3361 0
3362 0
3363 0
3364 0
3365 0
3366 0
3367 0
3368 0
3369 0
3370 0
3371 0
3372 0
3373 0
3374 0
3375 0
3376 0
3377 0
3378 0
3379 0
3380 0
3381 0
3382 0
3383 0
3384 0
3385 0
3386 0
3387 0
3388 0
3389 0
3390 0
3391 0
3392 0
3393 0
3394 0
3395 0
3396 0
3397 0
3398 0
3399 0
3400 0
3401 0
3402 0
3403 0
3404 0
3405 0
3406 0
3407 0
3408 0
3409 0
3410 0
3411 0
3412 0
3413 0
3414 0
3415 0
3416 0
3417 0
3418 0
3419 0
3420 0
3421 0
3422 0
3423 0
3424 0
3425 0
3426 0
3427 0
3428 0
3429 0
3430 0
3431 0
3432 0
3433 0
3434 0
3435 0
3436 0
3437 0
3438 0
3439 0
3440 0
3441 0
3442 0
3443 0
3444 0
3445 0
3446 0
3447 0
3448 0
3449 0
3450 0
3451 0
3452 0
3453 0
3454 0
3455 0
3456 0
3457 0
3458 0
3459 0
3460 0
3461 0
3462 0
3463 0
3464 0
3465 0
3466 0
3467 0
3468 0
3469 0
3470 0
3471 0
3472 0
3473 0
3474 0
3475 0
3476 0
3477 0
3478 0
3479 0
3480 0
3481 0
3482 0
3483 0
3484 0
3485 0
3486 0
3487 0
3488 0
3489 0
3490 0
3491 0
3492 0
3493 0
3494 0
3495 0
3496 0
3497 0
3498 0
3499 0
3500 0
3501 0
3502 0
3503 0
3504 0
3505 0
3506 0
3507 0
3508 0
3509 0
3510 0
3511 0
3512 0
3513 0
3514 0
3515 0
3516 0
3517 0
3518 0
3519 0
3520 0
3521 0
3522 0
3523 0
3524 0
3525 0
3526 0
3527 0
3528 0
3529 0
3530 0
3531 0
3532 0
3533 0
3534 0
3535 0
3536 0
3537 0
3538 0
3539 0
3540 0
3541 0
3542 0
3543 0
3544 0
3545 0
3546 0
3547 0
3548 0
3549 0
3550 0
3551 0
3552 0
3553 0
3554 0
3555 0
3556 0
3557 0
3558 0
3559 0
3560 0
3561 0
3562 0
3563 0
3564 0
3565 0
3566 0
3567 0
3568 0
3569 0
3570 0
3571 0
3572 0
3573 0
3574 0
3575 0
3576 0
3577 0
3578 0
3579 0
3580 0
3581 0
3582 0
3583 0
3584 0
3585 0
3586 0
3587 0
3588 0
3589 0
3590 0
3591 0
3592 0
3593 0
3594 0
3595 0
3596 0
3597 0
3598 0
3599 0
3600 0
3601 0
3602 0
3603 0
3604 0
3605 0
3606 0
3607 0
3608 0
3609 0
3610 0
3611 0
3612 0
3613 0
3614 0
3615 0
3616 0
3617 0
3618 0
3619 0
3620 0
3621 0
3622 0
3623 0
3624 0
3625 0
3626 0
3627 0
3628 3380
3629 4756
3630 5628
3631 -4760
3632 0
3633 0
3634 0
3635 0
3636 0
3637 0
3638 0
3639 0
3640 0
3641 0
3642 0
3643 0
3644 0
3645 0
3646 0
3647 0
3648 0
3649 0
3650 0
3651 0
3652 0
3653 0
3654 0
3655 0
3656 0
3657 0
3658 0
3659 0
3660 0
3661 0
3662 0
3663 0
3664 0
3665 0
3666 0
3667 0
3668 0
3669 0
3670 0
3671 0
3672 0
3673 0
3674 0
3675 0
3676 0
3677 0
3678 0
3679 0
3680 0
3681 0
3682 0
3683 0
3684 0
3685 0
3686 0
3687 0
3688 0
3689 0
3690 0
3691 0
3692 0
3693 0
3694 0
3695 0
3696 0
3697 0
3698 0
3699 0
3700 0
3701 0
3702 0
3703 0
3704 0
3705 0
3706 0
3707 0
3708 0
3709 0
3710 0
3711 0
3712 0
3713 0
3714 0
3715 0
3716 0
3717 0
3718 0
3719 0
3720 0
3721 0
3722 0
3723 0
3724 0
3725 0
3726 0
3727 0
3728 0
3729 0
3730 0
3731 0
3732 0
3733 0
3734 0
3735 0
3736 0
3737 0
3738 0
3739 0
3740 0
3741 0
3742 0
3743 0
3744 0
3745 0
3746 0
3747 0
3748 0
3749 0
3750 0
3751 0
3752 0
3753 0
3754 0
3755 0
3756 0
3757 0
3758 0
3759 0
3760 0
3761 0
3762 0
3763 0
3764 0
3765 0
3766 0
3767 0
3768 0
3769 0
3770 0
3771 0
3772 0
3773 0
3774 0
3775 0
3776 0
3777 0
3778 0
3779 0
3780 0
3781 0
3782 0
3783 0
3784 0
3785 0
3786 0
3787 0
3788 0
3789 0
3790 0
3791 0
3792 0
3793 0
3794 0
3795 0
3796 0
3797 0
3798 0
3799 0
3800 0
3801 0
3802 0
3803 0
3804 0
3805 0
3806 0
3807 0
3808 0
3809 0
3810 0
3811 0
3812 0
3813 0
3814 0
3815 0
3816 0
3817 0
3818 0
3819 0
3820 0
3821 0
3822 0
3823 0
3824 0
3825 0
3826 0
3827 0
3828 0
3829 0
3830 0
3831 0
3832 0
3833 0
3834 0
3835 0
3836 0
3837 0
3838 0
3839 0
3840 0
3841 0
3842 0
3843 0
3844 0
3845 0
3846 0
3847 0
3848 0
3849 0
3850 0
3851 0
3852 0
3853 0
3854 0
3855 0
3856 0
3857 0
3858 0
3859 0
3860 0
3861 0
3862 0
3863 0
3864 0
3865 0
3866 0
3867 0
3868 0
3869 0
3870 0
3871 0
3872 0
3873 0
3874 0
3875 0
3876 0
3877 0
3878 0
3879 0
3880 0
3881 0
3882 0
3883 0
3884 0
3885 0
3886 0
3887 0
3888 0
3889 0
3890 0
3891 0
3892 0
3893 0
3894 0
3895 0
3896 0
3897 0
3898 0
3899 0
3900 0
3901 0
3902 0
3903 0
3904 0
3905 0
3906 0
3907 0
3908 0
3909 0
3910 0
3911 0
3912 0
3913 0
3914 0
3915 0
3916 0
3917 0
3918 0
3919 0
3920 0
3921 0
3922 0
3923 0
3924 0
3925 0
3926 0
3927 0
3928 0
3929 0
3930 0
3931 0
3932 0
3933 0
3934 0
3935 0
3936 0
3937 0
3938 0
3939 0
3940 0
3941 0
3942 0
3943 0
3944 0
3945 0
3946 0
3947 0
3948 0
3949 0
3950 0
3951 0
3952 0
3953 0
3954 0
3955 0
3956 0
3957 0
3958 0
3959 0
3960 0
3961 0
3962 0
3963 0
3964 0
3965 0
3966 0
3967 0
3968 0
3969 0
3970 0
3971 0
3972 0
3973 0
3974 0
3975 0
3976 0
3977 0
3978 0
3979 0
3980 0
3981 0
3982 0
3983 0
3984 0
3985 0
3986 0
3987 0
3988 0
3989 0
3990 0
3991 0
3992 0
3993 0
3994 0
3995 0
3996 0
3997 0
3998 0
3999 0
4000 0
4001 0
4002 0
4003 0
4004 0
4005 0
4006 0
4007 0
4008 0
4009 0
4010 0
4011 0
4012 0
4013 0
4014 0
4015 0
4016 0
4017 0
4018 0
4019 0
4020 0
4021 0
4022 0
4023 0
4024 0
4025 0
4026 0
4027 0
4028 0
4029 0
4030 0
4031 0
4032 0
4033 0
4034 0
4035 0
4036 0
4037 0
4038 0
4039 0
4040 0
4041 0
4042 0
4043 0
4044 0
4045 0
4046 0
4047 0
4048 0
4049 0
4050 0
4051 0
4052 0
4053 0
4054 0
4055 0
4056 0
4057 0
4058 0
4059 0
4060 0
4061 0
4062 0
4063 0
4064 0
4065 0
4066 0
4067 0
4068 0
4069 0
4070 0
4071 0
4072 0
4073 0
4074 0
4075 0
4076 0
4077 0
4078 0
4079 0
4080 0
4081 0
4082 0
4083 0
4084 0
4085 0
4086 0
4087 0
4088 0
4089 0
4090 0
4091 0
4092 0
4093 0
4094 0
4095 0
4096 0
4097 0
4098 0
4099 0
4100 0
4101 0
4102 0
4103 0
4104 0
4105 0
4106 0
4107 0
4108 0
4109 0
4110 0
4111 0
4112 0
4113 0
4114 0
4115 0
4116 0
4117 0
4118 0
4119 0
4120 0
4121 0
4122 0
4123 0
4124 0
4125 0
4126 0
4127 0
4128 0
4129 0
4130 0
4131 0
4132 0
4133 0
4134 0
4135 0
4136 0
4137 0
4138 0
4139 0
4140 0
4141 0
4142 0
4143 0
4144 0
4145 0
4146 0
4147 0
4148 0
4149 0
4150 0
4151 0
4152 0
4153 0
4154 0
4155 0
4156 0
4157 0
4158 0
4159 0
4160 0
4161 0
4162 0
4163 0
4164 0
4165 0
4166 0
4167 0
4168 0
4169 0
4170 0
4171 0
4172 0
4173 0
4174 0
4175 0
4176 0
4177 0
4178 0
4179 0
4180 0
4181 0
4182 0
4183 0
4184 0
4185 0
4186 0
4187 0
4188 0
4189 0
4190 0
4191 0
4192 0
4193 0
4194 0
4195 0
4196 0
4197 0
4198 0
4199 0
4200 0
4201 0
4202 0
4203 0
4204 0
4205 0
4206 0
4207 0
4208 0
4209 0
4210 0
4211 0
4212 0
4213 0
4214 0
4215 0
4216 0
4217 0
4218 0
4219 0
4220 0
4221 0
4222 0
4223 0
4224 0
4225 0
4226 0
4227 0
4228 0
4229 0
4230 0
4231 0
4232 0
4233 0
4234 0
4235 0
4236 0
4237 0
4238 0
4239 0
4240 0
4241 0
4242 0
4243 0
4244 0
4245 0
4246 0
4247 0
4248 0
4249 0
4250 0
4251 0
4252 0
4253 0
4254 0
4255 0
4256 0
4257 0
4258 0
4259 0
4260 0
4261 0
4262 0
4263 0
4264 0
4265 0
4266 0
4267 0
4268 0
4269 0
4270 0
4271 0
4272 0
4273 0
4274 0
4275 0
4276 0
4277 0
4278 0
4279 0
4280 0
4281 0
4282 0
4283 0
4284 0
4285 0
4286 0
4287 0
4288 0
4289 0
4290 0
4291 0
4292 0
4293 0
4294 0
4295 0
4296 0
4297 0
4298 0
4299 0
4300 0
4301 0
4302 0
4303 0
4304 0
4305 0
4306 0
4307 0
4308 0
4309 0
4310 0
4311 0
4312 0
4313 0
4314 0
4315 0
4316 0
4317 0
4318 0
4319 0
4320 0
4321 0
4322 0
4323 0
4324 0
4325 0
4326 0
4327 0
4328 0
4329 0
4330 0
4331 0
4332 0
4333 0
4334 0
4335 0
4336 0
4337 0
4338 0
4339 0
4340 0
4341 0
4342 0
4343 0
4344 0
4345 0
4346 0
4347 0
4348 0
4349 0
4350 0
4351 0
4352 0
4353 0
4354 0
4355 0
4356 0
4357 0
4358 0
4359 0
4360 0
4361 0
4362 0
4363 0
4364 0
4365 0
4366 0
4367 0
4368 0
4369 0
4370 0
4371 0
4372 0
4373 0
4374 0
4375 0
4376 0
4377 0
4378 0
4379 0
4380 0
4381 0
4382 0
4383 0
4384 0
4385 0
4386 0
4387 0
4388 0
4389 0
4390 0
4391 0
4392 0
4393 0
4394 0
4395 0
4396 0
4397 0
4398 0
4399 0
4400 0
4401 0
4402 0
4403 0
4404 0
4405 0
4406 0
4407 0
4408 0
4409 0
4410 0
4411 0
4412 0
4413 0
4414 0
4415 0
4416 0
4417 0
4418 0
4419 0
4420 0
4421 0
4422 0
4423 0
4424 0
4425 0
4426 0
4427 0
4428 0
4429 0
4430 0
4431 0
4432 0
4433 0
4434 0
4435 0
4436 0
4437 0
4438 0
4439 0
4440 0
4441 0
4442 0
4443 0
4444 0
4445 0
4446 0
4447 0
4448 0
4449 0
4450 0
4451 0
4452 0
4453 0
4454 0
4455 0
4456 0
4457 0
4458 0
4459 0
4460 0
4461 0
4462 0
4463 0
4464 0
4465 0
4466 0
4467 0
4468 0
4469 0
4470 0
4471 0
4472 0
4473 0
4474 0
4475 0
4476 0
4477 0
4478 0
4479 0
4480 0
4481 0
4482 0
4483 0
4484 0
4485 0
4486 0
4487 0
4488 0
4489 0
4490 0
4491 0
4492 0
4493 0
4494 0
4495 0
4496 0
4497 0
4498 0
4499 0
4500 0
4501 0
4502 0
4503 0
4504 0
4505 0
4506 0
4507 0
4508 0
4509 0
4510 0
4511 0
4512 0
4513 0
4514 0
4515 0
4516 0
4517 0
4518 0
4519 0
4520 0
4521 0
4522 0
4523 0
4524 0
4525 0
4526 0
4527 0
4528 0
4529 0
4530 0
4531 0
4532 0
4533 0
4534 0
4535 0
4536 0
4537 0
4538 0
4539 0
4540 0
4541 0
4542 0
4543 0
4544 0
4545 0
4546 0
4547 0
4548 0
4549 0
4550 0
4551 0
4552 0
4553 0
4554 0
4555 0
4556 0
4557 0
4558 0
4559 0
4560 0
4561 0
4562 0
4563 0
4564 0
4565 0
4566 0
4567 0
4568 0
4569 0
4570 0
4571 0
4572 0
4573 0
4574 0
4575 0
4576 0
4577 0
4578 0
4579 0
4580 0
4581 0
4582 0
4583 0
4584 0
4585 0
4586 0
4587 0
4588 0
4589 0
4590 0
4591 0
4592 0
4593 0
4594 0
4595 0
4596 0
4597 0
4598 0
4599 0
4600 0
4601 0
4602 0
4603 0
4604 0
4605 0
4606 0
4607 0
4608 0
4609 0
4610 0
4611 0
4612 0
4613 0
4614 0
4615 0
4616 0
4617 0
4618 0
4619 0
4620 0
4621 0
4622 0
4623 0
4624 0
4625 0
4626 0
4627 0
4628 0
4629 0
4630 0
4631 0
4632 0
4633 0
4634 0
4635 0
4636 0
4637 0
4638 0
4639 0
4640 0
4641 0
4642 0
4643 0
4644 0
4645 0
4646 0
4647 0
4648 0
4649 0
4650 0
4651 0
4652 0
4653 0
4654 0
4655 0
4656 0
4657 0
4658 0
4659 0
4660 0
4661 0
4662 0
4663 0
4664 0
4665 0
4666 0
4667 0
4668 0
4669 0
4670 0
4671 0
4672 0
4673 0
4674 0
4675 0
4676 0
4677 0
4678 0
4679 0
4680 0
4681 0
4682 0
4683 0
4684 0
4685 0
4686 0
4687 0
4688 0
4689 0
4690 0
4691 0
4692 0
4693 0
4694 0
4695 0
4696 0
4697 0
4698 0
4699 0
4700 0
4701 0
4702 0
4703 0
4704 0
4705 0
4706 0
4707 0
4708 0
4709 0
4710 0
4711 0
4712 0
4713 0
4714 0
4715 0
4716 0
4717 0
4718 0
4719 0
4720 0
4721 0
4722 0
4723 0
4724 0
4725 0
4726 0
4727 0
4728 0
4729 0
4730 0
4731 0
4732 0
4733 0
4734 0
4735 0
4736 0
4737 0
4738 0
4739 0
4740 0
4741 0
4742 0
4743 0
4744 0
4745 0
4746 0
4747 0
4748 0
4749 0
4750 0
4751 0
4752 0
4753 0
4754 0
4755 0
4756 0
4757 0
4758 0
4759 0
4760 0
4761 0
4762 0
4763 0
4764 0
4765 0
4766 0
4767 0
4768 0
4769 0
4770 0
4771 0
4772 0
4773 0
4774 0
4775 0
4776 0
4777 0
4778 0
4779 0
4780 0
4781 0
4782 0
4783 0
4784 0
4785 0
4786 0
4787 0
4788 0
4789 0
4790 0
4791 0
4792 0
4793 0
4794 0
4795 0
4796 0
4797 0
4798 0
4799 0
4800 0
4801 0
4802 0
4803 0
4804 0
4805 0
4806 0
4807 0
4808 0
4809 0
4810 0
4811 0
4812 0
4813 0
4814 0
4815 0
4816 0
4817 0
4818 0
4819 0
4820 0
4821 0
4822 0
4823 0
4824 0
4825 0
4826 0
4827 0
4828 0
4829 0
4830 0
4831 0
4832 0
4833 0
4834 0
4835 0
4836 0
4837 0
4838 0
4839 0
4840 0
4841 0
4842 0
4843 0
4844 0
4845 0
4846 0
4847 0
4848 0
4849 0
4850 0
4851 0
4852 0
4853 0
4854 0
4855 0
4856 0
4857 0
4858 0
4859 0
4860 0
4861 0
4862 0
4863 0
4864 0
4865 0
4866 0
4867 0
4868 0
4869 0
4870 0
4871 0
4872 0
4873 0
4874 0
4875 0
4876 0
4877 0
4878 0
4879 0
4880 0
4881 0
4882 0
4883 0
4884 0
4885 0
4886 0
4887 0
4888 0
4889 0
4890 0
4891 0
4892 0
4893 0
4894 0
4895 0
4896 0
4897 0
4898 0
4899 0
4900 0
4901 0
4902 0
4903 0
4904 0
4905 0
4906 0
4907 0
4908 0
4909 0
4910 0
4911 0
4912 0
4913 0
4914 0
4915 0
4916 0
4917 0
4918 0
4919 0
4920 0
4921 0
4922 0
4923 0
4924 0
4925 0
4926 0
4927 0
4928 0
4929 0
4930 0
4931 0
4932 0
4933 0
4934 0
4935 0
4936 0
4937 0
4938 0
4939 0
4940 0
4941 0
4942 0
4943 0
4944 0
4945 0
4946 0
4947 0
4948 0
4949 0
4950 0
4951 0
4952 0
4953 0
4954 0
4955 0
4956 0
4957 0
4958 0
4959 0
4960 0
4961 0
4962 0
4963 0
4964 0
4965 0
4966 0
4967 0
4968 0
4969 0
4970 0
4971 0
4972 0
4973 0
4974 0
4975 0
4976 0
4977 0
4978 0
4979 0
4980 0
4981 0
4982 0
4983 0
4984 0
4985 0
4986 0
4987 0
4988 0
4989 0
4990 0
4991 0
4992 0
4993 0
4994 0
4995 0
4996 0
4997 0
4998 0
4999 0
5000 0
5001 0
5002 0
5003 0
5004 0
5005 0
5006 0
5007 0
5008 0
5009 0
5010 0
5011 0
5012 0
5013 0
5014 0
5015 0
5016 0
5017 0
5018 0
5019 0
5020 0
5021 0
5022 0
5023 0
5024 0
5025 0
5026 0
5027 0
5028 0
5029 0
5030 0
5031 0
5032 0
5033 0
5034 0
5035 0
5036 0
5037 0
5038 0
5039 0
5040 0
5041 0
5042 0
5043 0
5044 0
5045 0
5046 0
5047 0
5048 0
5049 0
5050 0
5051 0
5052 0
5053 0
5054 0
5055 0
5056 0
5057 0
5058 0
5059 0
5060 0
5061 0
5062 0
5063 0
5064 0
5065 0
5066 0
5067 0
5068 0
5069 0
5070 0
5071 0
5072 0
5073 0
5074 0
5075 0
5076 0
5077 0
5078 0
5079 0
5080 0
5081 0
5082 0
5083 0
5084 0
5085 0
5086 0
5087 0
5088 0
5089 0
5090 0
5091 0
5092 0
5093 0
5094 0
5095 0
5096 0
5097 0
5098 0
5099 0
5100 0
5101 0
5102 0
5103 0
5104 0
5105 0
5106 0
5107 0
5108 0
5109 0
5110 0
5111 0
5112 0
5113 0
5114 0
5115 0
5116 0
5117 0
5118 0
5119 0
5120 0
5121 0
5122 0
5123 0
5124 0
5125 0
5126 0
5127 0
5128 0
5129 0
5130 0
5131 0
5132 0
5133 0
5134 0
5135 0
5136 0
5137 0
5138 0
5139 0
5140 0
5141 0
5142 0
5143 0
5144 0
5145 0
5146 0
5147 0
5148 0
5149 0
5150 0
5151 0
5152 0
5153 0
5154 0
5155 0
5156 0
5157 0
5158 0
5159 0
5160 0
5161 0
5162 0
5163 0
5164 0
5165 0
5166 0
5167 0
5168 0
5169 0
5170 0
5171 0
5172 0
5173 0
5174 0
5175 0
5176 0
5177 0
5178 0
5179 0
5180 0
5181 0
5182 0
5183 0
5184 0
5185 0
5186 0
5187 0
5188 0
5189 0
5190 0
5191 0
5192 0
5193 0
5194 0
5195 0
5196 0
5197 0
5198 0
5199 0
5200 0
5201 0
5202 0
5203 0
5204 0
5205 0
5206 0
5207 0
5208 0
5209 0
5210 0
5211 0
5212 0
5213 0
5214 0
5215 0
5216 0
5217 0
5218 0
5219 0
5220 0
5221 0
5222 0
5223 0
5224 0
5225 0
5226 0
5227 0
5228 0
5229 0
5230 0
5231 0
5232 0
5233 0
5234 0
5235 0
5236 0
5237 0
5238 0
5239 0
5240 0
5241 0
5242 0
5243 0
5244 0
5245 0
5246 0
5247 0
5248 0
5249 0
5250 0
5251 0
5252 0
5253 0
5254 0
5255 0
5256 0
5257 0
5258 0
5259 0
5260 0
5261 0
5262 0
5263 0
5264 0
5265 0
5266 0
5267 0
5268 0
5269 0
5270 0
5271 0
5272 0
5273 0
5274 0
5275 0
5276 0
5277 0
5278 0
5279 0
5280 0
5281 0
5282 0
5283 0
5284 0
5285 0
5286 0
5287 0
5288 0
5289 0
5290 0
5291 0
5292 0
5293 0
5294 0
5295 0
5296 0
5297 0
5298 0
5299 0
5300 0
5301 0
5302 0
5303 0
5304 0
5305 0
5306 0
5307 0
5308 0
5309 0
5310 0
5311 0
5312 0
5313 0
5314 0
5315 0
5316 0
5317 0
5318 0
5319 0
5320 0
5321 0
5322 0
5323 0
5324 0
5325 0
5326 0
5327 0
5328 0
5329 0
5330 0
5331 0
5332 0
5333 0
5334 0
5335 0
5336 0
5337 0
5338 0
5339 0
5340 0
5341 0
5342 0
5343 0
5344 0
5345 0
5346 0
5347 0
5348 0
5349 0
5350 0
5351 0
5352 0
5353 0
5354 0
5355 0
5356 0
5357 0
5358 0
5359 0
5360 0
5361 0
5362 0
5363 0
5364 0
5365 0
5366 0
5367 0
5368 0
5369 0
5370 0
5371 0
5372 0
5373 0
5374 0
5375 0
5376 0
5377 0
5378 0
5379 0
5380 0
5381 0
5382 0
5383 0
5384 0
5385 0
5386 0
5387 0
5388 0
5389 0
5390 0
5391 0
5392 0
5393 0
5394 0
5395 0
5396 0
5397 0
5398 0
5399 0
5400 0
5401 0
5402 0
5403 0
5404 0
5405 0
5406 0
5407 0
5408 0
5409 0
5410 0
5411 0
5412 0
5413 0
5414 0
5415 0
5416 0
5417 0
5418 0
5419 0
5420 0
5421 0
5422 0
5423 0
5424 0
5425 0
5426 0
5427 0
5428 0
5429 0
5430 0
5431 0
5432 0
5433 0
5434 0
5435 0
5436 0
5437 0
5438 0
5439 0
5440 0
5441 0
5442 0
5443 0
5444 0
5445 0
5446 0
5447 0
5448 0
5449 0
5450 0
5451 0
5452 0
5453 0
5454 0
5455 0
5456 0
5457 0
5458 0
5459 0
5460 0
5461 0
5462 0
5463 0
5464 0
5465 0
5466 0
5467 0
5468 0
5469 0
5470 0
5471 0
5472 0
5473 0
5474 0
5475 0
5476 0
5477 0
5478 0
5479 0
5480 0
5481 0
5482 0
5483 0
5484 0
5485 0
5486 0
5487 0
5488 0
5489 0
5490 0
5491 0
5492 0
5493 0
5494 0
5495 0
5496 0
5497 0
5498 0
5499 0
5500 0
5501 0
5502 0
5503 0
5504 0
5505 0
5506 0
5507 0
5508 0
5509 0
5510 0
5511 0
5512 0
5513 0
5514 0
5515 0
5516 0
5517 0
5518 0
5519 0
5520 0
5521 0
5522 0
5523 0
5524 0
5525 0
5526 0
5527 0
5528 0
5529 0
5530 0
5531 0
5532 0
5533 0
5534 0
5535 0
5536 0
5537 0
5538 0
5539 0
5540 0
5541 0
5542 0
5543 0
5544 0
5545 0
5546 0
5547 0
5548 0
5549 0
5550 0
5551 0
5552 0
5553 0
5554 0
5555 0
5556 0
5557 0
5558 0
5559 0
5560 0
5561 0
5562 0
5563 0
5564 0
5565 0
5566 0
5567 0
5568 0
5569 0
5570 0
5571 0
5572 0
5573 0
5574 0
5575 0
5576 0
5577 0
5578 0
5579 0
5580 0
5581 0
5582 0
5583 0
5584 0
5585 0
5586 0
5587 0
5588 0
5589 0
5590 0
5591 0
5592 0
5593 0
5594 0
5595 0
5596 0
5597 0
5598 0
5599 0
5600 0
5601 0
5602 0
5603 0
5604 0
5605 0
5606 0
5607 0
5608 0
5609 0
5610 0
5611 0
5612 0
5613 0
5614 0
5615 0
5616 0
5617 0
5618 0
5619 0
5620 0
5621 0
5622 0
5623 0
5624 0
5625 0
5626 0
5627 0
5628 0
5629 0
5630 0
5631 0
5632 0
5633 0
5634 0
5635 0
5636 0
5637 0
5638 0
5639 0
5640 0
5641 0
5642 0
5643 0
5644 0
5645 0
5646 0
5647 0
5648 0
5649 0
5650 0
5651 0
5652 0
5653 0
5654 0
5655 0
5656 0
5657 0
5658 0
5659 0
5660 0
5661 0
5662 0
5663 0
5664 0
5665 0
5666 0
5667 0
5668 0
5669 0
5670 0
5671 0
5672 0
5673 0
5674 0
5675 0
5676 0
5677 0
5678 0
5679 0
5680 0
5681 0
5682 0
5683 0
5684 0
5685 0
5686 0
5687 0
5688 0
5689 0
5690 0
5691 0
5692 0
5693 0
5694 0
5695 0
5696 0
5697 0
5698 0
5699 0
5700 0
5701 0
5702 0
5703 0
5704 0
5705 0
5706 0
5707 0
5708 0
5709 0
5710 0
5711 0
5712 0
5713 0
5714 0
5715 0
5716 0
5717 0
5718 0
5719 0
5720 0
5721 0
5722 0
5723 0
5724 0
5725 0
5726 0
5727 0
5728 0
5729 0
5730 0
5731 0
5732 0
5733 0
5734 0
5735 0
5736 0
5737 0
5738 0
5739 0
5740 0
5741 0
5742 0
5743 0
5744 0
5745 0
5746 0
5747 0
5748 0
5749 0
5750 0
5751 0
5752 0
5753 0
5754 0
5755 0
5756 0
5757 0
5758 0
5759 0
5760 0
5761 0
5762 0
5763 0
5764 0
5765 0
5766 0
5767 0
5768 0
5769 0
5770 0
5771 0
5772 0
5773 0
5774 0
5775 0
5776 0
5777 0
5778 0
5779 0
5780 0
5781 0
5782 0
5783 0
5784 0
5785 0
5786 0
5787 0
5788 0
5789 0
5790 0
5791 0
5792 0
5793 0
5794 0
5795 0
5796 0
5797 0
5798 0
5799 0
5800 0
5801 0
5802 0
5803 0
5804 0
5805 0
5806 0
5807 0
5808 0
5809 0
5810 0
5811 0
5812 0
5813 0
5814 0
5815 0
5816 0
5817 0
5818 0
5819 0
5820 0
5821 0
5822 0
5823 0
5824 0
5825 0
5826 0
5827 0
5828 0
5829 0
5830 0
5831 0
5832 0
5833 0
5834 0
5835 0
5836 0
5837 0
5838 0
5839 0
5840 0
5841 0
5842 0
5843 0
5844 0
5845 0
5846 0
5847 0
5848 0
5849 0
5850 0
5851 0
5852 0
5853 0
5854 0
5855 0
5856 0
5857 0
5858 0
5859 0
5860 0
5861 0
5862 0
5863 0
5864 0
5865 0
5866 0
5867 0
5868 0
5869 0
5870 0
5871 0
5872 0
5873 0
5874 0
5875 0
5876 0
5877 0
5878 0
5879 0
5880 0
5881 0
5882 0
5883 0
5884 0
5885 0
5886 0
5887 0
5888 0
5889 0
5890 0
5891 0
5892 0
5893 0
5894 0
5895 0
5896 0
5897 0
5898 0
5899 0
5900 0
5901 0
5902 0
5903 0
5904 0
5905 0
5906 0
5907 0
5908 0
5909 0
5910 0
5911 0
5912 0
5913 0
5914 0
5915 0
5916 0
5917 0
5918 0
5919 0
5920 0
5921 0
5922 0
5923 0
5924 0
5925 0
5926 0
5927 0
5928 0
5929 0
5930 0
5931 0
5932 0
5933 0
5934 0
5935 0
5936 0
5937 0
5938 0
5939 0
5940 0
5941 0
5942 0
5943 0
5944 0
5945 0
5946 0
5947 0
5948 0
5949 0
5950 0
5951 0
5952 0
5953 0
5954 0
5955 0
5956 0
5957 0
5958 0
5959 0
5960 0
5961 0
5962 0
5963 0
5964 0
5965 0
5966 0
5967 0
5968 0
5969 0
5970 0
5971 0
5972 0
5973 0
5974 0
5975 0
5976 0
5977 0
5978 0
5979 0
5980 0
5981 0
5982 0
5983 0
5984 0
5985 0
5986 0
5987 0
5988 0
5989 0
5990 0
5991 0
5992 0
5993 0
5994 0
5995 0
5996 0
5997 0
5998 0
5999 0
6000 0
6001 0
6002 0
6003 0
6004 0
6005 0
6006 0
6007 0
6008 0
6009 0
6010 0
6011 0
6012 0
6013 0
6014 0
6015 0
6016 0
6017 0
6018 0
6019 0
6020 0
6021 0
6022 0
6023 0
6024 0
6025 0
6026 0
6027 0
6028 0
6029 0
6030 0
6031 0
6032 0
6033 0
6034 0
6035 0
6036 0
6037 0
6038 0
6039 0
6040 0
6041 0
6042 0
6043 0
6044 0
6045 0
6046 0
6047 0
6048 0
6049 0
6050 0
6051 0
6052 0
6053 0
6054 0
6055 0
6056 0
6057 0
6058 0
6059 0
6060 0
6061 0
6062 0
6063 0
6064 0
6065 0
6066 0
6067 0
6068 0
6069 0
6070 0
6071 0
6072 0
6073 0
6074 0
6075 0
6076 0
6077 0
6078 0
6079 0
6080 0
6081 0
6082 0
6083 0
6084 0
6085 0
6086 0
6087 0
6088 0
6089 0
6090 0
6091 0
6092 0
6093 0
6094 0
6095 0
6096 0
6097 0
6098 0
6099 0
6100 0
6101 0
6102 0
6103 0
6104 0
6105 0
6106 0
6107 0
6108 0
6109 0
6110 0
6111 0
6112 0
6113 0
6114 0
6115 0
6116 0
6117 0
6118 0
6119 0
6120 0
6121 0
6122 0
6123 0
6124 0
6125 0
6126 0
6127 0
6128 0
6129 0
6130 0
6131 0
6132 0
6133 0
6134 0
6135 0
6136 0
6137 0
6138 0
6139 0
6140 0
6141 0
6142 0
6143 0
6144 0
6145 0
6146 0
6147 0
6148 0
6149 0
6150 0
6151 0
6152 0
6153 0
6154 0
6155 0
6156 0
6157 0
6158 0
6159 0
6160 0
6161 0
6162 0
6163 0
6164 0
6165 0
6166 0
6167 0
6168 0
6169 0
6170 0
6171 0
6172 0
6173 0
6174 0
6175 0
6176 0
6177 0
6178 0
6179 0
6180 0
6181 0
6182 0
6183 0
6184 0
6185 0
6186 0
6187 0
6188 0
6189 0
6190 0
6191 0
6192 0
6193 0
6194 0
6195 0
6196 0
6197 0
6198 0
6199 0
6200 0
6201 0
6202 0
6203 0
6204 0
6205 0
6206 0
6207 0
6208 0
6209 0
6210 0
6211 0
6212 0
6213 0
6214 0
6215 0
6216 0
6217 0
6218 0
6219 0
6220 0
6221 0
6222 0
6223 0
6224 0
6225 0
6226 0
6227 0
6228 0
6229 0
6230 0
6231 0
6232 0
6233 0
6234 0
6235 0
6236 0
6237 0
6238 0
6239 0
6240 0
6241 0
6242 0
6243 0
6244 0
6245 0
6246 0
6247 0
6248 0
6249 0
6250 0
6251 0
6252 0
6253 0
6254 0
6255 0
6256 0
6257 0
6258 0
6259 0
6260 0
6261 0
6262 0
6263 0
6264 0
6265 0
6266 0
6267 0
6268 0
6269 0
6270 0
6271 0
6272 0
6273 0
6274 0
6275 0
6276 0
6277 0
6278 0
6279 0
6280 0
6281 0
6282 0
6283 0
6284 0
6285 0
6286 0
6287 0
6288 0
6289 0
6290 0
6291 0
6292 0
6293 0
6294 0
6295 0
6296 0
6297 0
6298 0
6299 0
6300 0
6301 0
6302 0
6303 0
6304 0
6305 0
6306 0
6307 0
6308 0
6309 0
6310 0
6311 0
6312 0
6313 0
6314 0
6315 0
6316 0
6317 0
6318 0
6319 0
6320 0
6321 0
6322 0
6323 0
6324 0
6325 0
6326 0
6327 0
6328 0
6329 0
6330 0
6331 0
6332 0
6333 0
6334 0
6335 0
6336 0
6337 0
6338 0
6339 0
6340 0
6341 0
6342 0
6343 0
6344 0
6345 0
6346 0
6347 0
6348 0
6349 0
6350 0
6351 0
6352 0
6353 0
6354 0
6355 0
6356 0
6357 0
6358 0
6359 0
6360 0
6361 0
6362 0
6363 0
6364 0
6365 0
6366 0
6367 0
6368 0
6369 0
6370 0
6371 0
6372 0
6373 0
6374 0
6375 0
6376 0
6377 0
6378 0
6379 0
6380 0
6381 0
6382 0
6383 0
6384 0
6385 0
6386 0
6387 0
6388 0
6389 0
6390 0
6391 0
6392 0
6393 0
6394 0
6395 0
6396 0
6397 0
6398 0
6399 0
6400 0
6401 0
6402 0
6403 0
6404 0
6405 0
6406 0
6407 0
6408 0
6409 0
6410 0
6411 0
6412 0
6413 0
6414 0
6415 0
6416 0
6417 0
6418 0
6419 0
6420 0
6421 0
6422 0
6423 0
6424 0
6425 0
6426 0
6427 0
6428 0
6429 0
6430 0
6431 0
6432 0
6433 0
6434 0
6435 0
6436 0
6437 0
6438 0
6439 0
6440 0
6441 0
6442 0
6443 0
6444 0
6445 0
6446 0
6447 0
6448 0
6449 0
6450 0
6451 0
6452 0
6453 0
6454 0
6455 0
6456 0
6457 0
6458 0
6459 0
6460 0
6461 0
6462 0
6463 0
6464 0
6465 0
6466 0
6467 0
6468 0
6469 0
6470 0
6471 0
6472 0
6473 0
6474 0
6475 0
6476 0
6477 0
6478 0
6479 0
6480 0
6481 0
6482 0
6483 0
6484 0
6485 0
6486 0
6487 0
6488 0
6489 0
6490 0
6491 0
6492 0
6493 0
6494 0
6495 0
6496 0
6497 0
6498 0
6499 0
6500 0
6501 0
6502 0
6503 0
6504 0
6505 0
6506 0
6507 0
6508 0
6509 0
6510 0
6511 0
6512 0
6513 0
6514 0
6515 0
6516 0
6517 0
6518 0
6519 0
6520 0
6521 0
6522 0
6523 0
6524 0
6525 0
6526 0
6527 0
6528 0
6529 0
6530 0
6531 0
6532 0
6533 0
6534 0
6535 0
6536 0
6537 0
6538 0
6539 0
6540 0
6541 0
6542 0
6543 0
6544 0
6545 0
6546 0
6547 0
6548 0
6549 0
6550 0
6551 0
6552 0
6553 0
6554 0
6555 0
6556 0
6557 0
6558 0
6559 0
6560 0
6561 0
6562 0
6563 0
6564 0
6565 0
6566 0
6567 0
6568 0
6569 0
6570 0
6571 0
6572 0
6573 0
6574 0
6575 0
6576 0
6577 0
6578 0
6579 0
6580 0
6581 0
6582 0
6583 0
6584 0
6585 0
6586 0
6587 0
6588 0
6589 0
6590 0
6591 0
6592 0
6593 0
6594 0
6595 0
6596 0
6597 0
6598 0
6599 0
6600 0
6601 0
6602 0
6603 0
6604 0
6605 0
6606 0
6607 0
6608 0
6609 0
6610 0
6611 0
6612 0
6613 0
6614 0
6615 0
6616 0
6617 0
6618 0
6619 0
6620 0
6621 0
6622 0
6623 0
6624 0
6625 0
6626 0
6627 0
6628 0
6629 0
6630 0
6631 0
6632 0
6633 0
6634 0
6635 0
6636 0
6637 0
6638 0
6639 0
6640 0
6641 0
6642 0
6643 0
6644 0
6645 0
6646 0
6647 0
6648 0
6649 0
6650 0
6651 0
6652 0
6653 0
6654 0
6655 0
6656 0
6657 0
6658 0
6659 0
6660 0
6661 0
6662 0
6663 0
6664 0
6665 0
6666 0
6667 0
6668 0
6669 0
6670 0
6671 0
6672 0
6673 0
6674 0
6675 0
6676 0
6677 0
6678 0
6679 0
6680 0
6681 0
6682 0
6683 0
6684 0
6685 0
6686 0
6687 0
6688 0
6689 0
6690 0
6691 0
6692 0
6693 0
6694 0
6695 0
6696 0
6697 0
6698 0
6699 0
6700 0
6701 0
6702 0
6703 0
6704 0
6705 0
6706 0
6707 0
6708 0
6709 0
6710 0
6711 0
6712 0
6713 0
6714 0
6715 0
6716 0
6717 0
6718 0
6719 0
6720 0
6721 0
6722 0
6723 0
6724 0
6725 0
6726 0
6727 0
6728 0
6729 0
6730 0
6731 0
6732 0
6733 0
6734 0
6735 0
6736 0
6737 0
6738 0
6739 0
6740 0
6741 0
6742 0
6743 0
6744 0
6745 0
6746 0
6747 0
6748 0
6749 0
6750 0
6751 0
6752 0
6753 0
6754 0
6755 0
6756 0
6757 0
6758 0
6759 0
6760 0
6761 0
6762 0
6763 0
6764 0
6765 0
6766 0
6767 0
6768 0
6769 0
6770 0
6771 0
6772 0
6773 0
6774 0
6775 0
6776 0
6777 0
6778 0
6779 0
6780 0
6781 0
6782 0
6783 0
6784 0
6785 0
6786 0
6787 0
6788 0
6789 0
6790 0
6791 0
6792 0
6793 0
6794 0
6795 0
6796 0
6797 0
6798 0
6799 0
6800 0
6801 0
6802 0
6803 0
6804 0
6805 0
6806 0
6807 0
6808 0
6809 0
6810 0
6811 0
6812 0
6813 0
6814 0
6815 0
6816 0
6817 0
6818 0
6819 0
6820 0
6821 0
6822 0
6823 0
6824 0
6825 0
6826 0
6827 0
6828 0
6829 0
6830 0
6831 0
6832 0
6833 0
6834 0
6835 0
6836 0
6837 0
6838 0
6839 0
6840 0
6841 0
6842 0
6843 0
6844 0
6845 0
6846 0
6847 0
6848 0
6849 0
6850 0
6851 0
6852 0
6853 0
6854 0
6855 0
6856 0
6857 0
6858 0
6859 0
6860 0
6861 0
6862 0
6863 0
6864 0
6865 0
6866 0
6867 0
6868 0
6869 0
6870 0
6871 0
6872 0
6873 0
6874 0
6875 0
6876 0
6877 0
6878 0
6879 0
6880 0
6881 0
6882 0
6883 0
6884 0
6885 0
6886 0
6887 0
6888 0
6889 0
6890 0
6891 0
6892 0
6893 0
6894 0
6895 0
6896 0
6897 0
6898 0
6899 0
6900 0
6901 0
6902 0
6903 0
6904 0
6905 0
6906 0
6907 0
6908 0
6909 0
6910 0
6911 0
6912 0
6913 0
6914 0
6915 0
6916 0
6917 0
6918 0
6919 0
6920 0
6921 0
6922 0
6923 0
6924 0
6925 0
6926 0
6927 0
6928 0
6929 0
6930 0
6931 0
6932 0
6933 0
6934 0
6935 0
6936 0
6937 0
6938 0
6939 0
6940 0
6941 0
6942 0
6943 0
6944 0
6945 0
6946 0
6947 0
6948 0
6949 0
6950 0
6951 0
6952 0
6953 0
6954 0
6955 0
6956 0
6957 0
6958 0
6959 0
6960 0
6961 0
6962 0
6963 0
6964 0
6965 0
6966 0
6967 0
6968 0
6969 0
6970 0
6971 0
6972 0
6973 0
6974 0
6975 0
6976 0
6977 0
6978 0
6979 0
6980 0
6981 0
6982 0
6983 0
6984 0
6985 0
6986 0
6987 0
6988 0
6989 0
6990 0
6991 0
6992 0
6993 0
6994 0
6995 0
6996 0
6997 0
6998 0
6999 0
7000 0
7001 0
7002 0
7003 0
7004 0
7005 0
7006 0
7007 0
7008 0
7009 0
7010 0
7011 0
7012 0
7013 0
7014 0
7015 0
7016 0
7017 0
7018 0
7019 0
7020 0
7021 0
7022 0
7023 0
7024 0
7025 0
7026 0
7027 0
7028 0
7029 0
7030 0
7031 0
7032 0
7033 0
7034 0
7035 0
7036 0
7037 0
7038 0
7039 0
7040 0
7041 0
7042 0
7043 0
7044 0
7045 0
7046 0
7047 0
7048 0
7049 0
7050 0
7051 0
7052 0
7053 0
7054 0
7055 0
7056 0
7057 0
7058 0
7059 0
7060 0
7061 0
7062 0
7063 0
7064 0
7065 0
7066 0
7067 0
7068 0
7069 0
7070 0
7071 0
7072 0
7073 0
7074 0
7075 0
7076 0
7077 0
7078 0
7079 0
7080 0
7081 0
7082 0
7083 0
7084 0
7085 0
7086 0
7087 0
7088 0
7089 0
7090 0
7091 0
7092 0
7093 0
7094 0
7095 0
7096 0
7097 0
7098 0
7099 0
7100 0
7101 0
7102 0
7103 0
7104 0
7105 0
7106 0
7107 0
7108 0
7109 0
7110 0
7111 0
7112 0
7113 0
7114 0
7115 0
7116 0
7117 0
7118 0
7119 0
7120 0
7121 0
7122 0
7123 0
7124 0
7125 0
7126 0
7127 0
7128 0
7129 0
7130 0
7131 0
7132 0
7133 0
7134 0
7135 0
7136 0
7137 0
7138 0
7139 0
7140 0
7141 0
7142 0
7143 0
7144 0
7145 0
7146 0
7147 0
7148 0
7149 0
7150 0
7151 0
7152 0
7153 0
7154 0
7155 0
7156 0
7157 0
7158 0
7159 0
7160 0
7161 0
7162 0
7163 0
7164 0
7165 0
7166 0
7167 0
7168 0
7169 0
7170 0
7171 0
7172 0
7173 0
7174 0
7175 0
7176 0
7177 0
7178 0
7179 0
7180 0
7181 0
7182 0
7183 0
7184 0
7185 0
7186 0
7187 0
7188 0
7189 0
7190 0
7191 0
7192 0
7193 0
7194 0
7195 0
7196 0
7197 0
7198 0
7199 0
7200 0
7201 0
7202 0
7203 0
7204 0
7205 0
7206 0
7207 0
7208 0
7209 0
7210 0
7211 0
7212 0
7213 0
7214 0
7215 0
7216 0
7217 0
7218 0
7219 0
7220 0
7221 0
7222 0
7223 0
7224 0
7225 0
7226 0
7227 0
7228 0
7229 0
7230 0
7231 0
7232 0
7233 0
7234 0
7235 0
7236 0
7237 0
7238 0
7239 0
7240 0
7241 0
7242 0
7243 0
7244 0
7245 0
7246 0
7247 0
7248 0
7249 0
7250 0
7251 0
7252 0
7253 0
7254 0
7255 0
7256 0
7257 0
7258 0
7259 0
7260 0
7261 0
7262 0
7263 0
7264 0
7265 0
7266 0
7267 0
7268 0
7269 0
7270 0
7271 0
7272 0
7273 0
7274 0
7275 0
7276 0
7277 0
7278 0
7279 0
7280 0
7281 0
7282 0
7283 0
7284 0
7285 0
7286 0
7287 0
7288 0
7289 0
7290 0
7291 0
7292 0
7293 0
7294 0
7295 0
7296 0
7297 0
7298 0
7299 0
7300 0
7301 0
7302 0
7303 0
7304 0
7305 0
7306 0
7307 0
7308 0
7309 0
7310 0
7311 0
7312 0
7313 0
7314 0
7315 0
7316 0
7317 0
7318 0
7319 0
7320 0
7321 0
7322 0
7323 0
7324 0
7325 0
7326 0
7327 0
7328 0
7329 0
7330 0
7331 0
7332 0
7333 0
7334 0
7335 0
7336 0
7337 0
7338 0
7339 0
7340 0
7341 0
7342 0
7343 0
7344 0
7345 0
7346 0
7347 0
7348 0
7349 0
7350 0
7351 0
7352 0
7353 0
7354 0
7355 0
7356 0
7357 0
7358 0
7359 0
7360 0
7361 0
7362 0
7363 0
7364 0
7365 0
7366 0
7367 0
7368 0
7369 0
7370 0
7371 0
7372 0
7373 0
7374 0
7375 0
7376 0
7377 0
7378 0
7379 0
7380 0
7381 0
7382 0
7383 0
7384 0
7385 0
7386 0
7387 0
7388 0
7389 0
7390 0
7391 0
7392 0
7393 0
7394 0
7395 0
7396 0
7397 0
7398 0
7399 0
7400 0
7401 0
7402 0
7403 0
7404 0
7405 0
7406 0
7407 0
7408 0
7409 0
7410 0
7411 0
7412 0
7413 0
7414 0
7415 0
7416 0
7417 0
7418 0
7419 0
7420 0
7421 0
7422 0
7423 0
7424 0
7425 0
7426 0
7427 0
7428 0
7429 0
7430 0
7431 0
7432 0
7433 0
7434 0
7435 0
7436 0
7437 0
7438 0
7439 0
7440 0
7441 0
7442 0
7443 0
7444 0
7445 0
7446 0
7447 0
7448 0
7449 0
7450 0
7451 0
7452 0
7453 0
7454 0
7455 0
7456 0
7457 0
7458 0
7459 0
7460 0
7461 0
7462 0
7463 0
7464 0
7465 0
7466 0
7467 0
7468 0
7469 0
7470 0
7471 0
7472 0
7473 0
7474 0
7475 0
7476 0
7477 0
7478 0
7479 0
7480 0
7481 0
7482 0
7483 0
7484 0
7485 0
7486 0
7487 0
7488 0
7489 0
7490 0
7491 0
7492 0
7493 0
7494 0
7495 0
7496 0
7497 0
7498 0
7499 0
7500 0
7501 0
7502 0
7503 0
7504 0
7505 0
7506 0
7507 0
7508 0
7509 0
7510 0
7511 0
7512 0
7513 0
7514 0
7515 0
7516 0
7517 0
7518 0
7519 0
7520 0
7521 0
7522 0
7523 0
7524 0
7525 0
7526 0
7527 0
7528 0
7529 0
7530 0
7531 0
7532 0
7533 0
7534 0
7535 0
7536 0
7537 0
7538 0
7539 0
7540 0
7541 0
7542 0
7543 0
7544 0
7545 0
7546 0
7547 0
7548 0
7549 0
7550 0
7551 0
7552 0
7553 0
7554 0
7555 0
7556 0
7557 0
7558 0
7559 0
7560 0
7561 0
7562 0
7563 0
7564 0
7565 0
7566 0
7567 0
7568 0
7569 0
7570 0
7571 0
7572 0
7573 0
7574 0
7575 0
7576 0
7577 0
7578 0
7579 0
7580 0
7581 0
7582 0
7583 0
7584 0
7585 0
7586 0
7587 0
7588 0
7589 0
7590 0
7591 0
7592 0
7593 0
7594 0
7595 0
7596 0
7597 0
7598 0
7599 0
7600 0
7601 0
7602 0
7603 0
7604 0
7605 0
7606 0
7607 0
7608 0
7609 0
7610 0
7611 0
7612 0
7613 0
7614 0
7615 0
7616 0
7617 0
7618 0
7619 0
7620 0
7621 0
7622 0
7623 0
7624 0
7625 0
7626 0
7627 0
7628 0
7629 0
7630 0
7631 0
7632 0
7633 0
7634 0
7635 0
7636 0
7637 0
7638 0
7639 0
7640 0
7641 0
7642 0
7643 0
7644 0
7645 0
7646 0
7647 0
7648 0
7649 0
7650 0
7651 0
7652 0
7653 0
7654 0
7655 0
7656 0
7657 0
7658 0
7659 0
7660 0
7661 0
7662 0
7663 0
7664 0
7665 0
7666 0
7667 0
7668 0
7669 0
7670 0
7671 0
7672 0
7673 0
7674 0
7675 0
7676 0
7677 0
7678 0
7679 0
7680 0
7681 0
7682 0
7683 0
7684 0
7685 0
7686 0
7687 0
7688 0
7689 0
7690 0
7691 0
7692 0
7693 0
7694 0
7695 0
7696 0
7697 0
7698 0
7699 0
7700 0
7701 0
7702 0
7703 0
7704 0
7705 0
7706 0
7707 0
7708 0
7709 0
7710 0
7711 0
7712 0
7713 0
7714 0
7715 0
7716 0
7717 0
7718 0
7719 0
7720 0
7721 0
7722 0
7723 0
7724 0
7725 0
7726 0
7727 0
7728 0
7729 0
7730 0
7731 0
7732 0
7733 0
7734 0
7735 0
7736 0
7737 0
7738 0
7739 0
7740 0
7741 0
7742 0
7743 0
7744 0
7745 0
7746 0
7747 0
7748 0
7749 0
7750 0
7751 0
7752 0
7753 0
7754 0
7755 0
7756 0
7757 0
7758 0
7759 0
7760 0
7761 0
7762 0
7763 0
7764 0
7765 0
7766 0
7767 0
7768 0
7769 0
7770 0
7771 0
7772 0
7773 0
7774 0
7775 0
7776 0
7777 0
7778 0
7779 0
7780 0
7781 0
7782 0
7783 0
7784 0
7785 0
7786 0
7787 0
7788 0
7789 0
7790 0
7791 0
7792 0
7793 0
7794 0
7795 0
7796 0
7797 0
7798 0
7799 0
7800 0
7801 0
7802 0
7803 0
7804 0
7805 0
7806 0
7807 0
7808 0
7809 0
7810 0
7811 0
7812 0
7813 0
7814 0
7815 0
7816 0
7817 0
7818 0
7819 0
7820 0
7821 0
7822 0
7823 0
7824 0
7825 0
7826 0
7827 0
7828 0
7829 0
7830 0
7831 0
7832 0
7833 0
7834 0
7835 0
7836 0
7837 0
7838 0
7839 0
7840 0
7841 0
7842 0
7843 0
7844 0
7845 0
7846 0
7847 0
7848 0
7849 0
7850 0
7851 0
7852 0
7853 0
7854 0
7855 0
7856 0
7857 0
7858 0
7859 0
7860 0
7861 0
7862 0
7863 0
7864 0
7865 0
7866 0
7867 0
7868 0
7869 0
7870 0
7871 0
7872 0
7873 0
7874 0
7875 0
7876 0
7877 0
7878 0
7879 0
7880 0
7881 0
7882 0
7883 0
7884 0
7885 0
7886 0
7887 0
7888 0
7889 0
7890 0
7891 0
7892 0
7893 0
7894 0
7895 0
7896 0
7897 0
7898 0
7899 0
7900 0
7901 0
7902 0
7903 0
7904 0
7905 0
7906 0
7907 0
7908 0
7909 0
7910 0
7911 0
7912 0
7913 0
7914 0
7915 0
7916 0
7917 0
7918 0
7919 0
7920 0
7921 0
7922 0
7923 0
7924 0
7925 0
7926 0
7927 0
7928 0
7929 0
7930 0
7931 0
7932 0
7933 0
7934 0
7935 0
7936 0
7937 0
7938 0
7939 0
7940 0
7941 0
7942 0
7943 0
7944 0
7945 0
7946 0
7947 0
7948 0
7949 0
7950 0
7951 0
7952 0
7953 0
7954 0
7955 0
7956 0
7957 0
7958 0
7959 0
7960 0
7961 0
7962 0
7963 0
7964 0
7965 0
7966 0
7967 0
7968 0
7969 0
7970 0
7971 0
7972 0
7973 0
7974 0
7975 0
7976 0
7977 0
7978 0
7979 0
7980 0
7981 0
7982 0
7983 0
7984 0
7985 0
7986 0
7987 0
7988 0
7989 0
7990 0
7991 0
7992 0
7993 0
7994 0
7995 0
7996 0
7997 0
7998 0
7999 0
8000 0
8001 0
8002 0
8003 0
8004 0
8005 0
8006 0
8007 0
8008 0
8009 0
8010 0
8011 0
8012 0
8013 0
8014 0
8015 0
8016 0
8017 0
8018 0
8019 0
8020 0
8021 0
8022 0
8023 0
8024 0
8025 0
8026 0
8027 0
8028 0
8029 0
8030 0
8031 0
8032 0
8033 0
8034 0
8035 0
8036 0
8037 0
8038 0
8039 0
8040 0
8041 0
8042 0
8043 0
8044 0
8045 0
8046 0
8047 0
8048 0
8049 0
8050 0
8051 0
8052 0
8053 0
8054 0
8055 0
8056 0
8057 0
8058 0
8059 0
8060 0
8061 0
8062 0
8063 0
8064 0
8065 0
8066 0
8067 0
8068 0
8069 0
8070 0
8071 0
8072 0
8073 0
8074 0
8075 0
8076 0
8077 0
8078 0
8079 0
8080 0
8081 0
8082 0
8083 0
8084 0
8085 0
8086 0
8087 0
8088 0
8089 0
8090 0
8091 0
8092 0
8093 0
8094 0
8095 0
8096 0
8097 0
8098 0
8099 0
8100 0
8101 0
8102 0
8103 0
8104 0
8105 0
8106 0
8107 0
8108 0
8109 0
8110 0
8111 0
8112 0
8113 0
8114 0
8115 0
8116 0
8117 0
8118 0
8119 0
8120 0
8121 0
8122 0
8123 0
8124 0
8125 0
8126 0
8127 0
8128 0
8129 0
8130 0
8131 0
8132 0
8133 0
8134 0
8135 0
8136 0
8137 0
8138 0
8139 0
8140 0
8141 0
8142 0
8143 0
8144 0
8145 0
8146 0
8147 0
8148 0
8149 0
8150 0
8151 0
8152 0
8153 0
8154 0
8155 0
8156 0
8157 0
8158 0
8159 0
8160 0
8161 0
8162 0
8163 0
8164 0
8165 0
8166 0
8167 0
8168 0
8169 0
8170 0
8171 0
8172 0
8173 0
8174 0
8175 0
8176 0
8177 0
8178 0
8179 0
8180 0
8181 0
8182 0
8183 0
8184 0
8185 0
8186 0
8187 0
8188 0
8189 0
8190 0
8191 0
8192 0
8193 0
8194 0
8195 0
8196 0
8197 0
8198 0
8199 0
8200 0
8201 0
8202 0
8203 0
8204 0
8205 0
8206 0
8207 0
8208 0
8209 0
8210 0
8211 0
8212 0
8213 0
8214 0
8215 0
8216 0
8217 0
8218 0
8219 0
8220 0
8221 0
8222 0
8223 0
8224 0
8225 0
8226 0
8227 0
8228 0
8229 0
8230 0
8231 0
8232 0
8233 0
8234 0
8235 0
8236 0
8237 0
8238 0
8239 0
8240 0
8241 0
8242 0
8243 0
8244 0
8245 0
8246 0
8247 0
8248 0
8249 0
8250 0
8251 0
8252 0
8253 0
8254 0
8255 0
8256 0
8257 0
8258 0
8259 0
8260 0
8261 0
8262 0
8263 0
8264 0
8265 0
8266 0
8267 0
8268 0
8269 0
8270 0
8271 0
8272 0
8273 0
8274 0
8275 0
8276 0
8277 0
8278 0
8279 0
8280 0
8281 0
8282 0
8283 0
8284 0
8285 0
8286 0
8287 0
8288 0
8289 0
8290 0
8291 0
8292 0
8293 0
8294 0
8295 0
8296 0
8297 0
8298 0
8299 0
8300 0
8301 0
8302 0
8303 0
8304 0
8305 0
8306 0
8307 0
8308 0
8309 0
8310 0
8311 0
8312 0
8313 0
8314 0
8315 0
8316 0
8317 0
8318 0
8319 0
8320 0
8321 0
8322 0
8323 0
8324 0
8325 0
8326 0
8327 0
8328 0
8329 0
8330 0
8331 0
8332 0
8333 0
8334 0
8335 0
8336 0
8337 0
8338 0
8339 0
8340 0
8341 0
8342 0
8343 0
8344 0
8345 0
8346 0
8347 0
8348 0
8349 0
8350 0
8351 0
8352 0
8353 0
8354 0
8355 0
8356 0
8357 0
8358 0
8359 0
8360 0
8361 0
8362 0
8363 0
8364 0
8365 0
8366 0
8367 0
8368 0
8369 0
8370 0
8371 0
8372 0
8373 0
8374 0
8375 0
8376 0
8377 0
8378 0
8379 0
8380 0
8381 0
8382 0
8383 0
8384 0
8385 0
8386 0
8387 0
8388 0
8389 0
8390 0
8391 0
8392 0
8393 0
8394 0
8395 0
8396 0
8397 0
8398 0
8399 0
8400 0
8401 0
8402 0
8403 0
8404 0
8405 0
8406 0
8407 0
8408 0
8409 0
8410 0
8411 0
8412 0
8413 0
8414 0
8415 0
8416 0
8417 0
8418 0
8419 0
8420 0
8421 0
8422 0
8423 0
8424 0
8425 0
8426 0
8427 0
8428 0
8429 0
8430 0
8431 0
8432 0
8433 0
8434 0
8435 0
8436 0
8437 0
8438 0
8439 0
8440 0
8441 0
8442 0
8443 0
8444 0
8445 0
8446 0
8447 0
8448 0
8449 0
8450 0
8451 0
8452 0
8453 0
8454 0
8455 0
8456 0
8457 0
8458 0
8459 0
8460 0
8461 0
8462 0
8463 0
8464 0
8465 0
8466 0
8467 0
8468 0
8469 0
8470 0
8471 0
8472 0
8473 0
8474 0
8475 0
8476 0
8477 0
8478 0
8479 0
8480 0
8481 0
8482 0
8483 0
8484 0
8485 0
8486 0
8487 0
8488 0
8489 0
8490 0
8491 0
8492 0
8493 0
8494 0
8495 0
8496 0
8497 0
8498 0
8499 0
8500 0
8501 0
8502 0
8503 0
8504 0
8505 0
8506 0
8507 0
8508 0
8509 0
8510 0
8511 0
8512 0
8513 0
8514 0
8515 0
8516 0
8517 0
8518 0
8519 0
8520 0
8521 0
8522 0
8523 0
8524 0
8525 0
8526 0
8527 0
8528 0
8529 0
8530 0
8531 0
8532 0
8533 0
8534 0
8535 0
8536 0
8537 0
8538 0
8539 0
8540 0
8541 0
8542 0
8543 0
8544 0
8545 0
8546 0
8547 0
8548 0
8549 0
8550 0
8551 0
8552 0
8553 0
8554 0
8555 0
8556 0
8557 0
8558 0
8559 0
8560 0
8561 0
8562 0
8563 0
8564 0
8565 0
8566 0
8567 0
8568 0
8569 0
8570 0
8571 0
8572 0
8573 0
8574 0
8575 0
8576 0
8577 0
8578 0
8579 0
8580 0
8581 0
8582 0
8583 0
8584 0
8585 0
8586 0
8587 0
8588 0
8589 0
8590 0
8591 0
8592 0
8593 0
8594 0
8595 0
8596 0
8597 0
8598 0
8599 0
8600 0
8601 0
8602 0
8603 0
8604 0
8605 0
8606 0
8607 0
8608 0
8609 0
8610 0
8611 0
8612 0
8613 0
8614 0
8615 0
8616 0
8617 0
8618 0
8619 0
8620 0
8621 0
8622 0
8623 0
8624 0
8625 0
8626 0
8627 0
8628 0
8629 0
8630 0
8631 0
8632 0
8633 0
8634 0
8635 0
8636 0
8637 0
8638 0
8639 0
8640 0
8641 0
8642 0
8643 0
8644 0
8645 0
8646 0
8647 0
8648 0
8649 0
8650 0
8651 0
8652 0
8653 0
8654 0
8655 0
8656 0
8657 0
8658 0
8659 0
8660 0
8661 0
8662 0
8663 0
8664 0
8665 0
8666 0
8667 0
8668 0
8669 0
8670 0
8671 0
8672 0
8673 0
8674 0
8675 0
8676 0
8677 0
8678 0
8679 0
8680 0
8681 0
8682 0
8683 0
8684 0
8685 0
8686 0
8687 0
8688 0
8689 0
8690 0
8691 0
8692 0
8693 0
8694 0
8695 0
8696 0
8697 0
8698 0
8699 0
8700 0
8701 0
8702 0
8703 0
8704 0
8705 0
8706 0
8707 0
8708 0
8709 0
8710 0
8711 0
8712 0
8713 0
8714 0
8715 0
8716 0
8717 0
8718 0
8719 0
8720 0
8721 0
8722 0
8723 0
8724 0
8725 0
8726 0
8727 0
8728 0
8729 0
8730 0
8731 0
8732 0
8733 0
8734 0
8735 0
8736 0
8737 0
8738 0
8739 0
8740 0
8741 0
8742 0
8743 0
8744 0
8745 0
8746 0
8747 0
8748 0
8749 0
8750 0
8751 0
8752 0
8753 0
8754 0
8755 0
8756 0
8757 0
8758 0
8759 0
8760 0
8761 0
8762 0
8763 0
8764 0
8765 0
8766 0
8767 0
8768 0
8769 0
8770 0
8771 0
8772 0
8773 0
8774 0
8775 0
8776 0
8777 0
8778 0
8779 0
8780 0
8781 0
8782 0
8783 0
8784 0
8785 0
8786 0
8787 0
8788 0
8789 0
8790 0
8791 0
8792 0
8793 0
8794 0
8795 0
8796 0
8797 0
8798 0
8799 0
8800 0
8801 0
8802 0
8803 0
8804 0
8805 0
8806 0
8807 0
8808 0
8809 0
8810 0
8811 0
8812 0
8813 0
8814 0
8815 0
8816 0
8817 0
8818 0
8819 0
8820 0
8821 0
8822 0
8823 0
8824 0
8825 0
8826 0
8827 0
8828 0
8829 0
8830 0
8831 0
8832 0
8833 0
8834 0
8835 0
8836 0
8837 0
8838 0
8839 0
8840 0
8841 0
8842 0
8843 0
8844 0
8845 0
8846 0
8847 0
8848 0
8849 0
8850 0
8851 0
8852 0
8853 0
8854 0
8855 0
8856 0
8857 0
8858 0
8859 0
8860 0
8861 0
8862 0
8863 0
8864 0
8865 0
8866 0
8867 0
8868 0
8869 0
8870 0
8871 0
8872 0
8873 0
8874 0
8875 0
8876 0
8877 0
8878 0
8879 0
8880 0
8881 0
8882 0
8883 0
8884 0
8885 0
8886 0
8887 0
8888 0
8889 0
8890 0
8891 0
8892 0
8893 0
8894 0
8895 0
8896 0
8897 0
8898 0
8899 0
8900 0
8901 0
8902 0
8903 0
8904 0
8905 0
8906 0
8907 0
8908 0
8909 0
8910 0
8911 0
8912 0
8913 0
8914 0
8915 0
8916 0
8917 0
8918 0
8919 0
8920 0
8921 0
8922 0
8923 0
8924 0
8925 0
8926 0
8927 0
8928 0
8929 0
8930 0
8931 0
8932 0
8933 0
8934 0
8935 0
8936 0
8937 0
8938 0
8939 0
8940 0
8941 0
8942 0
8943 0
8944 0
8945 0
8946 0
8947 0
8948 0
8949 0
8950 0
8951 0
8952 0
8953 0
8954 0
8955 0
8956 0
8957 0
8958 0
8959 0
8960 0
8961 0
8962 0
8963 0
8964 0
8965 0
8966 0
8967 0
8968 0
8969 0
8970 0
8971 0
8972 0
8973 0
8974 0
8975 0
8976 0
8977 0
8978 0
8979 0
8980 0
8981 0
8982 0
8983 0
8984 0
8985 0
8986 0
8987 0
8988 0
8989 0
8990 0
8991 0
8992 0
8993 0
8994 0
8995 0
8996 0
8997 0
8998 0
8999 0
9000 0
9001 0
9002 0
9003 0
9004 0
9005 0
9006 0
9007 0
9008 0
9009 0
9010 0
9011 0
9012 0
9013 0
9014 0
9015 0
9016 0
9017 0
9018 0
9019 0
9020 0
9021 0
9022 0
9023 0
9024 0
9025 0
9026 0
9027 0
9028 0
9029 0
9030 0
9031 0
9032 0
9033 0
9034 0
9035 0
9036 0
9037 0
9038 0
9039 0
9040 0
9041 0
9042 0
9043 0
9044 0
9045 0
9046 0
9047 0
9048 0
9049 0
9050 0
9051 0
9052 0
9053 0
9054 0
9055 0
9056 0
9057 0
9058 0
9059 0
9060 0
9061 0
9062 0
9063 0
9064 0
9065 0
9066 0
9067 0
9068 0
9069 0
9070 0
9071 0
9072 0
9073 0
9074 0
9075 0
9076 0
9077 0
9078 0
9079 0
9080 0
9081 0
9082 0
9083 0
9084 0
9085 0
9086 0
9087 0
9088 0
9089 0
9090 0
9091 0
9092 0
9093 0
9094 0
9095 0
9096 0
9097 0
9098 0
9099 0
9100 0
9101 0
9102 0
9103 0
9104 0
9105 0
9106 0
9107 0
9108 0
9109 0
9110 0
9111 0
9112 0
9113 0
9114 0
9115 0
9116 0
9117 0
9118 0
9119 0
9120 0
9121 0
9122 0
9123 0
9124 0
9125 0
9126 0
9127 0
9128 0
9129 0
9130 0
9131 0
9132 0
9133 0
9134 0
9135 0
9136 0
9137 0
9138 0
9139 0
9140 0
9141 0
9142 0
9143 0
9144 0
9145 0
9146 0
9147 0
9148 0
9149 0
9150 0
9151 0
9152 0
9153 0
9154 0
9155 0
9156 0
9157 0
9158 0
9159 0
9160 0
9161 0
9162 0
9163 0
9164 0
9165 0
9166 0
9167 0
9168 0
9169 0
9170 0
9171 0
9172 0
9173 0
9174 0
9175 0
9176 0
9177 0
9178 0
9179 0
9180 0
9181 0
9182 0
9183 0
9184 0
9185 0
9186 0
9187 0
9188 0
9189 0
9190 0
9191 0
9192 0
9193 0
9194 0
9195 0
9196 0
9197 0
9198 0
9199 0
9200 0
9201 0
9202 0
9203 0
9204 0
9205 0
9206 0
9207 0
9208 0
9209 0
9210 0
9211 0
9212 0
9213 0
9214 0
9215 0
9216 0
9217 0
9218 0
9219 0
9220 0
9221 0
9222 0
9223 0
9224 0
9225 0
9226 0
9227 0
9228 0
9229 0
9230 0
9231 0
9232 0
9233 0
9234 0
9235 0
9236 0
9237 0
9238 0
9239 0
9240 0
9241 0
9242 0
9243 0
9244 0
9245 0
9246 0
9247 0
9248 0
9249 0
9250 0
9251 0
9252 0
9253 0
9254 0
9255 0
9256 0
9257 0
9258 0
9259 0
9260 0
9261 0
9262 0
9263 0
9264 0
9265 0
9266 0
9267 0
9268 0
9269 0
9270 0
9271 0
9272 0
9273 0
9274 0
9275 0
9276 0
9277 0
9278 0
9279 0
9280 0
9281 0
9282 0
9283 0
9284 0
9285 0
9286 0
9287 0
9288 0
9289 0
9290 0
9291 0
9292 0
9293 0
9294 0
9295 0
9296 0
9297 0
9298 0
9299 0
9300 0
9301 0
9302 0
9303 0
9304 0
9305 0
9306 0
9307 0
9308 0
9309 0
9310 0
9311 0
9312 0
9313 0
9314 0
9315 0
9316 0
9317 0
9318 0
9319 0
9320 0
9321 0
9322 0
9323 0
9324 0
9325 0
9326 0
9327 0
9328 0
9329 0
9330 0
9331 0
9332 0
9333 0
9334 0
9335 0
9336 0
9337 0
9338 0
9339 0
9340 0
9341 0
9342 0
9343 0
9344 0
9345 0
9346 0
9347 0
9348 0
9349 0
9350 0
9351 0
9352 0
9353 0
9354 0
9355 0
9356 0
9357 0
9358 0
9359 0
9360 0
9361 0
9362 0
9363 0
9364 0
9365 0
9366 0
9367 0
9368 0
9369 0
9370 0
9371 0
9372 0
9373 0
9374 0
9375 0
9376 0
9377 0
9378 0
9379 0
9380 0
9381 0
9382 0
9383 0
9384 0
9385 0
9386 0
9387 0
9388 0
9389 0
9390 0
9391 0
9392 0
9393 0
9394 0
9395 0
9396 0
9397 0
9398 0
9399 0
9400 0
9401 0
9402 0
9403 0
9404 0
9405 0
9406 0
9407 0
9408 0
9409 0
9410 0
9411 0
9412 0
9413 0
9414 0
9415 0
9416 0
9417 0
9418 0
9419 0
9420 0
9421 0
9422 0
9423 0
9424 0
9425 0
9426 0
9427 0
9428 0
9429 0
9430 0
9431 0
9432 0
9433 0
9434 0
9435 0
9436 0
9437 0
9438 0
9439 0
9440 0
9441 0
9442 0
9443 0
9444 0
9445 0
9446 0
9447 0
9448 0
9449 0
9450 0
9451 0
9452 0
9453 0
9454 0
9455 0
9456 0
9457 0
9458 0
9459 0
9460 0
9461 0
9462 0
9463 0
9464 0
9465 0
9466 0
9467 0
9468 0
9469 0
9470 0
9471 0
9472 0
9473 0
9474 0
9475 0
9476 0
9477 0
9478 0
9479 0
9480 0
9481 0
9482 0
9483 0
9484 0
9485 0
9486 0
9487 0
9488 0
9489 0
9490 0
9491 0
9492 0
9493 0
9494 0
9495 0
9496 0
9497 0
9498 0
9499 0
9500 0
9501 0
9502 0
9503 0
9504 0
9505 0
9506 0
9507 0
9508 0
9509 0
9510 0
9511 0
9512 0
9513 0
9514 0
9515 0
9516 0
9517 0
9518 0
9519 0
9520 0
9521 0
9522 0
9523 0
9524 0
9525 0
9526 0
9527 0
9528 0
9529 0
9530 0
9531 0
9532 0
9533 0
9534 0
9535 0
9536 0
9537 0
9538 0
9539 0
9540 0
9541 0
9542 0
9543 0
9544 0
9545 0
9546 0
9547 0
9548 0
9549 0
9550 0
9551 0
9552 0
9553 0
9554 0
9555 0
9556 0
9557 0
9558 0
9559 0
9560 0
9561 0
9562 0
9563 0
9564 0
9565 0
9566 0
9567 0
9568 0
9569 0
9570 0
9571 0
9572 0
9573 0
9574 0
9575 0
9576 0
9577 0
9578 0
9579 0
9580 0
9581 0
9582 0
9583 0
9584 0
9585 0
9586 0
9587 0
9588 0
9589 0
9590 0
9591 0
9592 0
9593 0
9594 0
9595 0
9596 0
9597 0
9598 0
9599 0
9600 0
9601 0
9602 0
9603 0
9604 0
9605 0
9606 0
9607 0
9608 0
9609 0
9610 0
9611 0
9612 0
9613 0
9614 0
9615 0
9616 0
9617 0
9618 0
9619 0
9620 0
9621 0
9622 0
9623 0
9624 0
9625 0
9626 0
9627 0
9628 0
9629 0
9630 0
9631 0
9632 0
9633 0
9634 0
9635 0
9636 0
9637 0
9638 0
9639 0
9640 0
9641 0
9642 0
9643 0
9644 0
9645 0
9646 0
9647 0
9648 0
9649 0
9650 0
9651 0
9652 0
9653 0
9654 0
9655 0
9656 0
9657 0
9658 0
9659 0
9660 0
9661 0
9662 0
9663 0
9664 0
9665 0
9666 0
9667 0
9668 0
9669 0
9670 0
9671 0
9672 0
9673 0
9674 0
9675 0
9676 0
9677 0
9678 0
9679 0
9680 0
9681 0
9682 0
9683 0
9684 0
9685 0
9686 0
9687 0
9688 0
9689 0
9690 0
9691 0
9692 0
9693 0
9694 0
9695 0
9696 0
9697 0
9698 0
9699 0
9700 0
9701 0
9702 0
9703 0
9704 0
9705 0
9706 0
9707 0
9708 0
9709 0
9710 0
9711 0
9712 0
9713 0
9714 0
9715 0
9716 0
9717 0
9718 0
9719 0
9720 0
9721 0
9722 0
9723 0
9724 0
9725 0
9726 0
9727 0
9728 0
9729 0
9730 0
9731 0
9732 0
9733 0
9734 0
9735 0
9736 0
9737 0
9738 0
9739 0
9740 0
9741 0
9742 0
9743 0
9744 0
9745 0
9746 0
9747 0
9748 0
9749 0
9750 0
9751 0
9752 0
9753 0
9754 0
9755 0
9756 0
9757 0
9758 0
9759 0
9760 0
9761 0
9762 0
9763 0
9764 0
9765 0
9766 0
9767 0
9768 0
9769 0
9770 0
9771 0
9772 0
9773 0
9774 0
9775 0
9776 0
9777 0
9778 0
9779 0
9780 0
9781 0
9782 0
9783 0
9784 0
9785 0
9786 0
9787 0
9788 0
9789 0
9790 0
9791 0
9792 0
9793 0
9794 0
9795 0
9796 0
9797 0
9798 0
9799 0
9800 0
9801 0
9802 0
9803 0
9804 0
9805 0
9806 0
9807 0
9808 0
9809 0
9810 0
9811 0
9812 0
9813 0
9814 0
9815 0
9816 0
9817 0
9818 0
9819 0
9820 0
9821 0
9822 0
9823 0
9824 0
9825 0
9826 0
9827 0
9828 0
9829 0
9830 0
9831 0
9832 0
9833 0
9834 0
9835 0
9836 0
9837 0
9838 0
9839 0
9840 0
9841 0
9842 0
9843 0
9844 0
9845 0
9846 0
9847 0
9848 0
9849 0
9850 0
9851 0
9852 0
9853 0
9854 0
9855 0
9856 0
9857 0
9858 0
9859 0
9860 0
9861 0
9862 0
9863 0
9864 0
9865 0
9866 0
9867 0
9868 0
9869 0
9870 0
9871 0
9872 0
9873 0
9874 0
9875 0
9876 0
9877 0
9878 0
9879 0
9880 0
9881 0
9882 0
9883 0
9884 0
9885 0
9886 0
9887 0
9888 0
9889 0
9890 0
9891 0
9892 0
9893 0
9894 0
9895 0
9896 0
9897 0
9898 0
9899 0
9900 0
9901 0
9902 0
9903 0
9904 0
9905 0
9906 0
9907 0
9908 0
9909 0
9910 0
9911 0
9912 0
9913 0
9914 0
9915 0
9916 0
9917 0
9918 0
9919 0
9920 0
9921 0
9922 0
9923 0
9924 0
9925 0
9926 0
9927 0
9928 0
9929 0
9930 0
9931 0
9932 0
9933 0
9934 0
9935 0
9936 0
9937 0
9938 0
9939 0
9940 0
9941 0
9942 0
9943 0
9944 0
9945 0
9946 0
9947 0
9948 0
9949 0
9950 0
9951 0
9952 0
9953 0
9954 0
9955 0
9956 0
9957 0
9958 0
9959 0
9960 0
9961 0
9962 0
9963 0
9964 0
9965 0
9966 0
9967 0
9968 0
9969 0
9970 0
9971 0
9972 0
9973 0
9974 0
9975 0
9976 0
9977 0
9978 0
9979 0
9980 0
9981 0
9982 0
9983 0
9984 0
9985 0
9986 0
9987 0
9988 0
9989 0
9990 0
9991 0
9992 0
9993 0
9994 0
9995 0
9996 0
9997 0
9998 0
9999 0
10000 0
10001 0
10002 0
10003 0
10004 0
10005 0
10006 0
10007 0
10008 0
10009 0
10010 0
10011 0
10012 0
10013 0
10014 0
10015 0
10016 0
10017 0
10018 0
10019 0
10020 0
10021 0
10022 0
10023 0
10024 0
10025 0
10026 0
10027 0
10028 0
10029 0
10030 0
10031 0
10032 0
10033 0
10034 0
10035 0
10036 0
10037 0
10038 0
10039 0
10040 0
10041 0
10042 0
10043 0
10044 0
10045 0
10046 0
10047 0
10048 0
10049 0
10050 0
10051 0
10052 0
10053 0
10054 0
10055 0
10056 0
10057 0
10058 0
10059 0
10060 0
10061 0
10062 0
10063 0
10064 0
10065 0
10066 0
10067 0
10068 0
10069 0
10070 0
10071 0
10072 0
10073 0
10074 0
10075 0
10076 0
10077 0
10078 0
10079 0
10080 0
10081 0
10082 0
10083 0
10084 0
10085 0
10086 0
10087 0
10088 0
10089 0
10090 0
10091 0
10092 0
10093 0
10094 0
10095 0
10096 0
10097 0
10098 0
10099 0
10100 0
10101 0
10102 0
10103 0
10104 0
10105 0
10106 0
10107 0
10108 0
10109 0
10110 0
10111 0
10112 0
10113 0
10114 0
10115 0
10116 0
10117 0
10118 0
10119 0
10120 0
10121 0
10122 0
10123 0
10124 0
10125 0
10126 0
10127 0
10128 0
10129 0
10130 0
10131 0
10132 0
10133 0
10134 0
10135 0
10136 0
10137 0
10138 0
10139 0
10140 0
10141 0
10142 0
10143 0
10144 0
10145 0
10146 0
10147 0
10148 0
10149 0
10150 0
10151 0
10152 0
10153 0
10154 0
10155 0
10156 0
10157 0
10158 0
10159 0
10160 0
10161 0
10162 0
10163 0
10164 0
10165 0
10166 0
10167 0
10168 0
10169 0
10170 0
10171 0
10172 0
10173 0
10174 0
10175 0
10176 0
10177 0
10178 0
10179 0
10180 0
10181 0
10182 0
10183 0
10184 0
10185 0
10186 0
10187 0
10188 0
10189 0
10190 0
10191 0
10192 0
10193 0
10194 0
10195 0
10196 0
10197 0
10198 0
10199 0
10200 0
10201 0
10202 0
10203 0
10204 0
10205 0
10206 0
10207 0
10208 0
10209 0
10210 0
10211 0
10212 0
10213 0
10214 0
10215 0
10216 0
10217 0
10218 0
10219 0
10220 0
10221 0
10222 0
10223 0
10224 0
10225 0
10226 0
10227 0
10228 0
10229 0
10230 0
10231 0
10232 0
10233 0
10234 0
10235 0
10236 0
10237 0
10238 0
10239 0
10240 0
10241 0
10242 0
10243 0
10244 0
10245 0
10246 0
10247 0
10248 0
10249 0
10250 0
10251 0
10252 0
10253 0
10254 0
10255 0
10256 0
10257 0
10258 0
10259 0
10260 0
10261 0
10262 0
10263 0
10264 0
10265 0
10266 0
10267 0
10268 0
10269 0
10270 0
10271 0
10272 0
10273 0
10274 0
10275 0
10276 0
10277 0
10278 0
10279 0
10280 0
10281 0
10282 0
10283 0
10284 0
10285 0
10286 0
10287 0
10288 0
10289 0
10290 0
10291 0
10292 0
10293 0
10294 0
10295 0
10296 0
10297 0
10298 0
10299 0
10300 0
10301 0
10302 0
10303 0
10304 0
10305 0
10306 0
10307 0
10308 0
10309 0
10310 0
10311 0
10312 0
10313 0
10314 0
10315 0
10316 0
10317 0
10318 0
10319 0
10320 0
10321 0
10322 0
10323 0
10324 0
10325 0
10326 0
10327 0
10328 0
10329 0
10330 0
10331 0
10332 0
10333 0
10334 0
10335 0
10336 0
10337 0
10338 0
10339 0
10340 0
10341 0
10342 0
10343 0
10344 0
10345 0
10346 0
10347 0
10348 0
10349 0
10350 0
10351 0
10352 0
10353 0
10354 0
10355 0
10356 0
10357 0
10358 0
10359 0
10360 0
10361 0
10362 0
10363 0
10364 0
10365 0
10366 0
10367 0
10368 0
10369 0
10370 0
10371 0
10372 0
10373 0
10374 0
10375 0
10376 0
10377 0
10378 0
10379 0
10380 0
10381 0
10382 0
10383 0
10384 0
10385 0
10386 0
10387 0
10388 0
10389 0
10390 0
10391 0
10392 0
10393 0
10394 0
10395 0
10396 0
10397 0
10398 0
10399 0
10400 0
10401 0
10402 0
10403 0
10404 0
10405 0
10406 0
10407 0
10408 0
10409 0
10410 0
10411 0
10412 0
10413 0
10414 0
10415 0
10416 0
10417 0
10418 0
10419 0
10420 0
10421 0
10422 0
10423 0
10424 0
10425 0
10426 0
10427 0
10428 0
10429 0
10430 0
10431 0
10432 0
10433 0
10434 0
10435 0
10436 0
10437 0
10438 0
10439 0
10440 0
10441 0
10442 0
10443 0
10444 0
10445 0
10446 0
10447 0
10448 0
10449 0
10450 0
10451 0
10452 0
10453 0
10454 0
10455 0
10456 0
10457 0
10458 0
10459 0
10460 0
10461 0
10462 0
10463 0
10464 0
10465 0
10466 0
10467 0
10468 0
10469 0
10470 0
10471 0
10472 0
10473 0
10474 0
10475 0
10476 0
10477 0
10478 0
10479 0
10480 0
10481 0
10482 0
10483 0
10484 0
10485 0
10486 0
10487 0
10488 0
10489 0
10490 0
10491 0
10492 0
10493 0
10494 0
10495 0
10496 0
10497 0
10498 0
10499 0
10500 0
10501 0
10502 0
10503 0
10504 0
10505 0
10506 0
10507 0
10508 0
10509 0
10510 0
10511 0
10512 0
10513 0
10514 0
10515 0
10516 0
10517 0
10518 0
10519 0
10520 0
10521 0
10522 0
10523 0
10524 0
10525 0
10526 0
10527 0
10528 0
10529 0
10530 0
10531 0
10532 0
10533 0
10534 0
10535 0
10536 0
10537 0
10538 0
10539 0
10540 0
10541 0
10542 0
10543 0
10544 0
10545 0
10546 0
10547 0
10548 0
10549 0
10550 0
10551 0
10552 0
10553 0
10554 0
10555 0
10556 0
10557 0
10558 0
10559 0
10560 0
10561 0
10562 0
10563 0
10564 0
10565 0
10566 0
10567 0
10568 0
10569 0
10570 0
10571 0
10572 0
10573 0
10574 0
10575 0
10576 0
10577 0
10578 0
10579 0
10580 0
10581 0
10582 0
10583 0
10584 0
10585 0
10586 0
10587 0
10588 0
10589 0
10590 0
10591 0
10592 0
10593 0
10594 0
10595 0
10596 0
10597 0
10598 0
10599 0
10600 0
10601 0
10602 0
10603 0
10604 0
10605 0
10606 0
10607 0
10608 0
10609 0
10610 0
10611 0
10612 0
10613 0
10614 0
10615 0
10616 0
10617 0
10618 0
10619 0
10620 0
10621 0
10622 0
10623 0
10624 0
10625 0
10626 0
10627 0
10628 0
10629 0
10630 0
10631 0
10632 0
10633 0
10634 0
10635 0
10636 0
10637 0
10638 0
10639 0
10640 0
10641 0
10642 0
10643 0
10644 0
10645 0
10646 0
10647 0
10648 0
10649 0
10650 0
10651 0
10652 0
10653 0
10654 0
10655 0
10656 0
10657 0
10658 0
10659 0
10660 0
10661 0
10662 0
10663 0
10664 0
10665 0
10666 0
10667 0
10668 0
10669 0
10670 0
10671 0
10672 0
10673 0
10674 0
10675 0
10676 0
10677 0
10678 0
10679 0
10680 0
10681 0
10682 0
10683 0
10684 0
10685 0
10686 0
10687 0
10688 0
10689 0
10690 0
10691 0
10692 0
10693 0
10694 0
10695 0
10696 0
10697 0
10698 0
10699 0
10700 0
10701 0
10702 0
10703 0
10704 0
10705 0
10706 0
10707 0
10708 0
10709 0
10710 0
10711 0
10712 0
10713 0
10714 0
10715 0
10716 0
10717 0
10718 0
10719 0
10720 0
10721 0
10722 0
10723 0
10724 0
10725 0
10726 0
10727 0
10728 0
10729 0
10730 0
10731 0
10732 0
10733 0
10734 0
10735 0
10736 0
10737 0
10738 0
10739 0
10740 0
10741 0
10742 0
10743 0
10744 0
10745 0
10746 0
10747 0
10748 0
10749 0
10750 0
10751 0
10752 0
10753 0
10754 0
10755 0
10756 0
10757 0
10758 0
10759 0
10760 0
10761 0
10762 0
10763 0
10764 0
10765 0
10766 0
10767 0
10768 0
10769 0
10770 0
10771 0
10772 0
10773 0
10774 0
10775 0
10776 0
10777 0
10778 0
10779 0
10780 0
10781 0
10782 0
10783 0
10784 0
10785 0
10786 0
10787 0
10788 0
10789 0
10790 0
10791 0
10792 0
10793 0
10794 0
10795 0
10796 0
10797 0
10798 0
10799 0
10800 0
10801 0
10802 0
10803 0
10804 0
10805 0
10806 0
10807 0
10808 0
10809 0
10810 0
10811 0
10812 0
10813 0
10814 0
10815 0
10816 0
10817 0
10818 0
10819 0
10820 0
10821 0
10822 0
10823 0
10824 0
10825 0
10826 0
10827 0
10828 0
10829 0
10830 0
10831 0
10832 0
10833 0
10834 0
10835 0
10836 0
10837 0
10838 0
10839 0
10840 0
10841 0
10842 0
10843 0
10844 0
10845 0
10846 0
10847 0
10848 0
10849 0
10850 0
10851 0
10852 0
10853 0
10854 0
10855 0
10856 0
10857 0
10858 0
10859 0
10860 0
10861 0
10862 0
10863 0
10864 0
10865 0
10866 0
10867 0
10868 0
10869 0
10870 0
10871 0
10872 0
10873 0
10874 0
10875 0
10876 0
10877 0
10878 0
10879 0
10880 0
10881 0
10882 0
10883 0
10884 0
10885 0
10886 0
10887 0
10888 0
10889 0
10890 0
10891 0
10892 0
10893 0
10894 0
10895 0
10896 0
10897 0
10898 0
10899 0
10900 0
10901 0
10902 0
10903 0
10904 0
10905 0
10906 0
10907 0
10908 0
10909 0
10910 0
10911 0
10912 0
10913 0
10914 0
10915 0
10916 0
10917 0
10918 0
10919 0
10920 0
10921 0
10922 0
10923 0
10924 0
10925 0
10926 0
10927 0
10928 0
10929 0
10930 0
10931 0
10932 0
10933 0
10934 0
10935 0
10936 0
10937 0
10938 0
10939 0
10940 0
10941 0
10942 0
10943 0
10944 0
10945 0
10946 0
10947 0
10948 0
10949 0
10950 0
10951 0
10952 0
10953 0
10954 0
10955 0
10956 0
10957 0
10958 0
10959 0
10960 0
10961 0
10962 0
10963 0
10964 0
10965 0
10966 0
10967 0
10968 0
10969 0
10970 0
10971 0
10972 0
10973 0
10974 0
10975 0
10976 0
10977 0
10978 0
10979 0
10980 0
10981 0
10982 0
10983 0
10984 0
10985 0
10986 0
10987 0
10988 0
10989 0
10990 0
10991 0
10992 0
10993 0
10994 0
10995 0
10996 0
10997 0
10998 0
10999 0
11000 0
11001 0
11002 0
11003 0
11004 0
11005 0
11006 0
11007 0
11008 0
11009 0
11010 0
11011 0
11012 0
11013 0
11014 0
11015 0
11016 0
11017 0
11018 0
11019 0
11020 0
11021 0
11022 0
11023 0
11024 0
11025 0
11026 0
11027 0
11028 0
11029 0
11030 0
11031 0
11032 0
11033 0
11034 0
11035 0
11036 0
11037 0
11038 0
11039 0
11040 0
11041 0
11042 0
11043 0
11044 0
11045 0
11046 0
11047 0
11048 0
11049 0
11050 0
11051 0
11052 0
11053 0
11054 0
11055 0
11056 0
11057 0
11058 0
11059 0
11060 0
11061 0
11062 0
11063 0
11064 0
11065 0
11066 0
11067 0
11068 0
11069 0
11070 0
11071 0
11072 0
11073 0
11074 0
11075 0
11076 0
11077 0
11078 0
11079 0
11080 0
11081 0
11082 0
11083 0
11084 0
11085 0
11086 0
11087 0
11088 0
11089 0
11090 0
11091 0
11092 0
11093 0
11094 0
11095 0
11096 0
11097 0
11098 0
11099 0
11100 0
11101 0
11102 0
11103 0
11104 0
11105 0
11106 0
11107 0
11108 0
11109 0
11110 0
11111 0
11112 0
11113 0
11114 0
11115 0
11116 0
11117 0
11118 0
11119 0
11120 0
11121 0
11122 0
11123 0
11124 0
11125 0
11126 0
11127 0
11128 0
11129 0
11130 0
11131 0
11132 0
11133 0
11134 0
11135 0
11136 0
11137 0
11138 0
11139 0
11140 0
11141 0
11142 0
11143 0
11144 0
11145 0
11146 0
11147 0
11148 0
11149 0
11150 0
11151 0
11152 0
11153 0
11154 0
11155 0
11156 0
11157 0
11158 0
11159 0
11160 0
11161 0
11162 0
11163 0
11164 0
11165 0
11166 0
11167 0
11168 0
11169 0
11170 0
11171 0
11172 0
11173 0
11174 0
11175 0
11176 0
11177 0
11178 0
11179 0
11180 0
11181 0
11182 0
11183 0
11184 0
11185 0
11186 0
11187 0
11188 0
11189 0
11190 0
11191 0
11192 0
11193 0
11194 0
11195 0
11196 0
11197 0
11198 0
11199 0
11200 0
11201 0
11202 0
11203 0
11204 0
11205 0
11206 0
11207 0
11208 0
11209 0
11210 0
11211 0
11212 0
11213 0
11214 0
11215 0
11216 0
11217 0
11218 0
11219 0
11220 0
11221 0
11222 0
11223 0
11224 0
11225 0
11226 0
11227 0
11228 0
11229 0
11230 0
11231 0
11232 0
11233 0
11234 0
11235 0
11236 0
11237 0
11238 0
11239 0
11240 0
11241 0
11242 0
11243 0
11244 0
11245 0
11246 0
11247 0
11248 0
11249 0
11250 0
11251 0
11252 0
11253 0
11254 0
11255 0
11256 0
11257 0
11258 0
11259 0
11260 0
11261 0
11262 0
11263 0
11264 0
11265 0
11266 0
11267 0
11268 0
11269 0
11270 0
11271 0
11272 0
11273 0
11274 0
11275 0
11276 0
11277 0
11278 0
11279 0
11280 0
11281 0
11282 0
11283 0
11284 0
11285 0
11286 0
11287 0
11288 0
11289 0
11290 0
11291 0
11292 0
11293 0
11294 0
11295 0
11296 0
11297 0
11298 0
11299 0
11300 0
11301 0
11302 0
11303 0
11304 0
11305 0
11306 0
11307 0
11308 0
11309 0
11310 0
11311 0
11312 0
11313 0
11314 0
11315 0
11316 0
11317 0
11318 0
11319 0
11320 0
11321 0
11322 0
11323 0
11324 0
11325 0
11326 0
11327 0
11328 0
11329 0
11330 0
11331 0
11332 0
11333 0
11334 0
11335 0
11336 0
11337 0
11338 0
11339 0
11340 0
11341 0
11342 0
11343 0
11344 0
11345 0
11346 0
11347 0
11348 0
11349 0
11350 0
11351 0
11352 0
11353 0
11354 0
11355 0
11356 0
11357 0
11358 0
11359 0
11360 0
11361 0
11362 0
11363 0
11364 0
11365 0
11366 0
11367 0
11368 0
11369 0
11370 0
11371 0
11372 0
11373 0
11374 0
11375 0
11376 0
11377 0
11378 0
11379 0
11380 0
11381 0
11382 0
11383 0
11384 0
11385 0
11386 0
11387 0
11388 0
11389 0
11390 0
11391 0
11392 0
11393 0
11394 0
11395 0
11396 0
11397 0
11398 0
11399 0
11400 0
11401 0
11402 0
11403 0
11404 0
11405 0
11406 0
11407 0
11408 0
11409 0
11410 0
11411 0
11412 0
11413 0
11414 0
11415 0
11416 0
11417 0
11418 0
11419 0
11420 0
11421 0
11422 0
11423 0
11424 0
11425 0
11426 0
11427 0
11428 0
11429 0
11430 0
11431 0
11432 0
11433 0
11434 0
11435 0
11436 0
11437 0
11438 0
11439 0
11440 0
11441 0
11442 0
11443 0
11444 0
11445 0
11446 0
11447 0
11448 0
11449 0
11450 0
11451 0
11452 0
11453 0
11454 0
11455 0
11456 0
11457 0
11458 0
11459 0
11460 0
11461 0
11462 0
11463 0
11464 0
11465 0
11466 0
11467 0
11468 0
11469 0
11470 0
11471 0
11472 0
11473 0
11474 0
11475 0
11476 0
11477 0
11478 0
11479 0
11480 0
11481 0
11482 0
11483 0
11484 0
11485 0
11486 0
11487 0
11488 0
11489 0
11490 0
11491 0
11492 0
11493 0
11494 0
11495 0
11496 0
11497 0
11498 0
11499 0
11500 0
11501 0
11502 0
11503 0
11504 0
11505 0
11506 0
11507 0
11508 0
11509 0
11510 0
11511 0
11512 0
11513 0
11514 0
11515 0
11516 0
11517 0
11518 0
11519 0
11520 0
11521 0
11522 0
11523 0
11524 0
11525 0
11526 0
11527 0
11528 0
11529 0
11530 0
11531 0
11532 0
11533 0
11534 0
11535 0
11536 0
11537 0
11538 0
11539 0
11540 0
11541 0
11542 0
11543 0
11544 0
11545 0
11546 0
11547 0
11548 0
11549 0
11550 0
11551 0
11552 0
11553 0
11554 0
11555 0
11556 0
11557 0
11558 0
11559 0
11560 0
11561 0
11562 0
11563 0
11564 0
11565 0
11566 0
11567 0
11568 0
11569 0
11570 0
11571 0
11572 0
11573 0
11574 0
11575 0
11576 0
11577 0
11578 0
11579 0
11580 0
11581 0
11582 0
11583 0
11584 0
11585 0
11586 0
11587 0
11588 0
11589 0
11590 0
11591 0
11592 0
11593 0
11594 0
11595 0
11596 0
11597 0
11598 0
11599 0
11600 0
11601 0
11602 0
11603 0
11604 0
11605 0
11606 0
11607 0
11608 0
11609 0
11610 0
11611 0
11612 0
11613 0
11614 0
11615 0
11616 0
11617 0
11618 0
11619 0
11620 0
11621 0
11622 0
11623 0
11624 0
11625 0
11626 0
11627 0
11628 0
11629 0
11630 0
11631 0
11632 0
11633 0
11634 0
11635 0
11636 0
11637 0
11638 0
11639 0
11640 0
11641 0
11642 0
11643 0
11644 0
11645 0
11646 0
11647 0
11648 0
11649 0
11650 0
11651 0
11652 0
11653 0
11654 0
11655 0
11656 0
11657 0
11658 0
11659 0
11660 0
11661 0
11662 0
11663 0
11664 0
11665 0
11666 0
11667 0
11668 0
11669 0
11670 0
11671 0
11672 0
11673 0
11674 0
11675 0
11676 0
11677 0
11678 0
11679 0
11680 0
11681 0
11682 0
11683 0
11684 0
11685 0
11686 0
11687 0
11688 0
11689 0
11690 0
11691 0
11692 0
11693 0
11694 0
11695 0
11696 0
11697 0
11698 0
11699 0
11700 0
11701 0
11702 0
11703 0
11704 0
11705 0
11706 0
11707 0
11708 0
11709 0
11710 0
11711 0
11712 0
11713 0
11714 0
11715 0
11716 0
11717 0
11718 0
11719 0
11720 0
11721 0
11722 0
11723 0
11724 0
11725 0
11726 0
11727 0
11728 0
11729 0
11730 0
11731 0
11732 0
11733 0
11734 0
11735 0
11736 0
11737 0
11738 0
11739 0
11740 0
11741 0
11742 0
11743 0
11744 0
11745 0
11746 0
11747 0
11748 0
11749 0
11750 0
11751 0
11752 0
11753 0
11754 0
11755 0
11756 0
11757 0
11758 0
11759 0
11760 0
11761 0
11762 0
11763 0
11764 0
11765 0
11766 0
11767 0
11768 0
11769 0
11770 0
11771 0
11772 0
11773 0
11774 0
11775 0
11776 0
11777 0
11778 0
11779 0
11780 0
11781 0
11782 0
11783 0
11784 0
11785 0
11786 0
11787 0
11788 0
11789 0
11790 0
11791 0
11792 0
11793 0
11794 0
11795 0
11796 0
11797 0
11798 0
11799 0
11800 0
11801 0
11802 0
11803 0
11804 0
11805 0
11806 0
11807 0
11808 0
11809 0
11810 0
11811 0
11812 0
11813 0
11814 0
11815 0
11816 0
11817 0
11818 0
11819 0
11820 0
11821 0
11822 0
11823 0
11824 0
11825 0
11826 0
11827 0
11828 0
11829 0
11830 0
11831 0
11832 0
11833 0
11834 0
11835 0
11836 0
11837 0
11838 0
11839 0
11840 0
11841 0
11842 0
11843 0
11844 0
11845 0
11846 0
11847 0
11848 0
11849 0
11850 0
11851 0
11852 0
11853 0
11854 0
11855 0
11856 0
11857 0
11858 0
11859 0
11860 0
11861 0
11862 0
11863 0
11864 0
11865 0
11866 0
11867 0
11868 0
11869 0
11870 0
11871 0
11872 0
11873 0
11874 0
11875 0
11876 0
11877 0
11878 0
11879 0
11880 0
11881 0
11882 0
11883 0
11884 0
11885 0
11886 0
11887 0
11888 0
11889 0
11890 0
11891 0
11892 0
11893 0
11894 0
11895 0
11896 0
11897 0
11898 0
11899 0
11900 0
11901 0
11902 0
11903 0
11904 0
11905 0
11906 0
11907 0
11908 0
11909 0
11910 0
11911 0
11912 0
11913 0
11914 0
11915 0
11916 0
11917 0
11918 0
11919 0
11920 0
11921 0
11922 0
11923 0
11924 0
11925 0
11926 0
11927 0
11928 0
11929 0
11930 0
11931 0
11932 0
11933 0
11934 0
11935 0
11936 0
11937 0
11938 0
11939 0
11940 0
11941 0
11942 0
11943 0
11944 0
11945 0
11946 0
11947 0
11948 0
11949 0
11950 0
11951 0
11952 0
11953 0
11954 0
11955 0
11956 0
11957 0
11958 0
11959 0
11960 0
11961 0
11962 0
11963 0
11964 0
11965 0
11966 0
11967 0
11968 0
11969 0
11970 0
11971 0
11972 0
11973 0
11974 0
11975 0
11976 0
11977 0
11978 0
11979 0
11980 0
11981 0
11982 0
11983 0
11984 0
11985 0
11986 0
11987 0
11988 0
11989 0
11990 0
11991 0
11992 0
11993 0
11994 0
11995 0
11996 0
11997 0
11998 0
11999 0
12000 0
12001 0
12002 0
12003 0
12004 0
12005 0
12006 0
12007 0
12008 0
12009 0
12010 0
12011 0
12012 0
12013 0
12014 0
12015 0
12016 0
12017 0
12018 0
12019 0
12020 0
12021 0
12022 0
12023 0
12024 0
12025 0
12026 0
12027 0
12028 0
12029 0
12030 0
12031 0
12032 0
12033 0
12034 0
12035 0
12036 0
12037 0
12038 0
12039 0
12040 0
12041 0
12042 0
12043 0
12044 0
12045 0
12046 0
12047 0
12048 0
12049 0
12050 0
12051 0
12052 0
12053 0
12054 0
12055 0
12056 0
12057 0
12058 0
12059 0
12060 0
12061 0
12062 0
12063 0
12064 0
12065 0
12066 0
12067 0
12068 0
12069 0
12070 0
12071 0
12072 0
12073 0
12074 0
12075 0
12076 0
12077 0
12078 0
12079 0
12080 0
12081 0
12082 0
12083 0
12084 0
12085 0
12086 0
12087 0
12088 0
12089 0
12090 0
12091 0
12092 0
12093 0
12094 0
12095 0
12096 0
12097 0
12098 0
12099 0
12100 0
12101 0
12102 0
12103 0
12104 0
12105 0
12106 0
12107 0
12108 0
12109 0
12110 0
12111 0
12112 0
12113 0
12114 0
12115 0
12116 0
12117 0
12118 0
12119 0
12120 0
12121 0
12122 0
12123 0
12124 0
12125 0
12126 0
12127 0
12128 0
12129 0
12130 0
12131 0
12132 0
12133 0
12134 0
12135 0
12136 0
12137 0
12138 0
12139 0
12140 0
12141 0
12142 0
12143 0
12144 39176
12145 -12256
12146 9888
12147 -12268
12148 -39204
12149 12260
12150 -9916
12151 12288
12152 39184
12153 -12240
12154 9904
12155 -12284
12156 -39204
12157 12244
12158 -9932
12159 12304
12160 39184
12161 -12224
12162 9920
12163 -12300
12164 -39204
12165 12228
12166 -9948
12167 12320
12168 39184
12169 -12208
12170 9936
12171 -12316
12172 -39204
12173 12212
12174 -9964
12175 12336
12176 39184
12177 -12192
12178 9952
12179 -12332
12180 -39204
12181 12196
12182 -9980
12183 12352
12184 39184
12185 -12176
12186 9968
12187 -12348
12188 -39204
12189 12180
12190 -9996
12191 12368
12192 39184
12193 -12160
12194 9984
12195 -12364
12196 -39204
12197 12164
12198 -10012
12199 12384
12200 39184
12201 -12144
12202 10000
12203 -12380
12204 -39204
12205 12148
12206 -10028
12207 12400
12208 39184
12209 -12128
12210 10016
12211 -12396
12212 -39204
12213 12132
12214 -10044
12215 12416
12216 39184
12217 -12112
12218 10032
12219 -12412
12220 -39204
12221 12116
12222 -10060
12223 12432
12224 39184
12225 -12096
12226 10048
12227 -12428
12228 -39204
12229 12100
12230 -10076
12231 12448
12232 39184
12233 -12080
12234 10064
12235 -12444
12236 -39204
12237 12084
12238 -10092
12239 12464
12240 39184
12241 -12064
12242 10080
12243 -12460
12244 -39204
12245 12068
12246 -10108
12247 12480
12248 39184
12249 -12048
12250 10096
12251 -12476
12252 -39204
12253 12052
12254 -10124
12255 12496
12256 39184
12257 -12032
12258 10112
12259 -12492
12260 -39204
12261 12036
12262 -10140
12263 12512
12264 39184
12265 -12016
12266 10128
12267 -12508
12268 -39204
12269 12020
12270 -10156
12271 12528
12272 39184
12273 -12000
12274 10144
12275 -12524
12276 -39204
12277 12004
12278 -10172
12279 12544
12280 39184
12281 -11984
12282 10160
12283 -12540
12284 -39204
12285 11988
12286 -10188
12287 12560
12288 39184
12289 -11968
12290 10176
12291 -12556
12292 -39204
12293 11972
12294 -10204
12295 12576
12296 39184
12297 -11952
12298 10192
12299 -12572
12300 -39204
12301 11956
12302 -10220
12303 12592
12304 39184
12305 -11936
12306 10208
12307 -12588
12308 -39204
12309 11940
12310 -10236
12311 12608
12312 39184
12313 -11920
12314 10224
12315 -12604
12316 -39204
12317 11924
12318 -10252
12319 12624
12320 39184
12321 -11904
12322 10240
12323 -12620
12324 -39204
12325 11908
12326 -10268
12327 12640
12328 39184
12329 -11888
12330 10256
12331 -12636
12332 -39204
12333 11892
12334 -10284
12335 12656
12336 39184
12337 -11872
12338 10272
12339 -12652
12340 -39204
12341 11876
12342 -10300
12343 12672
12344 39184
12345 -11856
12346 10288
12347 -12668
12348 -39204
12349 11860
12350 -10316
12351 12688
12352 39184
12353 -11840
12354 10304
12355 -12684
12356 -39204
12357 11844
12358 -10332
12359 12704
12360 39184
12361 -11824
12362 10320
12363 -12700
12364 -39204
12365 11828
12366 -10348
12367 12720
12368 39184
12369 -11808
12370 10336
12371 -12716
12372 -39204
12373 11812
12374 -10364
12375 12736
12376 39184
12377 -11792
12378 10352
12379 -12732
12380 -39204
12381 11796
12382 -10380
12383 12752
12384 39184
12385 -11776
12386 10368
12387 -12748
12388 -39204
12389 11780
12390 -10396
12391 12768
12392 39184
12393 -11760
12394 10384
12395 -12764
12396 -39204
12397 11764
12398 -10412
12399 12784
12400 39184
12401 -11744
12402 10400
12403 -12780
12404 -39204
12405 11748
12406 -10428
12407 12800
12408 39184
12409 -11728
12410 10416
12411 -12796
12412 -39204
12413 11732
12414 -10444
12415 12816
12416 39184
12417 -11712
12418 10432
12419 -12812
12420 -39204
12421 11716
12422 -10460
12423 12832
12424 39184
12425 -11696
12426 10448
12427 -12828
12428 -39204
12429 11700
12430 -10476
12431 12848
12432 39184
12433 -11680
12434 10464
12435 -12844
12436 -39204
12437 11684
12438 -10492
12439 12864
12440 39184
12441 -11664
12442 10480
12443 -12860
12444 -39204
12445 11668
12446 -10508
12447 12880
12448 39184
12449 -11648
12450 10496
12451 -12876
12452 -39204
12453 11652
12454 -10524
12455 12896
12456 39184
12457 -11632
12458 10512
12459 -12892
12460 -39204
12461 11636
12462 -10540
12463 12912
12464 39184
12465 -11616
12466 10528
12467 -12908
12468 -39204
12469 11620
12470 -10556
12471 12928
12472 39184
12473 -11600
12474 10544
12475 -12924
12476 -39204
12477 11604
12478 -10572
12479 12944
12480 39184
12481 -11584
12482 10560
12483 -12940
12484 -39204
12485 11588
12486 -10588
12487 12960
12488 39184
12489 -11568
12490 10576
12491 -12956
12492 -39204
12493 11572
12494 -10604
12495 12976
12496 39184
12497 -11552
12498 10592
12499 -12972
12500 -39204
12501 11556
12502 -10620
12503 12992
12504 39184
12505 -11536
12506 10608
12507 -12988
12508 -39204
12509 11540
12510 -10636
12511 13008
12512 39184
12513 -11520
12514 10624
12515 -13004
12516 -39204
12517 11524
12518 -10652
12519 13024
12520 39184
12521 -11504
12522 10640
12523 -13020
12524 -39204
12525 11508
12526 -10668
12527 13040
12528 39184
12529 -11488
12530 10656
12531 -13036
12532 -39204
12533 11492
12534 -10684
12535 13056
12536 39184
12537 -11472
12538 10672
12539 -13052
12540 -39204
12541 11476
12542 -10700
12543 13072
12544 39184
12545 -11456
12546 10688
12547 -13068
12548 -39204
12549 11460
12550 -10716
12551 13088
12552 39184
12553 -11440
12554 10704
12555 -13084
12556 -39204
12557 11444
12558 -10732
12559 13104
12560 39184
12561 -11424
12562 10720
12563 -13100
12564 -39204
12565 11428
12566 -10748
12567 13120
12568 39184
12569 -11408
12570 10736
12571 -13116
12572 -39204
12573 11412
12574 -10764
12575 13136
12576 39184
12577 -11392
12578 10752
12579 -13132
12580 -39204
12581 11396
12582 -10780
12583 13152
12584 39184
12585 -11376
12586 10768
12587 -13148
12588 -39204
12589 11380
12590 -10796
12591 13168
12592 39184
12593 -11360
12594 10784
12595 -13164
12596 -39204
12597 11364
12598 -10812
12599 13184
12600 39184
12601 -11344
12602 10800
12603 -13180
12604 -39204
12605 11348
12606 -10828
12607 13200
12608 39184
12609 -11328
12610 10816
12611 -13196
12612 -39204
12613 11332
12614 -10844
12615 13216
12616 39184
12617 -11312
12618 10832
12619 -13212
12620 -39204
12621 11316
12622 -10860
12623 13232
12624 39184
12625 -11296
12626 10848
12627 -13228
12628 -39204
12629 11300
12630 -10876
12631 13248
12632 39184
12633 -11280
12634 10864
12635 -13244
12636 -39204
12637 11284
12638 -10892
12639 13264
12640 39184
12641 -11264
12642 10880
12643 -13260
12644 -39204
12645 11268
12646 -10908
12647 13280
12648 39184
12649 -11248
12650 10896
12651 -13276
12652 -39204
12653 11252
12654 -10924
12655 13296
12656 39184
12657 -11232
12658 10912
12659 -13292
12660 -39204
12661 11236
12662 -10940
12663 13312
12664 39184
12665 -11216
12666 10928
12667 -13308
12668 -39204
12669 11220
12670 -10956
12671 13328
12672 39184
12673 -11200
12674 10944
12675 -13324
12676 -39204
12677 11204
12678 -10972
12679 13344
12680 39184
12681 -11184
12682 10960
12683 -13340
12684 -39204
12685 11188
12686 -10988
12687 13360
12688 39184
12689 -11168
12690 10976
12691 -13356
12692 -39204
12693 11172
12694 -11004
12695 13376
12696 39184
12697 -11152
12698 10992
12699 -13372
12700 -39204
12701 11156
12702 -11020
12703 13392
12704 39184
12705 -11136
12706 11008
12707 -13388
12708 -39204
12709 11140
12710 -11036
12711 13408
12712 39184
12713 -11120
12714 11024
12715 -13404
12716 -39204
12717 11124
12718 -11052
12719 13424
12720 39184
12721 -11104
12722 11040
12723 -13420
12724 -39204
12725 11108
12726 -11068
12727 13440
12728 39184
12729 -11088
12730 11056
12731 -13436
12732 -39204
12733 11092
12734 -11084
12735 13456
12736 39184
12737 -11072
12738 11072
12739 -13452
12740 -39204
12741 11076
12742 -11100
12743 13472
12744 39184
12745 -11056
12746 11088
12747 -13468
12748 -39204
12749 11060
12750 -11116
12751 13488
12752 39184
12753 -11040
12754 11104
12755 -13484
12756 -39204
12757 11044
12758 -11132
12759 13504
12760 39184
12761 -11024
12762 11120
12763 -13500
12764 -39204
12765 11028
12766 -11148
12767 13520
12768 39184
12769 -11008
12770 11136
12771 -13516
12772 -39204
12773 11012
12774 -11164
12775 13536
12776 39184
12777 -10992
12778 11152
12779 -13532
12780 -39204
12781 10996
12782 -11180
12783 13552
12784 39184
12785 -10976
12786 11168
12787 -13548
12788 -39204
12789 10980
12790 -11196
12791 13568
12792 39184
12793 -10960
12794 11184
12795 -13564
12796 -39204
12797 10964
12798 -11212
12799 13584
12800 39184
12801 -10944
12802 11200
12803 -13580
12804 -39204
12805 10948
12806 -11228
12807 13600
12808 39184
12809 -10928
12810 11216
12811 -13596
12812 -39204
12813 10932
12814 -11244
12815 13616
12816 39184
12817 -10912
12818 11232
12819 -13612
12820 -39204
12821 10916
12822 -11260
12823 13632
12824 39184
12825 -10896
12826 11248
12827 -13628
12828 -39204
12829 10900
12830 -11276
12831 13648
12832 39184
12833 -10880
12834 11264
12835 -13644
12836 -39204
12837 10884
12838 -11292
12839 13664
12840 39184
12841 -10864
12842 11280
12843 -13660
12844 -39204
12845 10868
12846 -11308
12847 13680
12848 39184
12849 -10848
12850 11296
12851 -13676
12852 -39204
12853 10852
12854 -11324
12855 13696
12856 39184
12857 -10832
12858 11312
12859 -13692
12860 -39204
12861 10836
12862 -11340
12863 13712
12864 39184
12865 -10816
12866 11328
12867 -13708
12868 -39204
12869 10820
12870 -11356
12871 13728
12872 39184
12873 -10800
12874 11344
12875 -13724
12876 -39204
12877 10804
12878 -11372
12879 13744
12880 39184
12881 -10784
12882 11360
12883 -13740
12884 -39204
12885 10788
12886 -11388
12887 13760
12888 39184
12889 -10768
12890 11376
12891 -13756
12892 -39204
12893 10772
12894 -11404
12895 13776
12896 39184
12897 -10752
12898 11392
12899 -13772
12900 -39204
12901 10756
12902 -11420
12903 13792
12904 39184
12905 -10736
12906 11408
12907 -13788
12908 -39204
12909 10740
12910 -11436
12911 13808
12912 39184
12913 -10720
12914 11424
12915 -13804
12916 -39204
12917 10724
12918 -11452
12919 13824
12920 39184
12921 -10704
12922 11440
12923 -13820
12924 -39204
12925 10708
12926 -11468
12927 13840
12928 39184
12929 -10688
12930 11456
12931 -13836
12932 -39204
12933 10692
12934 -11484
12935 13856
12936 39184
12937 -10672
12938 11472
12939 -13852
12940 -39204
12941 10676
12942 -11500
12943 13872
12944 39184
12945 -10656
12946 11488
12947 -13868
12948 -39204
12949 10660
12950 -11516
12951 13888
12952 39184
12953 -10640
12954 11504
12955 -13884
12956 -39204
12957 10644
12958 -11532
12959 13904
12960 39184
12961 -10624
12962 11520
12963 -13900
12964 -39204
12965 10628
12966 -11548
12967 13920
12968 39184
12969 -10608
12970 11536
12971 -13916
12972 -39204
12973 10612
12974 -11564
12975 13936
12976 39184
12977 -10592
12978 11552
12979 -13932
12980 -39204
12981 10596
12982 -11580
12983 13952
12984 39184
12985 -10576
12986 11568
12987 -13948
12988 -39204
12989 10580
12990 -11596
12991 13968
12992 39184
12993 -10560
12994 11584
12995 -13964
12996 -39204
12997 10564
12998 -11612
12999 13984
13000 39184
13001 -10544
13002 11600
13003 -13980
13004 -39204
13005 10548
13006 -11628
13007 14000
13008 39184
13009 -10528
13010 11616
13011 -13996
13012 -39204
13013 10532
13014 -11644
13015 14016
13016 39184
13017 -10512
13018 11632
13019 -14012
13020 -39204
13021 10516
13022 -11660
13023 14032
13024 39184
13025 -10496
13026 11648
13027 -14028
13028 -39204
13029 10500
13030 -11676
13031 14048
13032 39184
13033 -10480
13034 11664
13035 -14044
13036 -39204
13037 10484
13038 -11692
13039 14064
13040 39184
13041 -10464
13042 11680
13043 -14060
13044 -39204
13045 10468
13046 -11708
13047 14080
13048 39184
13049 -10448
13050 11696
13051 -14076
13052 -39204
13053 10452
13054 -11724
13055 14096
13056 39184
13057 -10432
13058 11712
13059 -14092
13060 -39204
13061 10436
13062 -11740
13063 14112
13064 39184
13065 -10416
13066 11728
13067 -14108
13068 -39204
13069 10420
13070 -11756
13071 14128
13072 39184
13073 -10400
13074 11744
13075 -14124
13076 -39204
13077 10404
13078 -11772
13079 14144
13080 39184
13081 -10384
13082 11760
13083 -14140
13084 -39204
13085 10388
13086 -11788
13087 14160
13088 39184
13089 -10368
13090 11776
13091 -14156
13092 -39204
13093 10372
13094 -11804
13095 14176
13096 39184
13097 -10352
13098 11792
13099 -14172
13100 -39204
13101 10356
13102 -11820
13103 14192
13104 39184
13105 -10336
13106 11808
13107 -14188
13108 -39204
13109 10340
13110 -11836
13111 14208
13112 39184
13113 -10320
13114 11824
13115 -14204
13116 -39204
13117 10324
13118 -11852
13119 14224
13120 39184
13121 -10304
13122 11840
13123 -14220
13124 -39204
13125 10308
13126 -11868
13127 14240
13128 39184
13129 -10288
13130 11856
13131 -14236
13132 -39204
13133 10292
13134 -11884
13135 14256
13136 39184
13137 -10272
13138 11872
13139 -14252
13140 -39204
13141 10276
13142 -11900
13143 14272
13144 39184
13145 -10256
13146 11888
13147 -14268
13148 -39204
13149 10260
13150 -11916
13151 14288
13152 39184
13153 -10240
13154 11904
13155 -14284
13156 -39204
13157 10244
13158 -11932
13159 14304
13160 39184
13161 -10224
13162 11920
13163 -14300
13164 -39204
13165 10228
13166 -11948
13167 14320
13168 39184
13169 -10208
13170 11936
13171 -14316
13172 -39204
13173 10212
13174 -11964
13175 14336
13176 39184
13177 -10192
13178 11952
13179 -14332
13180 -39204
13181 10196
13182 -11980
13183 14352
13184 39184
13185 -10176
13186 11968
13187 -14348
13188 -39204
13189 10180
13190 -11996
13191 14368
13192 39184
13193 -10160
13194 11984
13195 -14364
13196 -39204
13197 10164
13198 -12012
13199 14384
13200 39184
13201 -10144
13202 12000
13203 -14380
13204 -39204
13205 10148
13206 -12028
13207 14400
13208 39184
13209 -10128
13210 12016
13211 -14396
13212 -39204
13213 10132
13214 -12044
13215 14416
13216 39184
13217 -10112
13218 12032
13219 -14412
13220 -39204
13221 10116
13222 -12060
13223 14432
13224 39184
13225 -10096
13226 12048
13227 -14428
13228 -39204
13229 10100
13230 -12076
13231 14448
13232 39184
13233 -10080
13234 12064
13235 -14444
13236 -39204
13237 10084
13238 -12092
13239 14464
13240 39184
13241 -10064
13242 12080
13243 -14460
13244 -39204
13245 10068
13246 -12108
13247 14480
13248 39184
13249 -10048
13250 12096
13251 -14476
13252 -39204
13253 10052
13254 -12124
13255 14496
13256 39184
13257 -10032
13258 12112
13259 -14492
13260 -39204
13261 10036
13262 -12140
13263 14512
13264 39184
13265 -10016
13266 12128
13267 -14508
13268 -39204
13269 10020
13270 -12156
13271 14528
13272 39184
13273 -10000
13274 12144
13275 -14524
13276 -39204
13277 10004
13278 -12172
13279 14544
13280 39184
13281 -9984
13282 12160
13283 -14540
13284 -39204
13285 9988
13286 -12188
13287 14560
13288 39184
13289 -9968
13290 12176
13291 -14556
13292 -39204
13293 9972
13294 -12204
13295 14576
13296 39184
13297 -9952
13298 12192
13299 -14572
13300 -39204
13301 9956
# term 13302 was missing, set to zero 
13302 0
13303 12220
13304 14592
13305 39184
13306 -9936
13307 12208
13308 -14588
13309 -39204
13310 9940
13311 -12236
13312 14608
13313 39184
13314 -9920
13315 12224
13316 -14604
13317 -39204
13318 9924
13319 -12252
13320 14624
13321 39184
13322 -9904
13323 12240
13324 -14620
13325 -39204
13326 9908
13327 -12268
13328 14640
13329 39184
13330 -9888
13331 12256
13332 -14636
13333 -39204
13334 9892
13335 -12284
13336 14656
13337 39184
13338 -9872
13339 12272
13340 -14652
13341 -39204
13342 9876
13343 -12300
13344 14672
13345 39184
13346 -9856
13347 12288
13348 -14668
13349 -39204
13350 9860
13351 -12316
13352 14688
13353 39184
13354 -9840
13355 12304
13356 -14684
13357 -39204
13358 9844
13359 -12332
13360 14704
13361 39184
13362 -9824
13363 12320
13364 -14700
13365 -39204
13366 9828
13367 -12348
13368 14720
13369 39184
13370 -9808
13371 12336
13372 -14716
13373 -39204
13374 9812
13375 -12364
13376 14736
13377 39184
13378 -9792
13379 12352
13380 -14732
13381 -39204
13382 9796
13383 -12380
13384 14752
13385 39184
13386 -9776
13387 12368
13388 -14748
13389 -39204
13390 9780
13391 -12396
13392 14768
13393 39184
13394 -9760
13395 12384
13396 -14764
13397 -39204
13398 9764
13399 -12412
13400 14784
13401 39184
13402 -9744
13403 12400
13404 -14780
13405 -39204
13406 9748
13407 -12428
13408 14800
13409 39184
13410 -9728
13411 12416
13412 -14796
13413 -39204
13414 9732
13415 -12444
13416 14816
13417 39184
13418 -9712
13419 12432
13420 -14812
13421 -39204
13422 9716
13423 -12460
13424 14832
13425 39184
13426 -9696
13427 12448
13428 -14828
13429 -39204
13430 9700
13431 -12476
13432 14848
13433 39184
13434 -9680
13435 12464
13436 -14844
13437 -39204
13438 9684
13439 -12492
13440 14864
13441 39184
13442 -9664
13443 12480
13444 -14860
13445 -39204
13446 9668
13447 -12508
13448 14880
13449 39184
13450 -9648
13451 12496
13452 -14876
13453 -39204
13454 9652
13455 -12524
13456 14896
13457 39184
13458 -9632
13459 12512
13460 -14892
13461 -39204
13462 9636
13463 -12540
13464 14912
13465 39184
13466 -9616
13467 12528
13468 -14908
13469 -39204
13470 9620
13471 -12556
13472 14928
13473 39184
13474 -9600
13475 12544
13476 -14924
13477 -39204
13478 9604
13479 -12572
13480 14944
13481 39184
13482 -9584
13483 12560
13484 -14940
13485 -39204
13486 9588
13487 -12588
13488 14960
13489 39184
13490 -9568
13491 12576
13492 -14956
13493 -39204
13494 9572
13495 -12604
13496 14976
13497 39184
13498 -9552
13499 12592
13500 -14972
13501 -39204
13502 9556
13503 -12620
13504 14992
13505 39184
13506 -9536
13507 12608
13508 -14988
13509 -39204
13510 9540
13511 -12636
13512 15008
13513 39184
13514 -9520
13515 12624
13516 -15004
13517 -39204
13518 9524
13519 -12652
13520 15024
13521 39184
13522 -9504
13523 12640
13524 -15020
13525 -39204
13526 9508
13527 -12668
13528 15040
13529 39184
13530 -9488
13531 12656
13532 -15036
13533 -39204
13534 9492
13535 -12684
13536 15056
13537 39184
13538 -9472
13539 12672
13540 -15052
13541 -39204
13542 9476
13543 -12700
13544 15072
13545 39184
13546 -9456
13547 12688
13548 -15068
13549 -39204
13550 9460
13551 -12716
13552 15088
13553 39184
13554 -9440
13555 12704
13556 -15084
13557 -39204
13558 9444
13559 -12732
13560 15104
13561 39184
13562 -9424
13563 12720
13564 -15100
13565 -39204
13566 9428
13567 -12748
13568 15120
13569 39184
13570 -9408
13571 12736
13572 -15116
13573 -39204
13574 9412
13575 -12764
13576 15136
13577 39184
13578 -9392
13579 12752
13580 -15132
13581 -39204
13582 9396
13583 -12780
13584 15152
13585 39184
13586 -9376
13587 12768
13588 -15148
13589 -39204
13590 9380
13591 -12796
13592 15168
13593 39184
13594 -9360
13595 12784
13596 -15164
13597 -39204
13598 9364
13599 -12812
13600 15184
13601 39184
13602 -9344
13603 12800
13604 -15180
13605 -39204
13606 9348
13607 -12828
13608 15200
13609 39184
13610 -9328
13611 12816
13612 -15196
13613 -39204
13614 9332
13615 -12844
13616 15216
13617 39184
13618 -9312
13619 12832
13620 -15212
13621 -39204
13622 9316
13623 -12860
13624 15232
13625 39184
13626 -9296
13627 12848
13628 -15228
13629 -39204
13630 9300
13631 -12876
13632 15248
13633 39184
13634 -9280
13635 12864
13636 -15244
13637 -39204
13638 9284
13639 -12892
13640 15264
13641 39184
13642 -9264
13643 12880
13644 -15260
13645 -39204
13646 9268
13647 -12908
13648 15280
13649 39184
13650 -9248
13651 12896
13652 -15276
13653 -39204
13654 9252
13655 -12924
13656 15296
13657 39184
13658 -9232
13659 12912
13660 -15292
13661 -39204
13662 9236
13663 -12940
13664 15312
13665 39184
13666 -9216
13667 12928
13668 -15308
13669 -39204
13670 9220
13671 -12956
13672 15328
13673 39184
13674 -9200
13675 12944
13676 -15324
13677 -39204
13678 9204
13679 -12972
13680 15344
13681 39184
13682 -9184
13683 12960
13684 -15340
13685 -39204
13686 9188
13687 -12988
13688 15360
13689 39184
13690 -9168
13691 12976
13692 -15356
13693 -39204
13694 9172
13695 -13004
13696 15376
13697 39184
13698 -9152
13699 12992
13700 -15372
13701 -39204
13702 9156
13703 -13020
13704 15392
13705 39184
13706 -9136
13707 13008
13708 -15388
13709 -39204
13710 9140
13711 -13036
13712 15408
13713 39184
13714 -9120
13715 13024
13716 -15404
13717 -39204
13718 9124
13719 -13052
13720 15424
13721 39184
13722 -9104
13723 13040
13724 -15420
13725 -39204
13726 9108
13727 -13068
13728 15440
13729 39184
13730 -9088
13731 13056
13732 -15436
13733 -39204
13734 9092
13735 -13084
13736 15456
13737 39184
13738 -9072
13739 13072
13740 -15452
13741 -39204
13742 9076
13743 -13100
13744 15472
13745 39184
13746 -9056
13747 13088
13748 -15468
13749 -39204
13750 9060
13751 -13116
13752 15488
13753 39184
13754 -9040
13755 13104
13756 -15484
13757 -39204
13758 9044
13759 -13132
13760 15504
13761 39184
13762 -9024
13763 13120
13764 -15500
13765 -39204
13766 9028
13767 -13148
13768 15520
13769 39184
13770 -9008
13771 13136
13772 -15516
13773 -39204
13774 9012
13775 -13164
13776 15536
13777 39184
13778 -8992
13779 13152
13780 -15532
13781 -39204
13782 8996
13783 -13180
13784 15552
13785 39184
13786 -8976
13787 13168
13788 -15548
13789 -39204
13790 8980
13791 -13196
13792 15568
13793 39184
13794 -8960
13795 13184
13796 -15564
13797 -39204
13798 8964
13799 -13212
13800 15584
13801 39184
13802 -8944
13803 13200
13804 -15580
13805 -39204
13806 8948
13807 -13228
13808 15600
13809 39184
13810 -8928
13811 13216
13812 -15596
13813 -39204
13814 8932
13815 -13244
13816 15616
13817 39184
13818 -8912
13819 13232
13820 -15612
13821 -39204
13822 8916
13823 -13260
13824 15632
13825 39184
13826 -8896
13827 13248
13828 -15628
13829 -39204
13830 8900
13831 -13276
13832 15648
13833 39184
13834 -8880
13835 13264
13836 -15644
13837 -39204
13838 8884
13839 -13292
13840 15664
13841 39184
13842 -8864
13843 13280
13844 -15660
13845 -39204
13846 8868
13847 -13308
13848 15680
13849 39184
13850 -8848
13851 13296
13852 -15676
13853 -39204
13854 8852
13855 -13324
13856 15696
13857 39184
13858 -8832
13859 13312
13860 -15692
13861 -39204
13862 8836
13863 -13340
13864 15712
13865 39184
13866 -8816
13867 13328
13868 -15708
13869 -39204
13870 8820
13871 -13356
13872 15728
13873 39184
13874 -8800
13875 13344
13876 -15724
13877 -39204
13878 8804
13879 -13372
13880 15744
13881 39184
13882 -8784
13883 13360
13884 -15740
13885 -39204
13886 8788
13887 -13388
13888 15760
13889 39184
13890 -8768
13891 13376
13892 -15756
13893 -39204
13894 8772
13895 -13404
13896 15776
13897 39184
13898 -8752
13899 13392
13900 -15772
13901 -39204
13902 8756
13903 -13420
13904 15792
13905 39184
13906 -8736
13907 13408
13908 -15788
13909 -39204
13910 8740
13911 -13436
13912 15808
13913 39184
13914 -8720
13915 13424
13916 -15804
13917 -39204
13918 8724
13919 -13452
13920 15824
13921 39184
13922 -8704
13923 13440
13924 -15820
13925 -39204
13926 8708
13927 -13468
13928 15840
13929 39184
13930 -8688
13931 13456
13932 -15836
13933 -39204
13934 8692
13935 -13484
13936 15856
13937 39184
13938 -8672
13939 13472
13940 -15852
13941 -39204
13942 8676
13943 -13500
13944 15872
13945 39184
13946 -8656
13947 13488
13948 -15868
13949 -39204
13950 8660
13951 -13516
13952 15888
13953 39184
13954 -8640
13955 13504
13956 -15884
13957 -39204
13958 8644
13959 -13532
13960 15904
13961 39184
13962 -8624
13963 13520
13964 -15900
13965 -39204
13966 8628
13967 -13548
13968 15920
13969 39184
13970 -8608
13971 13536
13972 -15916
13973 -39204
13974 8612
13975 -13564
13976 15936
13977 39184
13978 -8592
13979 13552
13980 -15932
13981 -39204
13982 8596
13983 -13580
13984 15952
13985 39184
13986 -8576
13987 13568
13988 -15948
13989 -39204
13990 8580
13991 -13596
13992 15968
13993 39184
13994 -8560
13995 13584
13996 -15964
13997 -39204
13998 8564
13999 -13612
14000 15984
14001 39184
14002 -8544
14003 13600
14004 -15980
14005 -39204
14006 8548
14007 -13628
14008 16000
14009 39184
14010 -8528
14011 13616
14012 -15996
14013 -39204
14014 8532
14015 -13644
14016 16016
14017 39184
14018 -8512
14019 13632
14020 -16012
14021 -39204
14022 8516
14023 -13660
14024 16032
14025 39184
14026 -8496
14027 13648
14028 -16028
14029 -39204
14030 8500
14031 -13676
14032 16048
14033 39184
14034 -8480
14035 13664
14036 -16044
14037 -39204
14038 8484
14039 -13692
14040 16064
14041 39184
14042 -8464
14043 13680
14044 -16060
14045 -39204
14046 8468
14047 -13708
14048 16080
14049 39184
14050 -8448
14051 13696
14052 -16076
14053 -39204
14054 8452
14055 -13724
14056 16096
14057 39184
14058 -8432
14059 13712
14060 -16092
14061 -39204
14062 8436
14063 -13740
14064 16112
14065 39184
14066 -8416
14067 13728
14068 -16108
14069 -39204
14070 8420
14071 -13756
14072 16128
14073 39184
14074 -8400
14075 13744
14076 -16124
14077 -39204
14078 8404
14079 -13772
14080 16144
14081 39184
14082 -8384
14083 13760
14084 -16140
14085 -39204
14086 8388
14087 -13788
14088 16160
14089 39184
14090 -8368
14091 13776
14092 -16156
14093 -39204
14094 8372
14095 -13804
14096 16176
14097 39184
14098 -8352
14099 13792
14100 -16172
14101 -39204
14102 8356
14103 -13820
14104 16192
14105 39184
14106 -8336
14107 13808
14108 -16188
14109 -39204
14110 8340
14111 -13836
14112 16208
14113 39184
14114 -8320
14115 13824
14116 -16204
14117 -39204
14118 8324
14119 -13852
14120 16224
14121 39184
14122 -8304
14123 13840
14124 -16220
14125 -39204
14126 8308
14127 -13868
14128 16240
14129 39184
14130 -8288
14131 13856
14132 -16236
14133 -39204
14134 8292
14135 -13884
14136 16256
14137 39184
14138 -8272
14139 13872
14140 -16252
14141 -39204
14142 8276
14143 -13900
14144 16272
14145 39184
14146 -8256
14147 13888
14148 -16268
14149 -39204
14150 8260
14151 -13916
14152 16288
14153 39184
14154 -8240
14155 13904
14156 -16284
14157 -39204
14158 8244
14159 -13932
14160 16304
14161 39184
14162 -8224
14163 13920
14164 -16300
14165 -39204
14166 8228
14167 -13948
14168 16320
14169 39184
14170 -8208
14171 13936
14172 -16316
14173 -39204
14174 8212
14175 -13964
14176 16336
14177 39184
14178 -8192
14179 13952
14180 -16332
14181 -39204
14182 8196
14183 -13980
14184 16352
14185 39184
14186 -8176
14187 13968
14188 -16348
14189 -39204
14190 8180
14191 -13996
14192 16368
14193 39184
14194 -8160
14195 13984
14196 -16364
14197 -39204
14198 8164
14199 -14012
14200 16384
14201 39184
14202 -8144
14203 14000
14204 -16380
14205 -39204
14206 8148
14207 -14028
14208 16400
14209 39184
14210 -8128
14211 14016
14212 -16396
14213 -39204
14214 8132
14215 -14044
14216 16416
14217 39184
14218 -8112
14219 14032
14220 -16412
14221 -39204
14222 8116
14223 -14060
14224 16432
14225 39184
14226 -8096
14227 14048
14228 -16428
14229 -39204
14230 8100
14231 -14076
14232 16448
14233 39184
14234 -8080
14235 14064
14236 -16444
14237 -39204
14238 8084
14239 -14092
14240 16464
14241 39184
14242 -8064
14243 14080
14244 -16460
14245 -39204
14246 8068
14247 -14108
14248 16480
14249 39184
14250 -8048
14251 14096
14252 -16476
14253 -39204
14254 8052
14255 -14124
14256 16496
14257 39184
14258 -8032
14259 14112
14260 -16492
14261 -39204
14262 8036
14263 -14140
14264 16512
14265 39184
14266 -8016
14267 14128
14268 -16508
14269 -39204
14270 8020
14271 -14156
14272 16528
14273 39184
14274 -8000
14275 14144
14276 -16524
14277 -39204
14278 8004
14279 -14172
14280 16544
14281 39184
14282 -7984
14283 14160
14284 -16540
14285 -39204
14286 7988
14287 -14188
14288 16560
14289 39184
14290 -7968
14291 14176
14292 -16556
14293 -39204
14294 7972
14295 -14204
14296 16576
14297 39184
14298 -7952
14299 14192
14300 -16572
14301 -39204
14302 7956
14303 -14220
14304 16592
14305 39184
14306 -7936
14307 14208
14308 -16588
14309 -39204
14310 7940
14311 -14236
14312 16608
14313 39184
14314 -7920
14315 14224
14316 -16604
14317 -39204
14318 7924
14319 -14252
14320 16624
14321 39184
14322 -7904
14323 14240
14324 -16620
14325 -39204
14326 7908
14327 -14268
14328 16640
14329 39184
14330 -7888
14331 14256
14332 -16636
14333 -39204
14334 7892
14335 -14284
14336 16656
14337 39184
14338 -7872
14339 14272
14340 -16652
14341 -39204
14342 7876
14343 -14300
14344 16672
14345 39184
14346 -7856
14347 14288
14348 -16668
14349 -39204
14350 7860
14351 -14316
14352 16688
14353 39184
14354 -7840
14355 14304
14356 -16684
14357 -39204
14358 7844
14359 -14332
14360 16704
14361 39184
14362 -7824
14363 14320
14364 -16700
14365 -39204
14366 7828
14367 -14348
14368 16720
14369 39184
14370 -7808
14371 14336
14372 -16716
14373 -39204
14374 7812
14375 -14364
14376 16736
14377 39184
14378 -7792
14379 14352
14380 -16732
14381 -39204
14382 7796
14383 -14380
14384 16752
14385 39184
14386 -7776
14387 14368
14388 -16748
14389 -39204
14390 7780
14391 -14396
14392 16768
14393 39184
14394 -7760
14395 14384
14396 -16764
14397 -39204
14398 7764
14399 -14412
14400 16784
14401 39184
14402 -7744
14403 14400
14404 -16780
14405 -39204
14406 7748
14407 -14428
14408 16800
14409 39184
14410 -7728
14411 14416
14412 -16796
14413 -39204
14414 7732
14415 -14444
14416 16816
14417 39184
14418 -7712
14419 14432
14420 -16812
14421 -39204
14422 7716
14423 -14460
14424 16832
14425 39184
14426 -7696
14427 14448
14428 -16828
14429 -39204
14430 7700
14431 -14476
14432 16848
14433 39184
14434 -7680
14435 14464
14436 -16844
14437 -39204
14438 7684
14439 -14492
14440 16864
14441 39184
14442 -7664
14443 14480
14444 -16860
14445 -39204
14446 7668
14447 -14508
14448 16880
14449 39184
14450 -7648
14451 14496
14452 -16876
14453 -39204
14454 7652
14455 -14524
14456 16896
14457 39184
14458 -7632
14459 14512
14460 -16892
14461 -39204
14462 7636
14463 -14540
14464 16912
14465 39184
14466 -7616
14467 14528
14468 -16908
14469 -39204
14470 7620
14471 -14556
14472 16928
14473 39184
14474 -7600
14475 14544
14476 -16924
14477 -39204
14478 7604
14479 -14572
14480 16944
14481 39184
14482 -7584
14483 14560
14484 -16940
14485 -39204
14486 7588
14487 -14588
14488 16960
14489 39184
14490 -7568
14491 14576
14492 -16956
14493 -39204
14494 7572
14495 -14604
14496 16976
14497 39184
14498 -7552
14499 14592
14500 -16972
14501 -39204
14502 7556
14503 -14620
14504 16992
14505 39184
14506 -7536
14507 14608
14508 -16988
14509 -39204
14510 7540
14511 -14636
14512 17008
14513 39184
14514 -7520
14515 14624
14516 -17004
14517 -39204
14518 7524
14519 -14652
14520 17024
14521 39184
14522 -7504
14523 14640
14524 -17020
14525 -39204
14526 7508
14527 -14668
14528 17040
14529 39184
14530 -7488
14531 14656
14532 -17036
14533 -39204
14534 7492
14535 -14684
14536 17056
14537 39184
14538 -7472
14539 14672
14540 -17052
14541 -39204
14542 7476
14543 -14700
14544 17072
14545 39184
14546 -7456
14547 14688
14548 -17068
14549 -39204
14550 7460
14551 -14716
14552 17088
14553 39184
14554 -7440
14555 14704
14556 -17084
14557 -39204
14558 7444
14559 -14732
14560 17104
14561 39184
14562 -7424
14563 14720
14564 -17100
14565 -39204
14566 7428
14567 -14748
14568 17120
14569 39184
14570 -7408
14571 14736
14572 -17116
14573 -39204
14574 7412
14575 -14764
14576 17136
14577 39184
14578 -7392
14579 14752
14580 -17132
14581 -39204
14582 7396
14583 -14780
14584 17152
14585 39184
14586 -7376
14587 14768
14588 -17148
14589 -39204
14590 7380
14591 -14796
14592 17168
14593 39184
14594 -7360
14595 14784
14596 -17164
14597 -39204
14598 7364
14599 -14812
14600 17184
14601 39184
14602 -7344
14603 14800
14604 -17180
14605 -39204
14606 7348
14607 -14828
14608 17200
14609 39184
14610 -7328
14611 14816
14612 -17196
14613 -39204
14614 7332
14615 -14844
14616 17216
14617 39184
14618 -7312
14619 14832
14620 -17212
14621 -39204
14622 7316
14623 -14860
14624 17232
14625 39184
14626 -7296
14627 14848
14628 -17228
14629 -39204
14630 7300
14631 -14876
14632 17248
14633 39184
14634 -7280
14635 14864
14636 -17244
14637 -39204
14638 7284
14639 -14892
14640 17264
14641 39184
14642 -7264
14643 14880
14644 -17260
14645 -39204
14646 7268
14647 -14908
14648 17280
14649 39184
14650 -7248
14651 14896
14652 -17276
14653 -39204
14654 7252
14655 -14924
14656 17296
14657 39184
14658 -7232
14659 14912
14660 -17292
14661 -39204
14662 7236
14663 -14940
14664 17312
14665 39184
14666 -7216
14667 14928
14668 -17308
14669 -39204
14670 7220
14671 -14956
14672 17328
14673 39184
14674 -7200
14675 14944
14676 -17324
14677 -39204
14678 7204
14679 -14972
14680 17344
14681 39184
14682 -7184
14683 14960
14684 -17340
14685 -39204
14686 7188
14687 -14988
14688 17360
14689 39184
14690 -7168
14691 14976
14692 -17356
14693 -39204
14694 7172
14695 -15004
14696 17376
14697 39184
14698 -7152
14699 14992
14700 -17372
14701 -39204
14702 7156
14703 -15020
14704 17392
14705 39184
14706 -7136
14707 15008
14708 -17388
14709 -39204
14710 7140
14711 -15036
14712 17408
14713 39184
14714 -7120
14715 15024
14716 -17404
14717 -39204
14718 7124
14719 -15052
14720 17424
14721 39184
14722 -7104
14723 15040
14724 -17420
14725 -39204
14726 7108
14727 -15068
14728 17440
14729 39184
14730 -7088
14731 15056
14732 -17436
14733 -39204
14734 7092
14735 -15084
14736 17456
14737 39184
14738 -7072
14739 15072
14740 -17452
14741 -39204
14742 7076
14743 -15100
14744 17472
14745 39184
14746 -7056
14747 15088
14748 -17468
14749 -39204
14750 7060
14751 -15116
14752 17488
14753 39184
14754 -7040
14755 15104
14756 -17484
14757 -39204
14758 7044
14759 -15132
14760 17504
14761 39184
14762 -7024
14763 15120
14764 -17500
14765 -39204
14766 7028
14767 -15148
14768 17520
14769 39184
14770 -7008
14771 15136
14772 -17516
14773 -39204
14774 7012
14775 -15164
14776 17536
14777 39184
14778 -6992
14779 15152
14780 -17532
14781 -39204
14782 6996
14783 -15180
14784 17552
14785 39184
14786 -6976
14787 15168
14788 -17548
14789 -39204
14790 6980
14791 -15196
14792 17568
14793 39184
14794 -6960
14795 15184
14796 -17564
14797 -39204
14798 6964
14799 -15212
14800 17584
14801 39184
14802 -6944
14803 15200
14804 -17580
14805 -39204
14806 6948
14807 -15228
14808 17600
14809 39184
14810 -6928
14811 15216
14812 -17596
14813 -39204
14814 6932
14815 -15244
14816 17616
14817 39184
14818 -6912
14819 15232
14820 -17612
14821 -39204
14822 6916
14823 -15260
14824 17632
14825 39184
14826 -6896
14827 15248
14828 -17628
14829 -39204
14830 6900
14831 -15276
14832 17648
14833 39184
14834 -6880
14835 15264
14836 -17644
14837 -39204
14838 6884
14839 -15292
14840 17664
14841 39184
14842 -6864
14843 15280
14844 -17660
14845 -39204
14846 6868
14847 -15308
14848 17680
14849 39184
14850 -6848
14851 15296
14852 -17676
14853 -39204
14854 6852
14855 -15324
14856 17696
14857 39184
14858 -6832
14859 15312
14860 -17692
14861 -39204
14862 6836
14863 -15340
14864 17712
14865 39184
14866 -6816
14867 15328
14868 -17708
14869 -39204
14870 6820
14871 -15356
14872 17728
14873 39184
14874 -6800
14875 15344
14876 -17724
14877 -39204
14878 6804
14879 -15372
14880 17744
14881 39184
14882 -6784
14883 15360
14884 -17740
14885 -39204
14886 6788
14887 -15388
14888 17760
14889 39184
14890 -6768
14891 15376
14892 -17756
14893 -39204
14894 6772
14895 -15404
14896 17776
14897 39184
14898 -6752
14899 15392
14900 -17772
14901 -39204
14902 6756
14903 -15420
14904 17792
14905 39184
14906 -6736
14907 15408
14908 -17788
14909 -39204
14910 6740
14911 -15436
14912 17808
14913 39184
14914 -6720
14915 15424
14916 -17804
14917 -39204
14918 6724
14919 -15452
14920 17824
14921 39184
14922 -6704
14923 15440
14924 -17820
14925 -39204
14926 6708
14927 -15468
14928 17840
14929 39184
14930 -6688
14931 15456
14932 -17836
14933 -39204
14934 6692
14935 -15484
14936 17856
14937 39184
14938 -6672
14939 15472
14940 -17852
14941 -39204
14942 6676
14943 -15500
14944 17872
14945 39184
14946 -6656
14947 15488
14948 -17868
14949 -39204
14950 6660
14951 -15516
14952 17888
14953 39184
14954 -6640
14955 15504
14956 -17884
14957 -39204
14958 6644
14959 -15532
14960 17904
14961 39184
14962 -6624
14963 15520
14964 -17900
14965 -39204
14966 6628
14967 -15548
14968 17920
14969 39184
14970 -6608
14971 15536
14972 -17916
14973 -39204
14974 6612
14975 -15564
14976 17936
14977 39184
14978 -6592
14979 15552
14980 -17932
14981 -39204
14982 6596
14983 -15580
14984 17952
14985 39184
14986 -6576
14987 15568
14988 -17948
14989 -39204
14990 6580
14991 -15596
14992 17968
14993 39184
14994 -6560
14995 15584
14996 -17964
14997 -39204
14998 6564
14999 -15612
15000 17984
15001 39184
15002 -6544
15003 15600
15004 -17980
15005 -39204
15006 6548
15007 -15628
15008 18000
15009 39184
15010 -6528
15011 15616
15012 -17996
15013 -39204
15014 6532
15015 -15644
15016 18016
15017 39184
15018 -6512
15019 15632
15020 -18012
15021 -39204
15022 6516
15023 -15660
15024 18032
15025 39184
15026 -6496
15027 15648
15028 -18028
15029 -39204
15030 6500
15031 -15676
15032 18048
15033 39184
15034 -6480
15035 15664
15036 -18044
15037 -39204
15038 6484
15039 -15692
15040 18064
15041 39184
15042 -6464
15043 15680
15044 -18060
15045 -39204
15046 6468
15047 -15708
15048 18080
15049 39184
15050 -6448
15051 15696
15052 -18076
15053 -39204
15054 6452
15055 -15724
15056 18096
15057 39184
15058 -6432
15059 15712
15060 -18092
15061 -39204
15062 6436
15063 -15740
15064 18112
15065 39184
15066 -6416
15067 15728
15068 -18108
15069 -39204
15070 6420
15071 -15756
15072 18128
15073 39184
15074 -6400
15075 15744
15076 -18124
15077 -39204
15078 6404
15079 -15772
15080 18144
15081 39184
15082 -6384
15083 15760
15084 -18140
15085 -39204
15086 6388
15087 -15788
15088 18160
15089 39184
15090 -6368
15091 15776
15092 -18156
15093 -39204
15094 6372
15095 -15804
15096 18176
15097 39184
15098 -6352
15099 15792
15100 -18172
15101 -39204
15102 6356
15103 -15820
15104 18192
15105 39184
15106 -6336
15107 15808
15108 -18188
15109 -39204
15110 6340
15111 -15836
15112 18208
15113 39184
15114 -6320
15115 15824
15116 -18204
15117 -39204
15118 6324
15119 -15852
15120 18224
15121 39184
15122 -6304
15123 15840
15124 -18220
15125 -39204
15126 6308
15127 -15868
15128 18240
15129 39184
15130 -6288
15131 15856
15132 -18236
15133 -39204
15134 6292
15135 -15884
15136 18256
15137 39184
15138 -6272
15139 15872
15140 -18252
15141 -39204
15142 6276
15143 -15900
15144 18272
15145 39184
15146 -6256
15147 15888
15148 -18268
15149 -39204
15150 6260
15151 -15916
15152 18288
15153 39184
15154 -6240
15155 15904
15156 -18284
15157 -39204
15158 6244
15159 -15932
15160 18304
15161 39184
15162 -6224
15163 15920
15164 -18300
15165 -39204
15166 6228
15167 -15948
15168 18320
15169 39184
15170 -6208
15171 15936
15172 -18316
15173 -39204
15174 6212
15175 -15964
15176 18336
15177 39184
15178 -6192
15179 15952
15180 -18332
15181 -39204
15182 6196
15183 -15980
15184 18352
15185 39184
15186 -6176
15187 15968
15188 -18348
15189 -39204
15190 6180
15191 -15996
15192 18368
15193 39184
15194 -6160
15195 15984
15196 -18364
15197 -39204
15198 6164
15199 -16012
15200 18384
15201 39184
15202 -6144
15203 16000
15204 -18380
15205 -39204
15206 6148
15207 -16028
15208 18400
15209 39184
15210 -6128
15211 16016
15212 -18396
15213 -39204
15214 6132
15215 -16044
15216 18416
15217 39184
15218 -6112
15219 16032
15220 -18412
15221 -39204
15222 6116
15223 -16060
15224 18432
15225 39184
15226 -6096
15227 16048
15228 -18428
15229 -39204
15230 6100
15231 -16076
15232 18448
15233 39184
15234 -6080
15235 16064
15236 -18444
15237 -39204
15238 6084
15239 -16092
15240 18464
15241 39184
15242 -6064
15243 16080
15244 -18460
15245 -39204
15246 6068
15247 -16108
15248 18480
15249 39184
15250 -6048
15251 16096
15252 -18476
15253 -39204
15254 6052
15255 -16124
15256 18496
15257 39184
15258 -6032
15259 16112
15260 -18492
15261 -39204
15262 6036
15263 -16140
15264 18512
15265 39184
15266 -6016
15267 16128
15268 -18508
15269 -39204
15270 6020
15271 -16156
15272 18528
15273 39184
15274 -6000
15275 16144
15276 -18524
15277 -39204
15278 6004
15279 -16172
15280 18544
15281 39184
15282 -5984
15283 16160
15284 -18540
15285 -39204
15286 5988
15287 -16188
15288 18560
15289 39184
15290 -5968
15291 16176
15292 -18556
15293 -39204
15294 5972
15295 -16204
15296 18576
15297 39184
15298 -5952
15299 16192
15300 -18572
15301 -39204
15302 5956
15303 -16220
15304 18592
15305 39184
15306 -5936
15307 16208
15308 -18588
15309 -39204
15310 5940
15311 -16236
15312 18608
15313 39184
15314 -5920
15315 16224
15316 -18604
15317 -39204
15318 5924
15319 -16252
15320 18624
15321 39184
15322 -5904
15323 16240
15324 -18620
15325 -39204
15326 5908
15327 -16268
15328 18640
15329 39184
15330 -5888
15331 16256
15332 -18636
15333 -39204
15334 5892
15335 -16284
15336 18656
15337 39184
15338 -5872
15339 16272
15340 -18652
15341 -39204
15342 5876
15343 -16300
15344 18672
15345 39184
15346 -5856
15347 16288
15348 -18668
15349 -39204
15350 5860
15351 -16316
15352 18688
15353 39184
15354 -5840
15355 16304
15356 -18684
15357 -39204
15358 5844
15359 -16332
15360 18704
15361 39184
15362 -5824
15363 16320
15364 -18700
15365 -39204
15366 5828
15367 -16348
15368 18720
15369 39184
15370 -5808
15371 16336
15372 -18716
15373 -39204
15374 5812
15375 -16364
15376 18736
15377 39184
15378 -5792
15379 16352
15380 -18732
15381 -39204
15382 5796
15383 -16380
15384 18752
15385 39184
15386 -5776
15387 16368
15388 -18748
15389 -39204
15390 5780
15391 -16396
15392 18768
15393 39184
15394 -5760
15395 16384
15396 -18764
15397 -39204
15398 5764
15399 -16412
15400 18784
15401 39184
15402 -5744
15403 16400
15404 -18780
15405 -39204
15406 5748
15407 -16428
15408 18800
15409 39184
15410 -5728
15411 16416
15412 -18796
15413 -39204
15414 5732
15415 -16444
15416 18816
15417 39184
15418 -5712
15419 16432
15420 -18812
15421 -39204
15422 5716
15423 -16460
15424 18832
15425 39184
15426 -5696
15427 16448
15428 -18828
15429 -39204
15430 5700
15431 -16476
15432 18848
15433 39184
15434 -5680
15435 16464
15436 -18844
15437 -39204
15438 5684
15439 -16492
15440 18864
15441 39184
15442 -5664
15443 16480
15444 -18860
15445 -39204
15446 5668
15447 -16508
15448 18880
15449 39184
15450 -5648
15451 16496
15452 -18876
15453 -39204
15454 5652
15455 -16524
15456 18896
15457 39184
15458 -5632
15459 16512
15460 -18892
15461 -39204
15462 5636
15463 -16540
15464 18912
15465 39184
15466 -5616
15467 16528
15468 -18908
15469 -39204
15470 5620
15471 -16556
15472 18928
15473 39184
15474 -5600
15475 16544
15476 -18924
15477 -39204
15478 5604
15479 -16572
15480 18944
15481 39184
15482 -5584
15483 16560
15484 -18940
15485 -39204
15486 5588
15487 -16588
15488 18960
15489 39184
15490 -5568
15491 16576
15492 -18956
15493 -39204
15494 5572
15495 -16604
15496 18976
15497 39184
15498 -5552
15499 16592
15500 -18972
15501 -39204
15502 5556
15503 -16620
15504 18992
15505 39184
15506 -5536
15507 16608
15508 -18988
15509 -39204
15510 5540
15511 -16636
15512 19008
15513 39184
15514 -5520
15515 16624
15516 -19004
15517 -39204
15518 5524
15519 -16652
15520 19024
15521 39184
15522 -5504
15523 16640
15524 -19020
15525 -39204
15526 5508
15527 -16668
15528 19040
15529 39184
15530 -5488
15531 16656
15532 -19036
15533 -39204
15534 5492
15535 -16684
15536 19056
15537 39184
15538 -5472
15539 16672
15540 -19052
15541 -39204
15542 5476
15543 -16700
15544 19072
15545 39184
15546 -5456
15547 16688
15548 -19068
15549 -39204
15550 5460
15551 -16716
15552 19088
15553 39184
15554 -5440
15555 16704
15556 -19084
15557 -39204
15558 5444
15559 -16732
15560 19104
15561 39184
15562 -5424
15563 16720
15564 -19100
15565 -39204
15566 5428
15567 -16748
15568 19120
15569 39184
15570 -5408
15571 16736
15572 -19116
15573 -39204
15574 5412
15575 -16764
15576 19136
15577 39184
15578 -5392
15579 16752
15580 -19132
15581 -39204
15582 5396
15583 -16780
15584 19152
15585 39184
15586 -5376
15587 16768
15588 -19148
15589 -39204
15590 5380
15591 -16796
15592 19168
15593 39184
15594 -5360
15595 16784
15596 -19164
15597 -39204
15598 5364
15599 -16812
15600 19184
15601 39184
15602 -5344
15603 16800
15604 -19180
15605 -39204
15606 5348
15607 -16828
15608 19200
15609 39184
15610 -5328
15611 16816
15612 -19196
15613 -39204
15614 5332
15615 -16844
15616 19216
15617 39184
15618 -5312
15619 16832
15620 -19212
15621 -39204
15622 5316
15623 -16860
15624 19232
15625 39184
15626 -5296
15627 16848
15628 -19228
15629 -39204
15630 5300
15631 -16876
15632 19248
15633 39184
15634 -5280
15635 16864
15636 -19244
15637 -39204
15638 5284
15639 -16892
15640 19264
15641 39184
15642 -5264
15643 16880
15644 -19260
15645 -39204
15646 5268
15647 -16908
15648 19280
15649 39184
15650 -5248
15651 16896
15652 -19276
15653 -39204
15654 5252
15655 -16924
15656 19296
15657 39184
15658 -5232
15659 16912
15660 -19292
15661 -39204
15662 5236
15663 -16940
15664 19312
15665 39184
15666 -5216
15667 16928
15668 -19308
15669 -39204
15670 5220
15671 -16956
15672 19328
15673 39184
15674 -5200
15675 16944
15676 -19324
15677 -39204
15678 5204
15679 -16972
15680 19344
15681 39184
15682 -5184
15683 16960
15684 -19340
15685 -39204
15686 5188
15687 -16988
15688 19360
15689 39184
15690 -5168
15691 16976
15692 -19356
15693 -39204
15694 5172
15695 -17004
15696 19376
15697 39184
15698 -5152
15699 16992
15700 -19372
15701 -39204
15702 5156
15703 -17020
15704 19392
15705 39184
15706 -5136
15707 17008
15708 -19388
15709 -39204
15710 5140
15711 -17036
15712 19408
15713 39184
15714 -5120
15715 17024
15716 -19404
15717 -39204
15718 5124
15719 -17052
15720 19424
15721 39184
15722 -5104
15723 17040
15724 -19420
15725 -39204
15726 5108
15727 -17068
15728 19440
15729 39184
15730 -5088
15731 17056
15732 -19436
15733 -39204
15734 5092
15735 -17084
15736 19456
15737 39184
15738 -5072
15739 17072
15740 -19452
15741 -39204
15742 5076
15743 -17100
15744 19472
15745 39184
15746 -5056
15747 17088
15748 -19468
15749 -39204
15750 5060
15751 -17116
15752 19488
15753 39184
15754 -5040
15755 17104
15756 -19484
15757 -39204
15758 5044
15759 -17132
15760 19504
15761 39184
15762 -5024
15763 17120
15764 -19500
15765 -39204
15766 5028
15767 -17148
15768 19520
15769 39184
15770 -5008
15771 17136
15772 -19516
15773 -39204
15774 5012
15775 -17164
15776 19536
15777 39184
15778 -4992
15779 17152
15780 -19532
15781 -39204
15782 4996
15783 -17180
15784 19552
15785 39184
15786 -4976
15787 17168
15788 -19548
15789 -39204
15790 4980
15791 -17196
15792 19568
15793 39184
15794 -4960
15795 17184
15796 -19564
15797 -39204
15798 4964
15799 -17212
15800 19584
15801 39184
15802 -4944
15803 17200
15804 -19580
15805 -39204
15806 4948
15807 -17228
15808 19600
15809 39184
15810 -4928
15811 17216
15812 -19596
15813 -39204
15814 4932
15815 -17244
15816 19616
15817 39184
15818 -4912
15819 17232
15820 -19612
15821 -39204
15822 4916
15823 -17260
15824 19632
15825 39184
15826 -4896
15827 17248
15828 -19628
15829 -39204
15830 4900
15831 -17276
15832 19648
15833 39184
15834 -4880
15835 17264
15836 -19644
15837 -39204
15838 4884
15839 -17292
15840 19664
15841 39184
15842 -4864
15843 17280
15844 -19660
15845 -39204
15846 4868
15847 -17308
15848 19680
15849 39184
15850 -4848
15851 17296
15852 -19676
15853 -39204
15854 4852
15855 -17324
15856 19696
15857 39184
15858 -4832
15859 17312
15860 -19692
15861 -39204
15862 4836
15863 -17340
15864 19712
15865 39184
15866 -4816
15867 17328
15868 -19708
15869 -39204
15870 4820
15871 -17356
15872 19728
15873 39184
15874 -4800
15875 17344
15876 -19724
15877 -39204
15878 4804
15879 -17372
15880 19744
15881 39184
15882 -4784
15883 17360
15884 -19740
15885 -39204
15886 4788
15887 -17388
15888 19760
15889 39184
15890 -4768
15891 17376
15892 -19756
15893 -39204
15894 4772
15895 -17404
15896 19776
15897 39184
15898 -4752
15899 17392
15900 -19772
15901 -39204
15902 4756
15903 -17420
15904 19792
15905 39184
15906 -4736
15907 17408
15908 -19788
15909 -39204
15910 4740
15911 -17436
15912 19808
15913 39184
15914 -4720
15915 17424
15916 -19804
15917 -39204
15918 4724
15919 -17452
15920 19824
15921 39184
15922 -4704
15923 17440
15924 -19820
15925 -39204
15926 4708
15927 -17468
15928 19840
15929 39184
15930 -4688
15931 17456
15932 -19836
15933 -39204
15934 4692
15935 -17484
15936 19856
15937 39184
15938 -4672
15939 17472
15940 -19852
15941 -39204
15942 4676
15943 -17500
15944 19872
15945 39184
15946 -4656
15947 17488
15948 -19868
15949 -39204
15950 4660
15951 -17516
15952 19888
15953 39184
15954 -4640
15955 17504
15956 -19884
15957 -39204
15958 4644
15959 -17532
15960 19904
15961 39184
15962 -4624
15963 17520
15964 -19900
15965 -39204
15966 4628
15967 -17548
15968 19920
15969 39184
15970 -4608
15971 17536
15972 -19916
15973 -39204
15974 4612
15975 -17564
15976 19936
15977 39184
15978 -4592
15979 17552
15980 -19932
15981 -39204
15982 4596
15983 -17580
15984 19952
15985 39184
15986 -4576
15987 17568
15988 -19948
15989 -39204
15990 4580
15991 -17596
15992 19968
15993 39184
15994 -4560
15995 17584
15996 -19964
15997 -39204
15998 4564
15999 -17612
16000 19984
16001 39184
16002 -4544
16003 17600
16004 -19980
16005 -39204
16006 4548
16007 -17628
16008 20000
16009 39184
16010 -4528
16011 17616
16012 -19996
16013 -39204
16014 4532
16015 -17644
16016 20016
16017 39184
16018 -4512
16019 17632
16020 -20012
16021 -39204
16022 4516
16023 -17660
16024 20032
16025 39184
16026 -4496
16027 17648
16028 -20028
16029 -39204
16030 4500
16031 -17676
16032 20048
16033 39184
16034 -4480
16035 17664
16036 -20044
16037 -39204
16038 4484
16039 -17692
16040 20064
16041 39184
16042 -4464
16043 17680
16044 -20060
16045 -39204
16046 4468
16047 -17708
16048 20080
16049 39184
16050 -4448
16051 17696
16052 -20076
16053 -39204
16054 4452
16055 -17724
16056 20096
16057 39184
16058 -4432
16059 17712
16060 -20092
16061 -39204
16062 4436
16063 -17740
16064 20112
16065 39184
16066 -4416
16067 17728
16068 -20108
16069 -39204
16070 4420
16071 -17756
16072 20128
16073 39184
16074 -4400
16075 17744
16076 -20124
16077 -39204
16078 4404
16079 -17772
16080 20144
16081 39184
16082 -4384
16083 17760
16084 -20140
16085 -39204
16086 4388
16087 -17788
16088 20160
16089 39184
16090 -4368
16091 17776
16092 -20156
16093 -39204
16094 4372
16095 -17804
16096 20176
16097 39184
16098 -4352
16099 17792
16100 -20172
16101 -39204
16102 4356
16103 -17820
16104 20192
16105 39184
16106 -4336
16107 17808
16108 -20188
16109 -39204
16110 4340
16111 -17836
16112 20208
16113 39184
16114 -4320
16115 17824
16116 -20204
16117 -39204
16118 4324
16119 -17852
16120 20224
16121 39184
16122 -4304
16123 17840
16124 -20220
16125 -39204
16126 4308
16127 -17868
16128 20240
16129 39184
16130 -4288
16131 17856
16132 -20236
16133 -39204
16134 4292
16135 -17884
16136 20256
16137 39184
16138 -4272
16139 17872
16140 -20252
16141 -39204
16142 4276
16143 -17900
16144 20272
16145 39184
16146 -4256
16147 17888
16148 -20268
16149 -39204
16150 4260
16151 -17916
16152 20288
16153 39184
16154 -4240
16155 17904
16156 -20284
16157 -39204
16158 4244
16159 -17932
16160 20304
16161 39184
16162 -4224
16163 17920
16164 -20300
16165 -39204
16166 4228
16167 -17948
16168 20320
16169 39184
16170 -4208
16171 17936
16172 -20316
16173 -39204
16174 4212
16175 -17964
16176 20336
16177 39184
16178 -4192
16179 17952
16180 -20332
16181 -39204
16182 4196
16183 -17980
16184 20352
16185 39184
16186 -4176
16187 17968
16188 -20348
16189 -39204
16190 4180
16191 -17996
16192 20368
16193 39184
16194 -4160
16195 17984
16196 -20364
16197 -39204
16198 4164
16199 -18012
16200 20384
16201 39184
16202 -4144
16203 18000
16204 -20380
16205 -39204
16206 4148
16207 -18028
16208 20400
16209 39184
16210 -4128
16211 18016
16212 -20396
16213 -39204
16214 4132
16215 -18044
16216 20416
16217 39184
16218 -4112
16219 18032
16220 -20412
16221 -39204
16222 4116
16223 -18060
16224 20432
16225 39184
16226 -4096
16227 18048
16228 -20428
16229 -39204
16230 4100
16231 -18076
16232 20448
16233 39184
16234 -4080
16235 18064
16236 -20444
16237 -39204
16238 4084
16239 -18092
16240 20464
16241 39184
16242 -4064
16243 18080
16244 -20460
16245 -39204
16246 4068
16247 -18108
16248 20480
16249 39184
16250 -4048
16251 18096
16252 -20476
16253 -39204
16254 4052
16255 -18124
16256 20496
16257 39184
16258 -4032
16259 18112
16260 -20492
16261 -39204
16262 4036
16263 -18140
16264 20512
16265 39184
16266 -4016
16267 18128
16268 -20508
16269 -39204
16270 4020
16271 -18156
16272 20528
16273 39184
16274 -4000
16275 18144
16276 -20524
16277 -39204
16278 4004
16279 -18172
16280 20544
16281 39184
16282 -3984
16283 18160
16284 -20540
16285 -39204
16286 3988
16287 -18188
16288 20560
16289 39184
16290 -3968
16291 18176
16292 -20556
16293 -39204
16294 3972
16295 -18204
16296 20576
16297 39184
16298 -3952
16299 18192
16300 -20572
16301 -39204
16302 3956
16303 -18220
16304 20592
16305 39184
16306 -3936
16307 18208
16308 -20588
16309 -39204
16310 3940
16311 -18236
16312 20608
16313 39184
16314 -3920
16315 18224
16316 -20604
16317 -39204
16318 3924
16319 -18252
16320 20624
16321 39184
16322 -3904
16323 18240
16324 -20620
16325 -39204
16326 3908
16327 -18268
16328 20640
16329 39184
16330 -3888
16331 18256
16332 -20636
16333 -39204
16334 3892
16335 -18284
16336 20656
16337 39184
16338 -3872
16339 18272
16340 -20652
16341 -39204
16342 3876
16343 -18300
16344 20672
16345 39184
16346 -3856
16347 18288
16348 -20668
16349 -39204
16350 3860
16351 -18316
16352 20688
16353 39184
16354 -3840
16355 18304
16356 -20684
16357 -39204
16358 3844
16359 -18332
16360 20704
16361 39184
16362 -3824
16363 18320
16364 -20700
16365 -39204
16366 3828
16367 -18348
16368 20720
16369 39184
16370 -3808
16371 18336
16372 -20716
16373 -39204
16374 3812
16375 -18364
16376 20736
16377 39184
16378 -3792
16379 18352
16380 -20732
16381 -39204
16382 3796
16383 -18380
16384 20752
16385 39184
16386 -3776
16387 18368
16388 -20748
16389 -39204
16390 3780
16391 -18396
16392 20768
16393 39184
16394 -3760
16395 18384
16396 -20764
16397 -39204
16398 3764
16399 -18412
16400 20784
16401 39184
16402 -3744
16403 18400
16404 -20780
16405 -39204
16406 3748
16407 -18428
16408 20800
16409 39184
16410 -3728
16411 18416
16412 -20796
16413 -39204
16414 3732
16415 -18444
16416 20816
16417 39184
16418 -3712
16419 18432
16420 -20812
16421 -39204
16422 3716
16423 -18460
16424 20832
16425 39184
16426 -3696
16427 18448
16428 -20828
16429 -39204
16430 3700
16431 -18476
16432 20848
16433 39184
16434 -3680
16435 18464
16436 -20844
16437 -39204
16438 3684
16439 -18492
16440 20864
16441 39184
16442 -3664
16443 18480
16444 -20860
16445 -39204
16446 3668
16447 -18508
16448 20880
16449 39184
16450 -3648
16451 18496
16452 -20876
16453 -39204
16454 3652
16455 -18524
16456 20896
16457 39184
16458 -3632
16459 18512
16460 -20892
16461 -39204
16462 3636
16463 -18540
16464 20912
16465 39184
16466 -3616
16467 18528
16468 -20908
16469 -39204
16470 3620
16471 -18556
16472 20928
16473 39184
16474 -3600
16475 18544
16476 -20924
16477 -39204
16478 3604
16479 -18572
16480 20944
16481 39184
16482 -3584
16483 18560
16484 -20940
16485 -39204
16486 3588
16487 -18588
16488 20960
16489 39184
16490 -3568
16491 18576
16492 -20956
16493 -39204
16494 3572
16495 -18604
16496 20976
16497 39184
16498 -3552
16499 18592
16500 -20972
16501 -39204
16502 3556
16503 -18620
16504 20992
16505 39184
16506 -3536
16507 18608
16508 -20988
16509 -39204
16510 3540
16511 -18636
16512 21008
16513 39184
16514 -3520
16515 18624
16516 -21004
16517 -39204
16518 3524
16519 -18652
16520 21024
16521 39184
16522 -3504
16523 18640
16524 -21020
16525 -39204
16526 3508
16527 -18668
16528 21040
16529 39184
16530 -3488
16531 18656
16532 -21036
16533 -39204
16534 3492
16535 -18684
16536 21056
16537 39184
16538 -3472
16539 18672
16540 -21052
16541 -39204
16542 3476
16543 -18700
16544 21072
16545 39184
16546 -3456
16547 18688
16548 -21068
16549 -39204
16550 3460
16551 -18716
16552 21088
16553 39184
16554 -3440
16555 18704
16556 -21084
16557 -39204
16558 3444
16559 -18732
16560 21104
16561 39184
16562 -3424
16563 18720
16564 -21100
16565 -39204
16566 3428
16567 -18748
16568 21120
16569 39184
16570 -3408
16571 18736
16572 -21116
16573 -39204
16574 3412
16575 -18764
16576 21136
16577 39184
16578 -3392
16579 18752
16580 -21132
16581 -39204
16582 3396
16583 -18780
16584 21152
16585 39184
16586 -3376
16587 18768
16588 -21148
16589 -39204
16590 3380
16591 -18796
16592 21168
16593 39184
16594 -3360
16595 18784
16596 -21164
16597 -39204
16598 3364
16599 -18812
16600 21184
16601 39184
16602 -3344
16603 18800
16604 -21180
16605 -39204
16606 3348
16607 -18828
16608 21200
16609 39184
16610 -3328
16611 18816
16612 -21196
16613 -39204
16614 3332
16615 -18844
16616 21216
16617 39184
16618 -3312
16619 18832
16620 -21212
16621 -39204
16622 3316
16623 -18860
16624 21232
16625 39184
16626 -3296
16627 18848
16628 -21228
16629 -39204
16630 3300
16631 -18876
16632 21248
16633 39184
16634 -3280
16635 18864
16636 -21244
16637 -39204
16638 3284
16639 -18892
16640 21264
16641 39184
16642 -3264
16643 18880
16644 -21260
16645 -39204
16646 3268
16647 -18908
16648 21280
16649 39184
16650 -3248
16651 18896
16652 -21276
16653 -39204
16654 3252
16655 -18924
16656 21296
16657 39184
16658 -3232
16659 18912
16660 -21292
16661 -39204
16662 3236
16663 -18940
16664 21312
16665 39184
16666 -3216
16667 18928
16668 -21308
16669 -39204
16670 3220
16671 -18956
16672 21328
16673 39184
16674 -3200
16675 18944
16676 -21324
16677 -39204
16678 3204
16679 -18972
16680 21344
16681 39184
16682 -3184
16683 18960
16684 -21340
16685 -39204
16686 3188
16687 -18988
16688 21360
16689 39184
16690 -3168
16691 18976
16692 -21356
16693 -39204
16694 3172
16695 -19004
16696 21376
16697 39184
16698 -3152
16699 18992
16700 -21372
16701 -39204
16702 3156
16703 -19020
16704 21392
16705 39184
16706 -3136
16707 19008
16708 -21388
16709 -39204
16710 3140
16711 -19036
16712 21408
16713 39184
16714 -3120
16715 19024
16716 -21404
16717 -39204
16718 3124
16719 -19052
16720 21424
16721 39184
16722 -3104
16723 19040
16724 -21420
16725 -39204
16726 3108
16727 -19068
16728 21440
16729 39184
16730 -3088
16731 19056
16732 -21436
16733 -39204
16734 3092
16735 -19084
16736 21456
16737 39184
16738 -3072
16739 19072
16740 -21452
16741 -39204
16742 3076
16743 -19100
16744 21472
16745 39184
16746 -3056
16747 19088
16748 -21468
16749 -39204
16750 3060
16751 -19116
16752 21488
16753 39184
16754 -3040
16755 19104
16756 -21484
16757 -39204
16758 3044
16759 -19132
16760 21504
16761 39184
16762 -3024
16763 19120
16764 -21500
16765 -39204
16766 3028
16767 -19148
16768 21520
16769 39184
16770 -3008
16771 19136
16772 -21516
16773 -39204
16774 3012
16775 -19164
16776 21536
16777 39184
16778 -2992
16779 19152
16780 -21532
16781 -39204
16782 2996
16783 -19180
16784 21552
16785 39184
16786 -2976
16787 19168
16788 -21548
16789 -39204
16790 2980
16791 -19196
16792 21568
16793 39184
16794 -2960
16795 19184
16796 -21564
16797 -39204
16798 2964
16799 -19212
16800 21584
16801 39184
16802 -2944
16803 19200
16804 -21580
16805 -39204
16806 2948
16807 -19228
16808 21600
16809 39184
16810 -2928
16811 19216
16812 -21596
16813 -39204
16814 2932
16815 -19244
16816 21616
16817 39184
16818 -2912
16819 19232
16820 -21612
16821 -39204
16822 2916
16823 -19260
16824 21632
16825 39184
16826 -2896
16827 19248
16828 -21628
16829 -39204
16830 2900
16831 -19276
16832 21648
16833 39184
16834 -2880
16835 19264
16836 -21644
16837 -39204
16838 2884
16839 -19292
16840 21664
16841 39184
16842 -2864
16843 19280
16844 -21660
16845 -39204
16846 2868
16847 -19308
16848 21680
16849 39184
16850 -2848
16851 19296
16852 -21676
16853 -39204
16854 2852
16855 -19324
16856 21696
16857 39184
16858 -2832
16859 19312
16860 -21692
16861 -39204
16862 2836
16863 -19340
16864 21712
16865 39184
16866 -2816
16867 19328
16868 -21708
16869 -39204
16870 2820
16871 -19356
16872 21728
16873 39184
16874 -2800
16875 19344
16876 -21724
16877 -39204
16878 2804
16879 -19372
16880 21744
16881 39184
16882 -2784
16883 19360
16884 -21740
16885 -39204
16886 2788
16887 -19388
16888 21760
16889 39184
16890 -2768
16891 19376
16892 -21756
16893 -39204
16894 2772
16895 -19404
16896 21776
16897 39184
16898 -2752
16899 19392
16900 -21772
16901 -39204
16902 2756
16903 -19420
16904 21792
16905 39184
16906 -2736
16907 19408
16908 -21788
16909 -39204
16910 2740
16911 -19436
16912 21808
16913 39184
16914 -2720
16915 19424
16916 -21804
16917 -39204
16918 2724
16919 -19452
16920 21824
16921 39184
16922 -2704
16923 19440
16924 -21820
16925 -39204
16926 2708
16927 -19468
16928 21840
16929 39184
16930 -2688
16931 19456
16932 -21836
16933 -39204
16934 2692
16935 -19484
16936 21856
16937 39184
16938 -2672
16939 19472
16940 -21852
16941 -39204
16942 2676
16943 -19500
16944 21872
16945 39184
16946 -2656
16947 19488
16948 -21868
16949 -39204
16950 2660
16951 -19516
16952 21888
16953 39184
16954 -2640
16955 19504
16956 -21884
16957 -39204
16958 2644
16959 -19532
16960 21904
16961 39184
16962 -2624
16963 19520
16964 -21900
16965 -39204
16966 2628
16967 -19548
16968 21920
16969 39184
16970 -2608
16971 19536
16972 -21916
16973 -39204
16974 2612
16975 -19564
16976 21936
16977 39184
16978 -2592
16979 19552
16980 -21932
16981 -39204
16982 2596
16983 -19580
16984 21952
16985 39184
16986 -2576
16987 19568
16988 -21948
16989 -39204
16990 2580
16991 -19596
16992 21968
16993 39184
16994 -2560
16995 19584
16996 -21964
16997 -39204
16998 2564
16999 -19612
17000 21984
17001 39184
17002 -2544
17003 19600
17004 -21980
17005 -39204
17006 2548
17007 -19628
17008 22000
17009 39184
17010 -2528
17011 19616
17012 -21996
17013 -39204
17014 2532
17015 -19644
17016 22016
17017 39184
17018 -2512
17019 19632
17020 -22012
17021 -39204
17022 2516
17023 -19660
17024 22032
17025 39184
17026 -2496
17027 19648
17028 -22028
17029 -39204
17030 2500
17031 -19676
17032 22048
17033 39184
17034 -2480
17035 19664
17036 -22044
17037 -39204
17038 2484
17039 -19692
17040 22064
17041 39184
17042 -2464
17043 19680
17044 -22060
17045 -39204
17046 2468
17047 -19708
17048 22080
17049 39184
17050 -2448
17051 19696
17052 -22076
17053 -39204
17054 2452
17055 -19724
17056 22096
17057 39184
17058 -2432
17059 19712
17060 -22092
17061 -39204
17062 2436
17063 -19740
17064 22112
17065 39184
17066 -2416
17067 19728
17068 -22108
17069 -39204
17070 2420
17071 -19756
17072 22128
17073 39184
17074 -2400
17075 19744
17076 -22124
17077 -39204
17078 2404
17079 -19772
17080 22144
17081 39184
17082 -2384
17083 19760
17084 -22140
17085 -39204
17086 2388
17087 -19788
17088 22160
17089 39184
17090 -2368
17091 19776
17092 -22156
17093 -39204
17094 2372
17095 -19804
17096 22176
17097 39184
17098 -2352
17099 19792
17100 -22172
17101 -39204
17102 2356
17103 -19820
17104 22192
17105 39184
17106 -2336
17107 19808
17108 -22188
17109 -39204
17110 2340
17111 -19836
17112 22208
17113 39184
17114 -2320
17115 19824
17116 -22204
17117 -39204
17118 2324
17119 -19852
17120 22224
17121 39184
17122 -2304
17123 19840
17124 -22220
17125 -39204
17126 2308
17127 -19868
17128 22240
17129 39184
17130 -2288
17131 19856
17132 -22236
17133 -39204
17134 2292
17135 -19884
17136 22256
17137 39184
17138 -2272
17139 19872
17140 -22252
17141 -39204
17142 2276
17143 -19900
17144 22272
17145 39184
17146 -2256
17147 19888
17148 -22268
17149 -39204
17150 2260
17151 -19916
17152 22288
17153 39184
17154 -2240
17155 19904
17156 -22284
17157 -39204
17158 2244
17159 -19932
17160 22304
17161 39184
17162 -2224
17163 19920
17164 -22300
17165 -39204
17166 2228
17167 -19948
17168 22320
17169 39184
17170 -2208
17171 19936
17172 -22316
17173 -39204
17174 2212
17175 -19964
17176 22336
17177 39184
17178 -2192
17179 19952
17180 -22332
17181 -39204
17182 2196
17183 -19980
17184 22352
17185 39184
17186 -2176
17187 19968
17188 -22348
17189 -39204
17190 2180
17191 -19996
17192 22368
17193 39184
17194 -2160
17195 19984
17196 -22364
17197 -39204
17198 2164
17199 -20012
17200 22384
17201 39184
17202 -2144
17203 20000
17204 -22380
17205 -39204
17206 2148
17207 -20028
17208 22400
17209 39184
17210 -2128
17211 20016
17212 -22396
17213 -39204
17214 2132
17215 -20044
17216 22416
17217 39184
17218 -2112
17219 20032
17220 -22412
17221 -39204
17222 2116
17223 -20060
17224 22432
17225 39184
17226 -2096
17227 20048
17228 -22428
17229 -39204
17230 2100
17231 -20076
17232 22448
17233 39184
17234 -2080
17235 20064
17236 -22444
17237 -39204
17238 2084
17239 -20092
17240 22464
17241 39184
17242 -2064
17243 20080
17244 -22460
17245 -39204
17246 2068
17247 -20108
17248 22480
17249 39184
17250 -2048
17251 20096
17252 -22476
17253 -39204
17254 2052
17255 -20124
17256 22496
17257 39184
17258 -2032
17259 20112
17260 -22492
17261 -39204
17262 2036
17263 -20140
17264 22512
17265 39184
17266 -2016
17267 20128
17268 -22508
17269 -39204
17270 2020
17271 -20156
17272 22528
17273 39184
17274 -2000
17275 20144
17276 -22524
17277 -39204
17278 2004
17279 -20172
17280 22544
17281 39184
17282 -1984
17283 20160
17284 -22540
17285 -39204
17286 1988
17287 -20188
17288 22560
17289 39184
17290 -1968
17291 20176
17292 -22556
17293 -39204
17294 1972
17295 -20204
17296 22576
17297 39184
17298 -1952
17299 20192
17300 -22572
17301 -39204
17302 1956
17303 -20220
17304 22592
17305 39184
17306 -1936
17307 20208
17308 -22588
17309 -39204
17310 1940
17311 -20236
17312 22608
17313 39184
17314 -1920
17315 20224
17316 -22604
17317 -39204
17318 1924
17319 -20252
17320 22624
17321 39184
17322 -1904
17323 20240
17324 -22620
17325 -39204
17326 1908
17327 -20268
17328 22640
17329 39184
17330 -1888
17331 20256
17332 -22636
17333 -39204
17334 1892
17335 -20284
17336 22656
17337 39184
17338 -1872
17339 20272
17340 -22652
17341 -39204
17342 1876
17343 -20300
17344 22672
17345 39184
17346 -1856
17347 20288
17348 -22668
17349 -39204
17350 1860
17351 -20316
17352 22688
17353 39184
17354 -1840
17355 20304
17356 -22684
17357 -39204
17358 1844
17359 -20332
17360 22704
17361 39184
17362 -1824
17363 20320
17364 -22700
17365 -39204
17366 1828
17367 -20348
17368 22720
17369 39184
17370 -1808
17371 20336
17372 -22716
17373 -39204
17374 1812
17375 -20364
17376 22736
17377 39184
17378 -1792
17379 20352
17380 -22732
17381 -39204
17382 1796
17383 -20380
17384 22752
17385 39184
17386 -1776
17387 20368
17388 -22748
17389 -39204
17390 1780
17391 -20396
17392 22768
17393 39184
17394 -1760
17395 20384
17396 -22764
17397 -39204
17398 1764
17399 -20412
17400 22784
17401 39184
17402 -1744
17403 20400
17404 -22780
17405 -39204
17406 1748
17407 -20428
17408 22800
17409 39184
17410 -1728
17411 20416
17412 -22796
17413 -39204
17414 1732
17415 -20444
17416 22816
17417 39184
17418 -1712
17419 20432
17420 -22812
17421 -39204
17422 1716
17423 -20460
17424 22832
17425 39184
17426 -1696
17427 20448
17428 -22828
17429 -39204
17430 1700
17431 -20476
17432 22848
17433 39184
17434 -1680
17435 20464
17436 -22844
17437 -39204
17438 1684
17439 -20492
17440 22864
17441 39184
17442 -1664
17443 20480
17444 -22860
17445 -39204
17446 1668
17447 -20508
17448 22880
17449 39184
17450 -1648
17451 20496
17452 -22876
17453 -39204
17454 1652
17455 -20524
17456 22896
17457 39184
17458 -1632
17459 20512
17460 -22892
17461 -39204
17462 1636
17463 -20540
17464 22912
17465 39184
17466 -1616
17467 20528
17468 -22908
17469 -39204
17470 1620
17471 -20556
17472 22928
17473 39184
17474 -1600
17475 20544
17476 -22924
17477 -39204
17478 1604
17479 -20572
17480 22944
17481 39184
17482 -1584
17483 20560
17484 -22940
17485 -39204
17486 1588
17487 -20588
17488 22960
17489 39184
17490 -1568
17491 20576
17492 -22956
17493 -39204
17494 1572
17495 -20604
17496 22976
17497 39184
17498 -1552
17499 20592
17500 -22972
17501 -39204
17502 1556
17503 -20620
17504 22992
17505 39184
17506 -1536
17507 20608
17508 -22988
17509 -39204
17510 1540
17511 -20636
17512 23008
17513 39184
17514 -1520
17515 20624
17516 -23004
17517 -39204
17518 1524
17519 -20652
17520 23024
17521 39184
17522 -1504
17523 20640
17524 -23020
17525 -39204
17526 1508
17527 -20668
17528 23040
17529 39184
17530 -1488
17531 20656
17532 -23036
17533 -39204
17534 1492
17535 -20684
17536 23056
17537 39184
17538 -1472
17539 20672
17540 -23052
17541 -39204
17542 1476
17543 -20700
17544 23072
17545 39184
17546 -1456
17547 20688
17548 -23068
17549 -39204
17550 1460
17551 -20716
17552 23088
17553 39184
17554 -1440
17555 20704
17556 -23084
17557 -39204
17558 1444
17559 -20732
17560 23104
17561 39184
17562 -1424
17563 20720
17564 -23100
17565 -39204
17566 1428
17567 -20748
17568 23120
17569 39184
17570 -1408
17571 20736
17572 -23116
17573 -39204
17574 1412
17575 -20764
17576 23136
17577 39184
17578 -1392
17579 20752
17580 -23132
17581 -39204
17582 1396
17583 -20780
17584 23152
17585 39184
17586 -1376
17587 20768
17588 -23148
17589 -39204
17590 1380
17591 -20796
17592 23168
17593 39184
17594 -1360
17595 20784
17596 -23164
17597 -39204
17598 1364
17599 -20812
17600 23184
17601 39184
17602 -1344
17603 20800
17604 -23180
17605 -39204
17606 1348
17607 -20828
17608 23200
17609 39184
17610 -1328
17611 20816
17612 -23196
17613 -39204
17614 1332
17615 -20844
17616 23216
17617 39184
17618 -1312
17619 20832
17620 -23212
17621 -39204
17622 1316
17623 -20860
17624 23232
17625 39184
17626 -1296
17627 20848
17628 -23228
17629 -39204
17630 1300
17631 -20876
17632 23248
17633 39184
17634 -1280
17635 20864
17636 -23244
17637 -39204
17638 1284
17639 -20892
17640 23264
17641 39184
17642 -1264
17643 20880
17644 -23260
17645 -39204
17646 1268
17647 -20908
17648 23280
17649 39184
17650 -1248
17651 20896
17652 -23276
17653 -39204
17654 1252
17655 -20924
17656 23296
17657 39184
17658 -1232
17659 20912
17660 -23292
17661 -39204
17662 1236
17663 -20940
17664 23312
17665 39184
17666 -1216
17667 20928
17668 -23308
17669 -39204
17670 1220
17671 -20956
17672 23328
17673 39184
17674 -1200
17675 20944
17676 -23324
17677 -39204
17678 1204
17679 -20972
17680 23344
17681 39184
17682 -1184
17683 20960
17684 -23340
17685 -39204
17686 1188
17687 -20988
17688 23360
17689 39184
17690 -1168
17691 20976
17692 -23356
17693 -39204
17694 1172
17695 -21004
17696 23376
17697 39184
17698 -1152
17699 20992
17700 -23372
17701 -39204
17702 1156
17703 -21020
17704 23392
17705 39184
17706 -1136
17707 21008
17708 -23388
17709 -39204
17710 1140
17711 -21036
17712 23408
17713 39184
17714 -1120
17715 21024
17716 -23404
17717 -39204
17718 1124
17719 -21052
17720 23424
17721 39184
17722 -1104
17723 21040
17724 -23420
17725 -39204
17726 1108
17727 -21068
17728 23440
17729 39184
17730 -1088
17731 21056
17732 -23436
17733 -39204
17734 1092
17735 -21084
17736 23456
17737 39184
17738 -1072
17739 21072
17740 -23452
17741 -39204
17742 1076
17743 -21100
17744 23472
17745 39184
17746 -1056
17747 21088
17748 -23468
17749 -39204
17750 1060
17751 -21116
17752 23488
17753 39184
17754 -1040
17755 21104
17756 -23484
17757 -39204
17758 1044
17759 -21132
17760 23504
17761 39184
17762 -1024
17763 21120
17764 -23500
17765 -39204
17766 1028
17767 -21148
17768 23520
17769 39184
17770 -1008
17771 21136
17772 -23516
17773 -39204
17774 1012
17775 -21164
17776 23536
17777 39184
17778 -992
17779 21152
17780 -23532
17781 -39204
17782 996
17783 -21180
17784 23552
17785 39184
17786 -976
17787 21168
17788 -23548
17789 -39204
17790 980
17791 -21196
17792 23568
17793 39184
17794 -960
17795 21184
17796 -23564
17797 -39204
17798 964
17799 -21212
17800 23584
17801 39184
17802 -944
17803 21200
17804 -23580
17805 -39204
17806 948
17807 -21228
17808 23600
17809 39184
17810 -928
17811 21216
17812 -23596
17813 -39204
17814 932
17815 -21244
17816 23616
17817 39184
17818 -912
17819 21232
17820 -23612
17821 -39204
17822 916
17823 -21260
17824 23632
17825 39184
17826 -896
17827 21248
17828 -23628
17829 -39204
17830 900
17831 -21276
17832 23648
17833 39184
17834 -880
17835 21264
17836 -23644
17837 -39204
17838 884
17839 -21292
17840 23664
17841 39184
17842 -864
17843 21280
17844 -23660
17845 -39204
17846 868
17847 -21308
17848 23680
17849 39184
17850 -848
17851 21296
17852 -23676
17853 -39204
17854 852
17855 -21324
17856 23696
17857 39184
17858 -832
17859 21312
17860 -23692
17861 -39204
17862 836
17863 -21340
17864 23712
17865 39184
17866 -816
17867 21328
17868 -23708
17869 -39204
17870 820
17871 -21356
17872 23728
17873 39184
17874 -800
17875 21344
17876 -23724
17877 -39204
17878 804
17879 -21372
17880 23744
17881 39184
17882 -784
17883 21360
17884 -23740
17885 -39204
17886 788
17887 -21388
17888 23760
17889 39184
17890 -768
17891 21376
17892 -23756
17893 -39204
17894 772
17895 -21404
17896 23776
17897 39184
17898 -752
17899 21392
17900 -23772
17901 -39204
17902 756
17903 -21420
17904 23792
17905 39184
17906 -736
17907 21408
17908 -23788
17909 -39204
17910 740
17911 -21436
17912 23808
17913 39184
17914 -720
17915 21424
17916 -23804
17917 -39204
17918 724
17919 -21452
17920 23824
17921 39184
17922 -704
17923 21440
17924 -23820
17925 -39204
17926 708
17927 -21468
17928 23840
17929 39184
17930 -688
17931 21456
17932 -23836
17933 -39204
17934 692
17935 -21484
17936 23856
17937 39184
17938 -672
17939 21472
17940 -23852
17941 -39204
17942 676
17943 -21500
17944 23872
17945 39184
17946 -656
17947 21488
17948 -23868
17949 -39204
17950 660
17951 -21516
17952 23888
17953 39184
17954 -640
17955 21504
17956 -23884
17957 -39204
17958 644
17959 -21532
17960 23904
17961 39184
17962 -624
17963 21520
17964 -23900
17965 -39204
17966 628
17967 -21548
17968 23920
17969 39184
17970 -608
17971 21536
17972 -23916
17973 -39204
17974 612
17975 -21564
17976 23936
17977 39184
17978 -592
17979 21552
17980 -23932
17981 -39204
17982 596
17983 -21580
17984 23952
17985 39184
17986 -576
17987 21568
17988 -23948
17989 -39204
17990 580
17991 -21596
17992 23968
17993 39184
17994 -560
17995 21584
17996 -23964
17997 -39204
17998 564
17999 -21612
18000 23984
18001 39184
18002 -544
18003 21600
18004 -23980
18005 -39204
18006 548
18007 -21628
18008 24000
18009 39184
18010 -528
18011 21616
18012 -23996
18013 -39204
18014 532
18015 -21644
18016 24016
18017 39184
18018 -512
18019 21632
18020 -24012
18021 -39204
18022 516
18023 -21660
18024 24032
18025 39184
18026 -496
18027 21648
18028 -24028
18029 -39204
18030 500
18031 -21676
18032 24048
18033 39184
18034 -480
18035 21664
18036 -24044
18037 -39204
18038 484
18039 -21692
18040 24064
18041 39184
18042 -464
18043 21680
18044 -24060
18045 -39204
18046 468
18047 -21708
18048 24080
18049 39184
18050 -448
18051 21696
18052 -24076
18053 -39204
18054 452
18055 -21724
18056 24096
18057 39184
18058 -432
18059 21712
18060 -24092
18061 -39204
18062 436
18063 -21740
18064 24112
18065 39184
18066 -416
18067 21728
18068 -24108
18069 -39204
18070 420
18071 -21756
18072 24128
18073 39184
18074 -400
18075 21744
18076 -24124
18077 -39204
18078 404
18079 -21772
18080 24144
18081 39184
18082 -384
18083 21760
18084 -24140
18085 -39204
18086 388
18087 -21788
18088 24160
18089 39184
18090 -368
18091 21776
18092 -24156
18093 -39204
18094 372
18095 -21804
18096 24176
18097 39184
18098 -352
18099 21792
18100 -24172
18101 -39204
18102 356
18103 -21820
18104 24192
18105 39184
18106 -336
18107 21808
18108 -24188
18109 -39204
18110 340
18111 -21836
18112 24208
18113 39184
18114 -320
18115 21824
18116 -24204
18117 -39204
18118 324
18119 -21852
18120 24224
18121 39184
18122 -304
18123 21840
18124 -24220
18125 -39204
18126 308
18127 -21868
18128 24240
18129 39184
18130 -288
18131 21856
18132 -24236
18133 -39204
18134 292
18135 -21884
18136 24256
18137 39184
18138 -272
18139 21872
18140 -24252
18141 -39204
18142 276
18143 -21900
18144 24272
18145 39184
18146 -256
18147 21888
18148 -24268
18149 -39204
18150 260
18151 -21916
18152 24288
18153 39184
18154 -240
18155 21904
18156 -24284
18157 -39204
18158 244
18159 -21932
18160 24304
18161 39184
18162 -224
18163 21920
18164 -24300
18165 -39204
18166 228
18167 -21948
18168 24320
18169 39184
18170 -208
18171 21936
18172 -24316
18173 -39204
18174 212
18175 -21964
18176 24336
18177 39184
18178 -192
18179 21952
18180 -24332
18181 -39204
18182 196
18183 -21980
18184 24352
18185 39184
18186 -176
18187 21968
18188 -24348
18189 -39204
18190 180
18191 -21996
18192 24368
18193 39184
18194 -160
18195 21984
18196 -24364
18197 -39204
18198 164
18199 -22012
18200 24384
18201 39184
18202 -144
18203 22000
18204 -24380
18205 -39204
18206 148
18207 -22028
18208 24400
18209 39184
18210 -128
18211 22016
18212 -24396
18213 -39204
18214 132
18215 -22044
18216 24416
18217 39184
18218 -112
18219 22032
18220 -24412
18221 -39204
18222 116
18223 -22060
18224 24432
18225 39184
18226 -96
18227 22048
18228 -24428
18229 -39204
18230 100
18231 -22076
18232 24448
18233 39184
18234 -80
18235 22064
18236 -24444
18237 -39204
18238 84
18239 -22092
18240 24464
18241 39184
18242 -64
18243 22080
18244 -24460
18245 -39204
18246 68
18247 -22108
18248 24480
18249 39184
18250 -48
18251 22096
18252 -24476
18253 -39204
18254 52
18255 -22124
18256 24496
18257 39184
18258 -32
18259 22112
18260 -24492
18261 -39204
18262 36
18263 -22140
18264 24512
18265 39184
18266 -16
18267 22128
18268 -24508
18269 -39204
18270 20
18271 -22156
18272 24528
18273 39184
18274 24512
18275 -39188
18276 -16
18277 -22156
18278 -24540
18279 39200
18280 -12
18281 22176
18282 24528
18283 -39188
18284 0
18285 -22172
18286 -24556
18287 39200
18288 -28
18289 22192
18290 24544
18291 -39188
18292 16
18293 -22188
18294 -24572
18295 39200
18296 -44
18297 22208
18298 24560
18299 -39188
18300 32
18301 -22204
18302 -24588
18303 39200
18304 -60
18305 22224
18306 24576
18307 -39188
18308 48
18309 -22220
18310 -24604
18311 39200
18312 -76
18313 22240
18314 24592
18315 -39188
18316 64
18317 -22236
18318 -24620
18319 39200
18320 -92
18321 22256
18322 24608
18323 -39188
18324 80
18325 -22252
18326 -24636
18327 39200
18328 -108
18329 22272
18330 24624
18331 -39188
18332 96
18333 -22268
18334 -24652
18335 39200
18336 -124
18337 22288
18338 24640
18339 -39188
18340 112
18341 -22284
18342 -24668
18343 39200
18344 -140
18345 22304
18346 24656
18347 -39188
18348 128
18349 -22300
18350 -24684
18351 39200
18352 -156
18353 22320
18354 24672
18355 -39188
18356 144
18357 -22316
18358 -24700
18359 39200
18360 -172
18361 22336
18362 24688
18363 -39188
18364 160
18365 -22332
18366 -24716
18367 39200
18368 -188
18369 22352
18370 24704
18371 -39188
18372 176
18373 -22348
18374 -24732
18375 39200
18376 -204
18377 22368
18378 24720
18379 -39188
18380 192
18381 -22364
18382 -24748
18383 39200
18384 -220
18385 22384
18386 24736
18387 -39188
18388 208
18389 -22380
18390 -24764
18391 39200
18392 -236
18393 22400
18394 24752
18395 -39188
18396 224
18397 -22396
18398 -24780
18399 39200
18400 -252
18401 22416
18402 24768
18403 -39188
18404 240
18405 -22412
18406 -24796
18407 39200
18408 -268
18409 22432
18410 24784
18411 -39188
18412 256
18413 -22428
18414 -24812
18415 39200
18416 -284
18417 22448
18418 24800
18419 -39188
18420 272
18421 -22444
18422 -24828
18423 39200
18424 -300
18425 22464
18426 24816
18427 -39188
18428 288
18429 -22460
18430 -24844
18431 39200
18432 -316
18433 22480
18434 24832
18435 -39188
18436 304
18437 -22476
18438 -24860
18439 39200
18440 -332
18441 22496
18442 24848
18443 -39188
18444 320
18445 -22492
18446 -24876
18447 39200
18448 -348
18449 22512
18450 24864
18451 -39188
18452 336
18453 -22508
18454 -24892
18455 39200
18456 -364
18457 22528
18458 24880
18459 -39188
18460 352
18461 -22524
18462 -24908
18463 39200
18464 -380
18465 22544
18466 24896
18467 -39188
18468 368
18469 -22540
18470 -24924
18471 39200
18472 -396
18473 22560
18474 24912
18475 -39188
18476 384
18477 -22556
18478 -24940
18479 39200
18480 -412
18481 22576
18482 24928
18483 -39188
18484 400
18485 -22572
18486 -24956
18487 39200
18488 -428
18489 22592
18490 24944
18491 -39188
18492 416
18493 -22588
18494 -24972
18495 39200
18496 -444
18497 22608
18498 24960
18499 -39188
18500 432
18501 -22604
18502 -24988
18503 39200
18504 -460
18505 22624
18506 24976
18507 -39188
18508 448
18509 -22620
18510 -25004
18511 39200
18512 -476
18513 22640
18514 24992
18515 -39188
18516 464
18517 -22636
18518 -25020
18519 39200
18520 -492
18521 22656
18522 25008
18523 -39188
18524 480
18525 -22652
18526 -25036
18527 39200
18528 -508
18529 22672
18530 25024
18531 -39188
18532 496
18533 -22668
18534 -25052
18535 39200
18536 -524
18537 22688
18538 25040
18539 -39188
18540 512
18541 -22684
18542 -25068
18543 39200
18544 -540
18545 22704
18546 25056
18547 -39188
18548 528
18549 -22700
18550 -25084
18551 39200
18552 -556
18553 22720
18554 25072
18555 -39188
18556 544
18557 -22716
18558 -25100
18559 39200
18560 -572
18561 22736
18562 25088
18563 -39188
18564 560
18565 -22732
18566 -25116
18567 39200
18568 -588
18569 22752
18570 25104
18571 -39188
18572 576
18573 -22748
18574 -25132
18575 39200
18576 -604
18577 22768
18578 25120
18579 -39188
18580 592
18581 -22764
18582 -25148
18583 39200
18584 -620
18585 22784
18586 25136
18587 -39188
18588 608
18589 -22780
18590 -25164
18591 39200
18592 -636
18593 22800
18594 25152
18595 -39188
18596 624
18597 -22796
18598 -25180
18599 39200
18600 -652
18601 22816
18602 25168
18603 -39188
18604 640
18605 -22812
18606 -25196
18607 39200
18608 -668
18609 22832
18610 25184
18611 -39188
18612 656
18613 -22828
18614 -25212
18615 39200
18616 -684
18617 22848
18618 25200
18619 -39188
18620 672
18621 -22844
18622 -25228
18623 39200
18624 -700
18625 22864
18626 25216
18627 -39188
18628 688
18629 -22860
18630 -25244
18631 39200
18632 -716
18633 22880
18634 25232
18635 -39188
18636 704
18637 -22876
18638 -25260
18639 39200
18640 -732
18641 22896
18642 25248
18643 -39188
18644 720
18645 -22892
18646 -25276
18647 39200
18648 -748
18649 22912
18650 25264
18651 -39188
18652 736
18653 -22908
18654 -25292
18655 39200
18656 -764
18657 22928
18658 25280
18659 -39188
18660 752
18661 -22924
18662 -25308
18663 39200
18664 -780
18665 22944
18666 25296
18667 -39188
18668 768
18669 -22940
18670 -25324
18671 39200
18672 -796
18673 22960
18674 25312
18675 -39188
18676 784
18677 -22956
18678 -25340
18679 39200
18680 -812
18681 22976
18682 25328
18683 -39188
18684 800
18685 -22972
18686 -25356
18687 39200
18688 -828
18689 22992
18690 25344
18691 -39188
18692 816
18693 -22988
18694 -25372
18695 39200
18696 -844
18697 23008
18698 25360
18699 -39188
18700 832
18701 -23004
18702 -25388
18703 39200
18704 -860
18705 23024
18706 25376
18707 -39188
18708 848
18709 -23020
18710 -25404
18711 39200
18712 -876
18713 23040
18714 25392
18715 -39188
18716 864
18717 -23036
18718 -25420
18719 39200
18720 -892
18721 23056
18722 25408
18723 -39188
18724 880
18725 -23052
18726 -25436
18727 39200
18728 -908
18729 23072
18730 25424
18731 -39188
18732 896
18733 -23068
18734 -25452
18735 39200
18736 -924
18737 23088
18738 25440
18739 -39188
18740 912
18741 -23084
18742 -25468
18743 39200
18744 -940
18745 23104
18746 25456
18747 -39188
18748 928
18749 -23100
18750 -25484
18751 39200
18752 -956
18753 23120
18754 25472
18755 -39188
18756 944
18757 -23116
18758 -25500
18759 39200
18760 -972
18761 23136
18762 25488
18763 -39188
18764 960
18765 -23132
18766 -25516
18767 39200
18768 -988
18769 23152
18770 25504
18771 -39188
18772 976
18773 -23148
18774 -25532
18775 39200
18776 -1004
18777 23168
18778 25520
18779 -39188
18780 992
18781 -23164
18782 -25548
18783 39200
18784 -1020
18785 23184
18786 25536
18787 -39188
18788 1008
18789 -23180
18790 -25564
18791 39200
18792 -1036
18793 23200
18794 25552
18795 -39188
18796 1024
18797 -23196
18798 -25580
18799 39200
18800 -1052
18801 23216
18802 25568
18803 -39188
18804 1040
18805 -23212
18806 -25596
18807 39200
18808 -1068
18809 23232
18810 25584
18811 -39188
18812 1056
18813 -23228
18814 -25612
18815 39200
18816 -1084
18817 23248
18818 25600
18819 -39188
18820 1072
18821 -23244
18822 -25628
18823 39200
18824 -1100
18825 23264
18826 25616
18827 -39188
18828 1088
18829 -23260
18830 -25644
18831 39200
18832 -1116
18833 23280
18834 25632
18835 -39188
18836 1104
18837 -23276
18838 -25660
18839 39200
18840 -1132
18841 23296
18842 25648
18843 -39188
18844 1120
18845 -23292
18846 -25676
18847 39200
18848 -1148
18849 23312
18850 25664
18851 -39188
18852 1136
18853 -23308
18854 -25692
18855 39200
18856 -1164
18857 23328
18858 25680
18859 -39188
18860 1152
18861 -23324
18862 -25708
18863 39200
18864 -1180
18865 23344
18866 25696
18867 -39188
18868 1168
18869 -23340
18870 -25724
18871 39200
18872 -1196
18873 23360
18874 25712
18875 -39188
18876 1184
18877 -23356
18878 -25740
18879 39200
18880 -1212
18881 23376
18882 25728
18883 -39188
18884 1200
18885 -23372
18886 -25756
18887 39200
18888 -1228
18889 23392
18890 25744
18891 -39188
18892 1216
18893 -23388
18894 -25772
18895 39200
18896 -1244
18897 23408
18898 25760
18899 -39188
18900 1232
18901 -23404
18902 -25788
18903 39200
18904 -1260
18905 23424
18906 25776
18907 -39188
18908 1248
18909 -23420
18910 -25804
18911 39200
18912 -1276
18913 23440
18914 25792
18915 -39188
18916 1264
18917 -23436
18918 -25820
18919 39200
18920 -1292
18921 23456
18922 25808
18923 -39188
18924 1280
18925 -23452
18926 -25836
18927 39200
18928 -1308
18929 23472
18930 25824
18931 -39188
18932 1296
18933 -23468
18934 -25852
18935 39200
18936 -1324
18937 23488
18938 25840
18939 -39188
18940 1312
18941 -23484
18942 -25868
18943 39200
18944 -1340
18945 23504
18946 25856
18947 -39188
18948 1328
18949 -23500
18950 -25884
18951 39200
18952 -1356
18953 23520
18954 25872
18955 -39188
18956 1344
18957 -23516
18958 -25900
18959 39200
18960 -1372
18961 23536
18962 25888
18963 -39188
18964 1360
18965 -23532
18966 -25916
18967 39200
18968 -1388
18969 23552
18970 25904
18971 -39188
18972 1376
18973 -23548
18974 -25932
18975 39200
18976 -1404
18977 23568
18978 25920
18979 -39188
18980 1392
18981 -23564
18982 -25948
18983 39200
18984 -1420
18985 23584
18986 25936
18987 -39188























































































